Timestamp                       Thread     Type        Activity             PID    TTL  
2026-07-02 00:06:53.670658+0200 0x12842    Default     0x0                  5035   0    SpringBoard: (libxpc.dylib) [com.apple.xpc:connection] [0x11a994a80] invalidated because the client process (pid 5110) either cancelled the connection or exited
2026-07-02 00:06:53.670763+0200 0x12842    Error       0x0                  5035   0    SpringBoard: (BoardServices) [com.apple.BoardServices:XPCErrors] [S:39] Error received: Connection invalidated.
2026-07-02 00:06:57.144116+0200 0x123e9    Activity    0x9c9b2              4914   0    runningboardd: (RunningBoard) acquireAssertionWithDescriptor
2026-07-02 00:06:57.144174+0200 0x123e9    Default     0x9c9b2              4914   7    runningboardd: (RunningBoard) [com.apple.runningboard:ttl] Acquiring assertion targeting [app<com.apple.mobilecal((null))>:5109] from originator [app<com.apple.mobilecal((null))>:5109] with description <RBSAssertionDescriptor| "Shared Background Assertion 1 for com.apple.mobilecal" ID:4914-5109-616 target:5109 attributes:[
	<RBSLegacyAttribute| requestedReason:FinishTask reason:FinishTask flags:( PreventTaskSuspend )>,
	<RBSAcquisitionCompletionAttribute| policy:AfterValidation>
	]>
2026-07-02 00:06:57.144204+0200 0x123e9    Default     0x9c9b2              4914   7    runningboardd: (RunningBoard) [com.apple.runningboard:ttl] Assertion 4914-5109-616 (target:[app<com.apple.mobilecal((null))>:5109]) will be created as active as no start-time-defining assertions exist
2026-07-02 00:06:57.144261+0200 0x12b6d    Activity    0x9c9b3              4914   0    runningboardd: (RunningBoard) state update
2026-07-02 00:06:57.144345+0200 0x12b6d    Default     0x9c9b2              4914   7    runningboardd: (RunningBoard) [com.apple.runningboard:ttl] Attempting to rename power assertion 65535 for target app<com.apple.mobilecal((null))> to app<com.apple.mobilecal((null))>;4914-5035-601:Background Content Fetching (2);4914-5109-616:Shared Background Assertion 1 for com.apple.mobilecal(FinishTask)
2026-07-02 00:06:57.144375+0200 0x12b6f    Default     0x9c9b2              4914   0    runningboardd: (RunningBoard) [com.apple.runningboard:monitor] Calculated state for app<com.apple.mobilecal((null))>: running-active (role: NonUserInteractive) (endowments: (null))
2026-07-02 00:06:57.144445+0200 0x1298b    Activity    0x9c995              5035   0    SpringBoard: (RunningBoardServices) observedProcessStatesDidChange
2026-07-02 00:06:57.144482+0200 0x1298b    Default     0x9c995              5035   0    SpringBoard: (RunningBoardServices) [com.apple.runningboard:monitor] Received state update for 5109 (app<com.apple.mobilecal((null))>, running-active-NotVisible
2026-07-02 00:06:57.155567+0200 0x127e2    Default     0x0                  5035   0    SpringBoard: (FrontBoard) [com.apple.FrontBoard:Scene] [(FBSceneManager):sceneID:com.apple.mobilecal-B3FB1D32-032E-4DF8-95BD-5219EEB9F980] Received action(s): <FBSSceneSnapshotRequestAction: 0x13f50000>
2026-07-02 00:06:57.155596+0200 0x127e2    Activity    0x9c996              5035   0    SpringBoard: (SpringBoard) XBCapture
2026-07-02 00:06:57.155617+0200 0x127e2    Default     0x9c996              5035   0    SpringBoard: (SpringBoard) [com.apple.SpringBoard:SceneSnapshots] <SBSceneSnapshotRequestor: 0x10be4a6d0; debugName: LCD> [sceneID:com.apple.mobilecal-B3FB1D32-032E-4DF8-95BD-5219EEB9F980] Got FBSSceneSnapshotRequestTypePerform (0x11ae5bee0)
2026-07-02 00:06:57.155789+0200 0x127e2    Default     0x0                  5035   0    SpringBoard: (FrontBoard) [com.apple.FrontBoard:Scene] [(FBSceneManager):sceneID:com.apple.mobilecal-B3FB1D32-032E-4DF8-95BD-5219EEB9F980] Delegate <SBSceneManagerCoordinator: 0x10be498c0> handled action(s): <FBSSceneSnapshotRequestAction: 0x13f50000>
2026-07-02 00:06:57.206181+0200 0x1298b    Activity    0x9c997              5035   0    SpringBoard: (SplashBoard) XBCapture
2026-07-02 00:06:57.206238+0200 0x12997    Default     0x9c996              5035   0    SpringBoard: (SpringBoard) [com.apple.SplashBoard:FileManifest] [com.apple.mobilecal] START liquidating the old, as snapshot generation succeeded
2026-07-02 00:06:57.206248+0200 0x12997    Default     0x9c996              5035   0    SpringBoard: (SpringBoard) [com.apple.SplashBoard:FileManifest] [com.apple.mobilecal] deleting old snapshots: (
)
2026-07-02 00:06:57.206254+0200 0x12997    Activity    0x9c998              5035   0    SpringBoard: (SplashBoard) XBCapture
2026-07-02 00:06:57.206299+0200 0x12997    Default     0x9c996              5035   0    SpringBoard: (SpringBoard) [com.apple.SplashBoard:FileManifest] [com.apple.mobilecal] deleting old suspend snapshots using predicate: <XBApplicationSnapshotPredicate: 0x11ef7c3e0> {
    name = SBSuspendSnapshot;
    contentTypeMask = SceneContent;
}
2026-07-02 00:06:57.206363+0200 0x12997    Activity    0x9c999              5035   0    SpringBoard: (SplashBoard) XBCapture
2026-07-02 00:06:57.206382+0200 0x12997    Default     0x9c996              5035   0    SpringBoard: (SpringBoard) [com.apple.SplashBoard:FileManifest] [com.apple.mobilecal] STOP liquidating the old
2026-07-02 00:06:57.206400+0200 0x12997    Default     0x9c996              5035   0    SpringBoard: (SpringBoard) [com.apple.SpringBoard:SceneSnapshots] <SBSceneSnapshotRequestor: 0x10be4a6d0; debugName: LCD> [sceneID:com.apple.mobilecal-B3FB1D32-032E-4DF8-95BD-5219EEB9F980] Snapshot request (0x11ae5bee0) complete with error: 0
2026-07-02 00:06:57.207252+0200 0x128aa    Default     0x9c996              5035   0    SpringBoard: (SplashBoard) [com.apple.SplashBoard:FileManifest] <XBApplicationSnapshotManifestImpl: 0x11f298400> [com.apple.mobilecal] Snapshot data for <XBApplicationSnapshot: 0x11ed6e300; …E3E95D6D4430> [com.apple.mobilecal] written to file: /Users/miguelito/Library/Developer/CoreSimulator/Devices/A0AA6D6A-0B56-46BF-ACF4-378FDCADA106/data/Containers/Data/Application/AE3CD884-EE50-44E1-87DD-0064F4852275/Library/SplashBoard/Snapshots/sceneID:com.apple.mobilecal-B3FB1D32-032E-4DF8-95BD-5219EEB9F980/E263F1DA-1AA2-44B7-9883-E3E95D6D4430@3x.ktx
2026-07-02 00:06:57.207797+0200 0x123e9    Activity    0x9c9b4              4914   0    runningboardd: (RunningBoard) invalidateAssertionWithIdentifier
2026-07-02 00:06:57.207816+0200 0x123e9    Default     0x9c9b4              4914   7    runningboardd: (RunningBoard) [com.apple.runningboard:ttl] Invalidating assertion 4914-5109-616 (target:[app<com.apple.mobilecal((null))>:5109]) from originator [app<com.apple.mobilecal((null))>:5109]
2026-07-02 00:06:57.208916+0200 0x12b6f    Activity    0x9c9b5              4914   0    runningboardd: (RunningBoard) acquireAssertionWithDescriptor
2026-07-02 00:06:57.208969+0200 0x12b6f    Default     0x9c9b5              4914   7    runningboardd: (RunningBoard) [com.apple.runningboard:ttl] Acquiring assertion targeting [app<com.apple.mobilecal((null))>:5109] from originator [app<com.apple.mobilecal((null))>:5109] with description <RBSAssertionDescriptor| "Shared Background Assertion 2 for com.apple.mobilecal" ID:4914-5109-617 target:5109 attributes:[
	<RBSLegacyAttribute| requestedReason:FinishTask reason:FinishTask flags:( PreventTaskSuspend )>,
	<RBSAcquisitionCompletionAttribute| policy:AfterValidation>
	]>
2026-07-02 00:06:57.208997+0200 0x12b6f    Default     0x9c9b5              4914   7    runningboardd: (RunningBoard) [com.apple.runningboard:ttl] Assertion 4914-5109-617 (target:[app<com.apple.mobilecal((null))>:5109]) will be created as active as no start-time-defining assertions exist
2026-07-02 00:06:57.209052+0200 0x12b6e    Activity    0x9c9b6              4914   0    runningboardd: (RunningBoard) state update
2026-07-02 00:06:57.209140+0200 0x12b6e    Default     0x9c9b5              4914   7    runningboardd: (RunningBoard) [com.apple.runningboard:ttl] Attempting to rename power assertion 65535 for target app<com.apple.mobilecal((null))> to app<com.apple.mobilecal((null))>;4914-5035-601:Background Content Fetching (2);4914-5109-616:Shared Background Assertion 1 for com.apple.mobilecal(FinishTask);4914-5109-617:Shared Background Assertion 2 for com.apple.mobilecal(FinishTask)
2026-07-02 00:06:57.209160+0200 0x12b6d    Default     0x9c9b5              4914   0    runningboardd: (RunningBoard) [com.apple.runningboard:monitor] Calculated state for app<com.apple.mobilecal((null))>: running-active (role: NonUserInteractive) (endowments: (null))
2026-07-02 00:06:57.209247+0200 0x12886    Activity    0x9c99a              5035   0    SpringBoard: (RunningBoardServices) observedProcessStatesDidChange
2026-07-02 00:06:57.209284+0200 0x12886    Default     0x9c99a              5035   0    SpringBoard: (RunningBoardServices) [com.apple.runningboard:monitor] Received state update for 5109 (app<com.apple.mobilecal((null))>, running-active-NotVisible
2026-07-02 00:06:57.209343+0200 0x12997    Default     0x0                  5035   0    SpringBoard: (SpringBoard) [com.apple.SpringBoard:Common] Finished <SBBackgroundFetchTask: app<com.apple.mobilecal((null))>; seq: 2> with result: NoNewDataAvailable
2026-07-02 00:06:57.209424+0200 0x12b6d    Activity    0x9c9b7              4914   0    runningboardd: (RunningBoard) invalidateAssertionWithIdentifier
2026-07-02 00:06:57.209449+0200 0x12b6d    Default     0x9c9b7              4914   7    runningboardd: (RunningBoard) [com.apple.runningboard:ttl] Invalidating assertion 4914-5035-601 (target:[app<com.apple.mobilecal((null))>:5109]) from originator [osservice<com.apple.SpringBoard>:5035]
2026-07-02 00:06:57.210314+0200 0x1298b    Fault       0x9c99b              5035   14   SpringBoard: (IOSurface) IOSurfaceQueryTransactionList got non-success return from kernel
2026-07-02 00:06:57.210314+0200 0x1298b    Activity    0x9c99b              5035   0    SpringBoard: (libsystem_trace.dylib) Activity for state dumps
2026-07-02 00:06:57.210459+0200 0x0        State       0x9c99b              5035   14   SpringBoard: (21AB2359-DEEC-3444-94FE-B7257E43BE34) IOHIDManager State
{
    DispatchQueue = 0;
    RunLoop = 1;
    createOptions = 0;
    isOpen = 0;
    openOptions = 0;
}
2026-07-02 00:06:57.210642+0200 0x0        State       0x9c99b              5035   14   SpringBoard: (40710312-8A06-3D69-BA85-194E3F3A3704) BLSHLocalAssertionService
activeAssertions: [
    1: <BLSAssertion: 0x106fc19d0; state: acquired; acquired: 42284146783 approx:00:06:36.859; duration: 20 s 352ms; descriptor: <BLSAssertionDescriptor: 0x10bd3d8a0; explanation: "alwaysFillFlipbook default set"> attributes = {
    <BLSAlwaysFillFlipbookAttribute: 0x106f39660>;
}; identifier: <BLSAssertionIdentifier: 0x10bd3d940; clientPid: 5035; hostPid: 5035; count: 2>; service: 0x10bc8be20; observerCount: 0>;
]; pausedAssertions: [
]; longHeldAssertions: [
]
2026-07-02 00:06:57.210655+0200 0x0        State       0x9c99b              5035   14   SpringBoard: (40710312-8A06-3D69-BA85-194E3F3A3704) BLSHServiceBudget
enabled
2026-07-02 00:06:57.210687+0200 0x0        State       0x9c99b              5035   14   SpringBoard: (40710312-8A06-3D69-BA85-194E3F3A3704) BLSHBacklightDisplayStateMachine
<BLSHBacklightDisplayStateMachine: 0x106ea3d80; displayMode: Live; transitioning: NO; prewarmedDisplayMode: Live; liveAssertion: <SWSystemActivityAssertion: 0x10d15fa20; identifier: BacklightServices.liveRendering; state: 4; assertionID: 1>; caDisplayState: on; cbDisplayMode: ActiveOn; cbFlipbookState: 3>
2026-07-02 00:06:57.210705+0200 0x0        State       0x9c99b              5035   14   SpringBoard: (40710312-8A06-3D69-BA85-194E3F3A3704) BLSHAlwaysOnPresentationEngine
<BLSHAlwaysOnPresentationEngine: 0x10bd1d7c0; onStandby: YES; suppressed: NO; backlightState: stopped; renderFlipbookSession: 0x0; sleepActionState: Idle; fillState: Awake; powerSavingsEnabled> lastRequestInterval: <nil>
2026-07-02 00:06:57.210780+0200 0x0        State       0x9c99b              5035   14   SpringBoard: (40710312-8A06-3D69-BA85-194E3F3A3704) BLSHBacklightTransitionStateMachine
<BLSHBacklightTransitionStateMachine: 0x10bd1d680; backlightState: ActiveOn for 19 s since 00:06:37.940; flipbookState: Off; flipbookState (immediate-engine): Off; currentState: <BLSHBacklightAggregateState: 0x10bd3cae0; displayMode: Live; presentation: 0x0>; targetState: <BLSHBacklightMutableTargetState: 0x11edb4c60; displayMode: Live; presentation: 0x0>; pendingEventToPerform: 0x0; pendingUpdateDisplayMode: 0x0; pendingUpdatePresentation: 0x0; pendingUpdateToSpecifier: 0x0; ensureFlipbookCurrentOperation: 0x0; queuedEvents: <__NSArrayM 0x106caa8b0>(

)
; pendingPrewarmedEvent: 0x0>
2026-07-02 00:06:57.211193+0200 0x0        State       0x9c99b              5035   14   SpringBoard: (21AB2359-DEEC-3444-94FE-B7257E43BE34) IOHIDManager State
{
    DispatchQueue = 0;
    RunLoop = 1;
    createOptions = 0;
    isOpen = 0;
    openOptions = 0;
}
2026-07-02 00:06:57.211622+0200 0x0        State       0x9c99b              5035   14   SpringBoard: (21AB2359-DEEC-3444-94FE-B7257E43BE34) IOHIDManager State
{
    DispatchQueue = 0;
    RunLoop = 1;
    createOptions = 0;
    isOpen = 0;
    openOptions = 0;
}
2026-07-02 00:06:57.211677+0200 0x0        State       0x9c99b              5035   14   SpringBoard: (21AB2359-DEEC-3444-94FE-B7257E43BE34) IOHIDManager State
{
    DispatchQueue = 0;
    RunLoop = 1;
    createOptions = 0;
    isOpen = 0;
    openOptions = 0;
}
2026-07-02 00:06:57.211774+0200 0x0        State       0x9c99b              5035   14   SpringBoard: (7D813155-8C9C-3F02-B5AA-234349C93FF6) TCC Authorization Cache
{
}
2026-07-02 00:06:57.211954+0200 0x0        State       0x9c99b              5035   14   SpringBoard: (438B9CA3-9602-3367-90E2-8A0D745CC6C7) CLLocationManagerStateTracker

2026-07-02 00:06:57.212355+0200 0x0        State       0x9c99b              5035   14   SpringBoard: (21AB2359-DEEC-3444-94FE-B7257E43BE34) IOHIDManager State
{
    DispatchQueue = 0;
    RunLoop = 1;
    createOptions = 0;
    isOpen = 0;
    openOptions = 0;
}
2026-07-02 00:06:57.212406+0200 0x0        State       0x9c99b              5035   14   SpringBoard: (21AB2359-DEEC-3444-94FE-B7257E43BE34) IOHIDManager State
{
    DispatchQueue = 0;
    RunLoop = 1;
    createOptions = 0;
    isOpen = 0;
    openOptions = 0;
}
2026-07-02 00:06:57.213895+0200 0x1298b    Default     0x9c996              5035   0    SpringBoard: (CoreVideo) Pixel format registry initialized. Constant classes enabled.
2026-07-02 00:06:57.215578+0200 0x12b6f    Activity    0x9c9b8              4914   0    runningboardd: (RunningBoard) limitationsForInstance
2026-07-02 00:06:57.232495+0200 0x12b6f    Activity    0x9c9b9              4914   0    runningboardd: (RunningBoard) limitationsForInstance
2026-07-02 00:06:57.235207+0200 0x128aa    Default     0x9c996              5035   0    SpringBoard: (SplashBoard) [com.apple.SplashBoard:FileManifest] <XBApplicationSnapshotManifestImpl: 0x11f298400> [com.apple.mobilecal] Snapshot data for <XBApplicationSnapshot: 0x11ed6e140; …45632CE3C99C> [com.apple.mobilecal] written to file: /Users/miguelito/Library/Developer/CoreSimulator/Devices/A0AA6D6A-0B56-46BF-ACF4-378FDCADA106/data/Containers/Data/Application/AE3CD884-EE50-44E1-87DD-0064F4852275/Library/SplashBoard/Snapshots/sceneID:com.apple.mobilecal-B3FB1D32-032E-4DF8-95BD-5219EEB9F980/downscaled/7CBA1905-07AF-476F-85F8-45632CE3C99C@3x.ktx
2026-07-02 00:06:57.249052+0200 0x12b6f    Activity    0x9c9ba              4914   0    runningboardd: (RunningBoard) limitationsForInstance
2026-07-02 00:06:57.251642+0200 0x12b6f    Activity    0x9c9bb              4914   0    runningboardd: (RunningBoard) incoming connection
2026-07-02 00:06:57.251654+0200 0x12b6f    Default     0x9c9bb              4914   0    runningboardd: (RunningBoard) [com.apple.runningboard:connection] Incoming connection from 5108, user 501/501
2026-07-02 00:06:57.251739+0200 0x12b6f    Default     0x9c9bb              4914   0    runningboardd: (RunningBoard) [com.apple.runningboard:process] _resolveProcessWithIdentifier pid 5108 euid 501 auid 501
2026-07-02 00:06:57.251748+0200 0x12b6f    Default     0x9c9bb              4914   0    runningboardd: (RunningBoard) [com.apple.runningboard:process] Resolved pid 5108 to [osservice<com.apple.FileCoordination>:5108]
2026-07-02 00:06:57.251759+0200 0x12b6f    Default     0x9c9bb              4914   7    runningboardd: (RunningBoard) [com.apple.runningboard:ttl] existingInstance is: (null)
2026-07-02 00:06:57.251778+0200 0x12b6f    Error       0x9c9bb              4914   0    runningboardd: (RunningBoard) [com.apple.runningboard:jetsam] memorystatus_control error: MEMORYSTATUS_CMD_CONVERT_MEMLIMIT_MB(-1) returned -1 1 (Operation not permitted)
2026-07-02 00:06:57.251783+0200 0x12b6f    Error       0x9c9bb              4914   0    runningboardd: (RunningBoard) [com.apple.runningboard:jetsam] memorystatus_control error: MEMORYSTATUS_CMD_CONVERT_MEMLIMIT_MB(0) returned -1 1 (Operation not permitted)
2026-07-02 00:06:57.252104+0200 0x12b6f    Default     0x9c9bb              4914   0    runningboardd: (RunningBoardServices) [com.apple.runningboard:general] Full encoding handle [osservice<com.apple.FileCoordination>:5108], with data 507a2df3000013f4, and pid 5108
2026-07-02 00:06:57.252165+0200 0x12b6f    Default     0x9c9bb              4914   0    runningboardd: (RunningBoard) [com.apple.runningboard:process] [osservice<com.apple.FileCoordination>:5108] is not RunningBoard jetsam managed.
2026-07-02 00:06:57.252171+0200 0x12b6f    Default     0x9c9bb              4914   0    runningboardd: (RunningBoard) [com.apple.runningboard:process] [osservice<com.apple.FileCoordination>:5108] This process will not be managed.
2026-07-02 00:06:57.252175+0200 0x12b6f    Default     0x9c9bb              4914   7    runningboardd: (RunningBoard) [com.apple.runningboard:ttl] Now tracking process: [osservice<com.apple.FileCoordination>:5108]
2026-07-02 00:06:57.252180+0200 0x12b6f    Default     0x9c9bb              4914   7    runningboardd: (RunningBoard) [com.apple.runningboard:ttl] Existing process in RBProcessIndex is: (null)
2026-07-02 00:06:57.252184+0200 0x12b6f    Default     0x9c9bb              4914   7    runningboardd: (RunningBoard) [com.apple.runningboard:ttl] existingProcess in RBProcessManager is: (null)
2026-07-02 00:06:57.252189+0200 0x12b6f    Default     0x9c9bb              4914   0    runningboardd: (RunningBoard) [com.apple.runningboard:general] Process HWM C 99(99) P 121(121) A 36(174) M 16(16)
2026-07-02 00:06:57.252197+0200 0x12b6f    Default     0x9c9bb              4914   7    runningboardd: (RunningBoard) [com.apple.runningboard:ttl] Existing process in RBProcessIndex is: (null)
2026-07-02 00:06:57.252218+0200 0x123e9    Default     0x9c9bb              4914   7    runningboardd: (RunningBoard) [com.apple.runningboard:ttl] Existing process in RBProcessIndex is: (null)
2026-07-02 00:06:57.252222+0200 0x12b6f    Default     0x9c9bb              4914   7    runningboardd: (RunningBoard) [com.apple.runningboard:ttl] Existing process in RBProcessIndex is: (null)
2026-07-02 00:06:57.252301+0200 0x12b6f    Default     0x9c9bb              4914   0    runningboardd: (AppServerSupport) [com.apple.libxpc.OSLaunchdJob:all] <OSLaunchdJob | handle=017AB1CB-8785-471C-B9E1-F647B2389734>: copyJobWithPid:5108 created a job
2026-07-02 00:06:57.252393+0200 0x12997    Activity    0x9c99c              5035   0    SpringBoard: (RunningBoardServices) observedProcessStatesDidChange
2026-07-02 00:06:57.252395+0200 0x123e9    Default     0x9c9bb              4914   0    runningboardd: (AppServerSupport) [com.apple.libxpc.OSLaunchdJob:all] <OSLaunchdJob | handle=017AB1CB-8785-471C-B9E1-F647B2389734>: monitor initial info is running, pid=5108
2026-07-02 00:06:57.252418+0200 0x123e9    Default     0x9c9bb              4914   0    runningboardd: (RunningBoard) [com.apple.runningboard:general] [osservice<com.apple.FileCoordination>:5108] reported to RB as running
2026-07-02 00:06:57.252425+0200 0x123e9    Default     0x9c9bb              4914   0    runningboardd: (AppServerSupport) [com.apple.libxpc.OSLaunchdJob:all] <OSLaunchdJob | handle=017AB1CB-8785-471C-B9E1-F647B2389734>: starting monitoring
2026-07-02 00:06:57.252443+0200 0x12b6f    Default     0x9c9bb              4914   0    runningboardd: (RunningBoard) [com.apple.runningboard:general] Client HWM C 100(100) P 121(121) A 36(174) M 16(16)
2026-07-02 00:06:57.252452+0200 0x12b6f    Default     0x9c9bb              4914   0    runningboardd: (libxpc.dylib) [com.apple.xpc:connection] [0x1058e7180] activating connection: mach=false listener=false peer=true name=com.apple.runningboard.peer[5108].0x1058e7180
2026-07-02 00:06:57.252455+0200 0x12b6d    Activity    0x9c9bc              4914   0    runningboardd: (RunningBoard) lookupHandleForKey
2026-07-02 00:06:57.252560+0200 0x12b6d    Activity    0x9c9bd              4914   0    runningboardd: (RunningBoard) handshakeWithRequest
2026-07-02 00:06:57.252567+0200 0x12b6d    Default     0x9c9bd              4914   0    runningboardd: (RunningBoard) [com.apple.runningboard:connection] Setting client for [osservice<com.apple.FileCoordination>:5108] as ready
2026-07-02 00:06:57.252592+0200 0x12b6d    Default     0x9c9bd              4914   0    runningboardd: (RunningBoard) [com.apple.runningboard:connection] Received handshake request from 5108 with 0 assertion descriptors
2026-07-02 00:06:57.252592+0200 0x12997    Default     0x9c99c              5035   0    SpringBoard: (RunningBoardServices) [com.apple.runningboard:process] Hit the server for a process handle 107a2df3000013f4 that resolved to: [osservice<com.apple.FileCoordination>:5108]
2026-07-02 00:06:57.252615+0200 0x12997    Default     0x9c99c              5035   0    SpringBoard: (RunningBoardServices) [com.apple.runningboard:monitor] Received state update for 5108 (osservice<com.apple.FileCoordination>, running-NotVisible
2026-07-02 00:06:57.252620+0200 0x12b6d    Default     0x9c9bd              4914   0    runningboardd: (RunningBoard) [com.apple.runningboard:connection] Handshake successful with 5108; sending response
2026-07-02 00:06:57.252722+0200 0x12b6d    Activity    0x9c9be              4914   0    runningboardd: (RunningBoard) statesForPredicate
2026-07-02 00:06:57.252966+0200 0x12b6d    Activity    0x9c9bf              4914   0    runningboardd: (RunningBoard) subscribeToProcessStateChangesWithConfiguration
2026-07-02 00:06:57.252976+0200 0x12b6d    Default     0x9c9bf              4914   0    runningboardd: (RunningBoard) [com.apple.runningboard:general] Monitor HWM C 100(100) P 121(121) A 36(174) M 17(17)
2026-07-02 00:06:57.267949+0200 0x12b6f    Activity    0x9cac0              4914   0    runningboardd: (RunningBoard) subscribeToProcessStateChangesWithConfiguration
2026-07-02 00:06:57.269003+0200 0x12b6f    Activity    0x9cac1              4914   0    runningboardd: (RunningBoard) incoming connection
2026-07-02 00:06:57.269013+0200 0x12b6f    Default     0x9cac1              4914   0    runningboardd: (RunningBoard) [com.apple.runningboard:connection] Incoming connection from 5108, user 501/501
2026-07-02 00:06:57.269027+0200 0x12b6f    Default     0x9cac1              4914   0    runningboardd: (libxpc.dylib) [com.apple.xpc:connection] [0x1058e7600] activating connection: mach=false listener=false peer=true name=com.apple.runningboard.peer[5108].0x1058e7600
2026-07-02 00:06:57.269054+0200 0x12b6f    Activity    0x9cac2              4914   0    runningboardd: (RunningBoard) lookupHandleForKey
2026-07-02 00:06:57.269409+0200 0x12b6f    Activity    0x9cac3              4914   0    runningboardd: (RunningBoard) statesForPredicate
2026-07-02 00:06:57.269524+0200 0x12b6d    Activity    0x9cac4              4914   0    runningboardd: (RunningBoard) acquireAssertionWithDescriptor
2026-07-02 00:06:57.269569+0200 0x12b6d    Default     0x9cac4              4914   7    runningboardd: (RunningBoard) [com.apple.runningboard:ttl] Acquiring assertion targeting [app<com.apple.mobilecal((null))>:5109] from originator [osservice<com.apple.FileCoordination>:5108] with description <RBSAssertionDescriptor| "File Coordination Claim C8C2ACD9-5BC5-481D-94D8-587CBB7E1EDD" ID:4914-5108-618 target:5109 attributes:[
	<RBSLegacyAttribute| requestedReason:FinishTask reason:FinishTask flags:( PreventTaskSuspend PreventTaskThrottleDown )>,
	<RBSAcquisitionCompletionAttribute| policy:AfterValidation>
	]>
2026-07-02 00:06:57.269594+0200 0x12b6d    Default     0x9cac4              4914   7    runningboardd: (RunningBoard) [com.apple.runningboard:ttl] Assertion 4914-5108-618 (target:[app<com.apple.mobilecal((null))>:5109]) will be created as active as no start-time-defining assertions exist
2026-07-02 00:06:57.269643+0200 0x12b6f    Activity    0x9cac5              4914   0    runningboardd: (RunningBoard) state update
2026-07-02 00:06:57.269724+0200 0x12b6f    Default     0x9cac4              4914   7    runningboardd: (RunningBoard) [com.apple.runningboard:ttl] Attempting to rename power assertion 65535 for target app<com.apple.mobilecal((null))> to app<com.apple.mobilecal((null))>;4914-5035-601:Background Content Fetching (2);4914-5108-618:File Coordination Claim C8C2ACD9-5BC5-481D-94D8-587CBB7E1EDD(FinishTask);4914-5109-616:Shared Background Assertion 1 for com.apple.mobilecal(FinishTask);4914-5109-617:Shared Background Assertion 2 for com.apple.mobilecal(FinishTask)
2026-07-02 00:06:57.269730+0200 0x123e9    Default     0x9cac4              4914   0    runningboardd: (RunningBoard) [com.apple.runningboard:monitor] Calculated state for app<com.apple.mobilecal((null))>: running-active (role: NonUserInteractive) (endowments: (null))
2026-07-02 00:06:57.269856+0200 0x128aa    Activity    0x9c99d              5035   0    SpringBoard: (RunningBoardServices) observedProcessStatesDidChange
2026-07-02 00:06:57.269897+0200 0x128aa    Default     0x9c99d              5035   0    SpringBoard: (RunningBoardServices) [com.apple.runningboard:monitor] Received state update for 5109 (app<com.apple.mobilecal((null))>, running-active-NotVisible
2026-07-02 00:06:57.276538+0200 0x123e9    Activity    0x9cac6              4914   0    runningboardd: (RunningBoard) subscribeToProcessStateChangesWithConfiguration
2026-07-02 00:06:57.276679+0200 0x123e9    Activity    0x9cac7              4914   0    runningboardd: (RunningBoard) invalidateAssertionWithIdentifier
2026-07-02 00:06:57.276688+0200 0x123e9    Default     0x9cac7              4914   7    runningboardd: (RunningBoard) [com.apple.runningboard:ttl] Invalidating assertion 4914-5108-618 (target:[app<com.apple.mobilecal((null))>:5109]) from originator [osservice<com.apple.FileCoordination>:5108]
2026-07-02 00:06:57.313172+0200 0x123e9    Activity    0x9cac8              4914   0    runningboardd: (RunningBoard) state update
2026-07-02 00:06:57.313249+0200 0x123e9    Activity    0x9cac9              4914   0    runningboardd: (RunningBoard) state notification
2026-07-02 00:06:57.313303+0200 0x123e9    Default     0x9cac9              4914   0    runningboardd: (RunningBoard) [com.apple.runningboard:monitor] Calculated state for app<com.apple.mobilecal((null))>: running-active (role: Background) (endowments: (null))
2026-07-02 00:06:57.313304+0200 0x12b6f    Default     0x9cac9              4914   7    runningboardd: (RunningBoard) [com.apple.runningboard:ttl] [app<com.apple.mobilecal((null))>:5109] Set darwin role to: Background
2026-07-02 00:06:57.313314+0200 0x12b6f    Error       0x9cac9              4914   0    runningboardd: (RunningBoard) [com.apple.runningboard:process] 5109 Error setting Darwin GPU to "Denys" (2): Operation not permitted
2026-07-02 00:06:57.313321+0200 0x12b6d    Default     0x9cac9              4914   7    runningboardd: (RunningBoard) [com.apple.runningboard:ttl] Attempting to rename power assertion 65535 for target app<com.apple.mobilecal((null))> to app<com.apple.mobilecal((null))>4914-5109-617:Shared Background Assertion 2 for com.apple.mobilecal(FinishTask)
2026-07-02 00:06:57.313408+0200 0x12997    Activity    0x9c99e              5035   0    SpringBoard: (RunningBoardServices) observedProcessStatesDidChange
2026-07-02 00:06:57.313449+0200 0x12997    Default     0x9c99e              5035   0    SpringBoard: (RunningBoardServices) [com.apple.runningboard:monitor] Received state update for 5109 (app<com.apple.mobilecal((null))>, running-active-NotVisible
2026-07-02 00:06:58.182809+0200 0x12b6d    Activity    0x9caca              4914   0    runningboardd: (RunningBoard) invalidateAssertionWithIdentifier
2026-07-02 00:06:58.182873+0200 0x12b6d    Default     0x9caca              4914   7    runningboardd: (RunningBoard) [com.apple.runningboard:ttl] Invalidating assertion 4914-4955-599 (target:[app<com.apple.chrono.WidgetRenderer-Default((null))>:5062]) from originator [osservice<com.apple.chronod>:4955]
2026-07-02 00:06:58.289352+0200 0x123e9    Activity    0x9cacb              4914   0    runningboardd: (RunningBoard) state update
2026-07-02 00:06:58.289607+0200 0x123e9    Activity    0x9cacc              4914   0    runningboardd: (RunningBoard) state notification
2026-07-02 00:06:58.289837+0200 0x12b6e    Default     0x9cacc              4914   0    runningboardd: (RunningBoard) [com.apple.runningboard:monitor] Calculated state for app<com.apple.chrono.WidgetRenderer-Default((null))>: running-suspended (role: None) (endowments: (null))
2026-07-02 00:06:58.289842+0200 0x12b6f    Default     0x9cacc              4914   7    runningboardd: (RunningBoard) [com.apple.runningboard:ttl] [app<com.apple.chrono.WidgetRenderer-Default((null))>:5062] Suspending task.
2026-07-02 00:06:58.290068+0200 0x12b70    Activity    0x9cacd              4914   0    runningboardd: (RunningBoard) timer
2026-07-02 00:06:58.290153+0200 0x128aa    Activity    0x9c99f              5035   0    SpringBoard: (RunningBoardServices) observedProcessStatesDidChange
2026-07-02 00:06:58.290293+0200 0x128aa    Default     0x9c99f              5035   0    SpringBoard: (RunningBoardServices) [com.apple.runningboard:monitor] Received state update for 5062 (app<com.apple.chrono.WidgetRenderer-Default((null))>, running-suspended-NotVisible
2026-07-02 00:06:58.290579+0200 0x123e9    Activity    0x9cace              4914   0    runningboardd: (RunningBoard) statesForPredicate
2026-07-02 00:06:58.291320+0200 0x12997    Default     0x9c99f              5035   0    SpringBoard: (FrontBoard) [com.apple.FrontBoard:Process] [app<com.apple.chrono.WidgetRenderer-Default>:5062] Setting process task state to: Suspended
2026-07-02 00:06:58.291476+0200 0x127e2    Default     0x9c99f              5035   0    SpringBoard: (SpringBoard) [com.apple.SpringBoard:Common] Application process state changed for com.apple.chrono.WidgetRenderer-Default: <SBApplicationProcessState: 0x117a985c0; pid: 5062; taskState: Suspended; visibility: Background>
2026-07-02 00:06:58.292213+0200 0x1298b    Default     0x9c99f              5035   2    SpringBoard: (UserNotificationsCore) [com.apple.UserNotifications:RemoteNotifications] [com.apple.chrono.WidgetRenderer-Default] com.apple.chrono.WidgetRenderer-Default application state changed to <RBSProcessState| task:running-suspended debug:none>
2026-07-02 00:06:58.296055+0200 0x12b6f    Error       0x9cacc              4914   0    runningboardd: (RunningBoard) [com.apple.runningboard:process] [app<com.apple.chrono.WidgetRenderer-Default((null))>:5062] pid_suspend() failed with error 1: Operation not permitted
2026-07-02 00:06:58.296088+0200 0x12b6f    Default     0x9cacc              4914   7    runningboardd: (RunningBoard) [com.apple.runningboard:ttl] [app<com.apple.chrono.WidgetRenderer-Default((null))>:5062] Set darwin role to: None
2026-07-02 00:06:58.309679+0200 0x12b6f    Activity    0x9cacf              4914   0    runningboardd: (RunningBoard) invalidateAssertionWithIdentifier
2026-07-02 00:06:58.309732+0200 0x12b6f    Default     0x9cacf              4914   7    runningboardd: (RunningBoard) [com.apple.runningboard:ttl] Invalidating assertion 4914-5109-617 (target:[app<com.apple.mobilecal((null))>:5109]) from originator [app<com.apple.mobilecal((null))>:5109]
2026-07-02 00:06:58.411330+0200 0x12b6d    Activity    0x9cb00              4914   0    runningboardd: (RunningBoard) state update
2026-07-02 00:06:58.411560+0200 0x12b6d    Activity    0x9cb01              4914   0    runningboardd: (RunningBoard) state notification
2026-07-02 00:06:58.411756+0200 0x12b6e    Default     0x9cb01              4914   0    runningboardd: (RunningBoard) [com.apple.runningboard:monitor] Calculated state for app<com.apple.mobilecal((null))>: running-suspended (role: None) (endowments: (null))
2026-07-02 00:06:58.411765+0200 0x12b6f    Default     0x9cb01              4914   7    runningboardd: (RunningBoard) [com.apple.runningboard:ttl] Released power assertion with ID 65535
2026-07-02 00:06:58.411797+0200 0x123e9    Default     0x9cb01              4914   7    runningboardd: (RunningBoard) [com.apple.runningboard:ttl] [app<com.apple.mobilecal((null))>:5109] Suspending task.
2026-07-02 00:06:58.412094+0200 0x1298b    Activity    0x9caf0              5035   0    SpringBoard: (RunningBoardServices) observedProcessStatesDidChange
2026-07-02 00:06:58.412230+0200 0x1298b    Default     0x9caf0              5035   0    SpringBoard: (RunningBoardServices) [com.apple.runningboard:monitor] Received state update for 5109 (app<com.apple.mobilecal((null))>, running-suspended-NotVisible
2026-07-02 00:06:58.412517+0200 0x12b6f    Activity    0x9cb02              4914   0    runningboardd: (RunningBoard) statesForPredicate
2026-07-02 00:06:58.413316+0200 0x128aa    Default     0x9caf0              5035   0    SpringBoard: (FrontBoard) [com.apple.FrontBoard:Process] [app<com.apple.mobilecal>:5109] Setting process task state to: Suspended
2026-07-02 00:06:58.413484+0200 0x127e2    Default     0x9caf0              5035   0    SpringBoard: (SpringBoard) [com.apple.SpringBoard:Common] Application process state changed for com.apple.mobilecal: <SBApplicationProcessState: 0x117a986a0; pid: 5109; taskState: Suspended; visibility: Background>
2026-07-02 00:06:58.413696+0200 0x1298b    Default     0x9caf0              5035   2    SpringBoard: (UserNotificationsCore) [com.apple.UserNotifications:RemoteNotifications] [com.apple.mobilecal] com.apple.mobilecal application state changed to <RBSProcessState| task:running-suspended debug:none>
2026-07-02 00:06:58.418141+0200 0x123e9    Error       0x9cb01              4914   0    runningboardd: (RunningBoard) [com.apple.runningboard:process] [app<com.apple.mobilecal((null))>:5109] pid_suspend() failed with error 1: Operation not permitted
2026-07-02 00:06:58.418175+0200 0x123e9    Default     0x9cb01              4914   7    runningboardd: (RunningBoard) [com.apple.runningboard:ttl] [app<com.apple.mobilecal((null))>:5109] Set darwin role to: None
2026-07-02 00:06:59.287675+0200 0x127e2    Default     0x9ae0d              5035   0    SpringBoard: (CoverSheetKit) [com.apple.CoverSheetKit:Common] CSProminentDisplayView updating effective display date with date: Thu Jul  2 00:07:00 2026
2026-07-02 00:06:59.287831+0200 0x127e2    Default     0x9ae0d              5035   0    SpringBoard: (CoverSheetKit) [com.apple.CoverSheetKit:Common] [TitleElementViewAdapter] setting text to value: 0:07{
}, with animation: true
2026-07-02 00:06:59.291698+0200 0x127e2    Error       0x9ae0d              5035   0    SpringBoard: (CoreGraphics) [com.apple.coregraphics:Unknown process name] CGAffineTransformInvert: singular matrix.
2026-07-02 00:06:59.966753+0200 0x127e2    Default     0x9ae0d              5035   0    SpringBoard: (SpringBoardFoundation) [com.apple.SpringBoard:StatusBarish] Handle mach timer callback
2026-07-02 00:06:59.966955+0200 0x127e2    Default     0x9ae0d              5035   0    SpringBoard: (SpringBoardFoundation) [com.apple.SpringBoard:StatusBarish] Got date for next minute boundary: Thu Jul  2 00:07:00 2026
 now: 42838742127 seconds: 1782943619.967058 correction: 0.033333 remaining: 1439990610
2026-07-02 00:06:59.967161+0200 0x127e2    Default     0x9ae0d              5035   0    SpringBoard: (SpringBoardFoundation) [com.apple.SpringBoard:StatusBarish] Re-arming timer at Thu Jul  2 00:07:00 2026 for 44278732737
2026-07-02 00:07:00.269955+0200 0x127e2    Default     0x9ae0d              5035   0    SpringBoard: (BackBoardServices) [com.apple.BackBoard:Keyboard] currently observing: YES
2026-07-02 00:07:00.270369+0200 0x127e2    Default     0x9ae0d              5035   0    SpringBoard: (BackBoardServices) [com.apple.BackBoard:Keyboard] connected: (
    "<BKSHIDKeyboardDevice: 0x117a9a700> {\n    senderID: 0xACEFADE00000003;\n    transport: <nil>;\n    language: <nil>;\n    layout: Spanish - ISO;\n    countryCode: 0;\n    standardType: 4294967295;\n    subinterfaceID: 0;\n    capsLockKeyHasLanguageSwitchLabel: NO;\n    globeKeyLabelHasGlobeSymbol: NO;\n}"
)
2026-07-02 00:07:00.270430+0200 0x127e2    Default     0x9ae0d              5035   0    SpringBoard: (BackBoardServices) [com.apple.BackBoard:Keyboard] currently observing: NO
2026-07-02 00:07:00.270640+0200 0x127e2    Default     0x9ae0d              5035   0    SpringBoard: (BackBoardServices) [com.apple.BackBoard:Keyboard] disconnected: (
    "<BKSHIDKeyboardDevice: 0x117a9a700> {\n    senderID: 0xACEFADE00000003;\n    transport: <nil>;\n    language: <nil>;\n    layout: Spanish - ISO;\n    countryCode: 0;\n    standardType: 4294967295;\n    subinterfaceID: 0;\n    capsLockKeyHasLanguageSwitchLabel: NO;\n    globeKeyLabelHasGlobeSymbol: NO;\n}"
)
2026-07-02 00:07:00.270849+0200 0x127e2    Default     0x9ae0d              5035   0    SpringBoard: (BackBoardServices) [com.apple.BackBoard:Keyboard] currently observing: YES
2026-07-02 00:07:00.271120+0200 0x127e2    Default     0x9ae0d              5035   0    SpringBoard: (BackBoardServices) [com.apple.BackBoard:Keyboard] connected: (
    "<BKSHIDKeyboardDevice: 0x117a99400> {\n    senderID: 0xACEFADE00000003;\n    transport: <nil>;\n    language: <nil>;\n    layout: Spanish - ISO;\n    countryCode: 0;\n    standardType: 4294967295;\n    subinterfaceID: 0;\n    capsLockKeyHasLanguageSwitchLabel: NO;\n    globeKeyLabelHasGlobeSymbol: NO;\n}"
)
2026-07-02 00:07:00.271162+0200 0x127e2    Default     0x9ae0d              5035   0    SpringBoard: (BackBoardServices) [com.apple.BackBoard:Keyboard] currently observing: NO
2026-07-02 00:07:00.271309+0200 0x127e2    Default     0x9ae0d              5035   0    SpringBoard: (BackBoardServices) [com.apple.BackBoard:Keyboard] disconnected: (
    "<BKSHIDKeyboardDevice: 0x117a99400> {\n    senderID: 0xACEFADE00000003;\n    transport: <nil>;\n    language: <nil>;\n    layout: Spanish - ISO;\n    countryCode: 0;\n    standardType: 4294967295;\n    subinterfaceID: 0;\n    capsLockKeyHasLanguageSwitchLabel: NO;\n    globeKeyLabelHasGlobeSymbol: NO;\n}"
)
2026-07-02 00:07:00.271563+0200 0x127e2    Default     0x9ae0d              5035   0    SpringBoard: (UIKitCore) [com.apple.UIKit:HardwareKeyboard] -[UIApplication GSKeyboardForHWLayout:senderID:forceRebuild:createIfNeeded:], New hardware layout is created with Spanish - ISO layout and 0 standardType.
2026-07-02 00:07:00.271710+0200 0x127e2    Default     0x9ae0d              5035   0    SpringBoard: (BackBoardServices) [com.apple.BackBoard:Keyboard] currently observing: YES
2026-07-02 00:07:00.271964+0200 0x127e2    Default     0x9ae0d              5035   0    SpringBoard: (BackBoardServices) [com.apple.BackBoard:Keyboard] connected: (
    "<BKSHIDKeyboardDevice: 0x117a99c20> {\n    senderID: 0xACEFADE00000003;\n    transport: <nil>;\n    language: <nil>;\n    layout: Spanish - ISO;\n    countryCode: 0;\n    standardType: 4294967295;\n    subinterfaceID: 0;\n    capsLockKeyHasLanguageSwitchLabel: NO;\n    globeKeyLabelHasGlobeSymbol: NO;\n}"
)
2026-07-02 00:07:00.272012+0200 0x127e2    Default     0x9ae0d              5035   0    SpringBoard: (BackBoardServices) [com.apple.BackBoard:Keyboard] currently observing: NO
2026-07-02 00:07:00.272126+0200 0x127e2    Default     0x9ae0d              5035   0    SpringBoard: (BackBoardServices) [com.apple.BackBoard:Keyboard] disconnected: (
    "<BKSHIDKeyboardDevice: 0x117a99c20> {\n    senderID: 0xACEFADE00000003;\n    transport: <nil>;\n    language: <nil>;\n    layout: Spanish - ISO;\n    countryCode: 0;\n    standardType: 4294967295;\n    subinterfaceID: 0;\n    capsLockKeyHasLanguageSwitchLabel: NO;\n    globeKeyLabelHasGlobeSymbol: NO;\n}"
)
2026-07-02 00:07:00.273060+0200 0x127e2    Default     0x9ae0d              5035   0    SpringBoard: (SpringBoard) [com.apple.SpringBoard:HIDKeyboardEvents] via handlePhysicalButtonEvent: 7/<private> down:YES modifiers:(cmd) source:externalKeyboard
2026-07-02 00:07:00.273088+0200 0x127e2    Default     0x9ae0d              5035   1    SpringBoard: (UIKitCore) [com.apple.UIKit:EventDispatch] Sending UIEvent type: 4; subtype: 0; to windows: 1
2026-07-02 00:07:00.273148+0200 0x127e2    Default     0x9ae0d              5035   1    SpringBoard: (UIKitCore) [com.apple.UIKit:EventDispatch] Sending UIEvent type: 4; subtype: 0; to window: <SBHomeScreenWindow: 0x11ad25000>; contextId: 0x31D4CAED
2026-07-02 00:07:00.281637+0200 0x127e2    Default     0x9ae0d              5035   0    SpringBoard: (UIKitCore) [com.apple.UIKit:KeyboardUI] Keyboard receives keyEvent type: 4; subtype: 0
2026-07-02 00:07:00.282174+0200 0x127e2    Default     0x9ae0d              5035   1    SpringBoard: (UIKitCore) [com.apple.UIKit:EventDispatch] Evaluating dispatch of UIEvent: 0x11ef11180; type: 4; subtype: 0; backing type: 3; shouldSend: 0; ignoreInteractionEvents: 0, systemGestureStateChange: 0
2026-07-02 00:07:00.282662+0200 0x127e2    Default     0x9ae0d              5035   0    SpringBoard: (SpringBoard) [com.apple.SpringBoard:HIDKeyboardEvents] via handlePhysicalButtonEvent: 7/<private> down:YES modifiers:(cmd) source:externalKeyboard
2026-07-02 00:07:00.282677+0200 0x127e2    Default     0x9ae0d              5035   1    SpringBoard: (UIKitCore) [com.apple.UIKit:EventDispatch] Sending UIEvent type: 4; subtype: 0; to windows: 1
2026-07-02 00:07:00.282699+0200 0x127e2    Default     0x9ae0d              5035   1    SpringBoard: (UIKitCore) [com.apple.UIKit:EventDispatch] Sending UIEvent type: 4; subtype: 0; to window: <SBHomeScreenWindow: 0x11ad25000>; contextId: 0x31D4CAED
2026-07-02 00:07:00.282733+0200 0x127e2    Default     0x9ae0d              5035   1    SpringBoard: (UIKitCore) [com.apple.UIKit:EventDispatch] Evaluating dispatch of UIEvent: 0x11ef11180; type: 4; subtype: 0; backing type: 3; shouldSend: 0; ignoreInteractionEvents: 0, systemGestureStateChange: 0
2026-07-02 00:07:02.404169+0200 0x127e2    Default     0x9ae0d              5035   0    SpringBoard: (SpringBoard) [com.apple.SpringBoard:HIDKeyboardEvents] via handlePhysicalButtonEvent: 7/<private> down:NO modifiers:() source:externalKeyboard
2026-07-02 00:07:02.404240+0200 0x127e2    Default     0x9ae0d              5035   1    SpringBoard: (UIKitCore) [com.apple.UIKit:EventDispatch] Sending UIEvent type: 4; subtype: 0; to windows: 1
2026-07-02 00:07:02.404355+0200 0x127e2    Default     0x9ae0d              5035   1    SpringBoard: (UIKitCore) [com.apple.UIKit:EventDispatch] Sending UIEvent type: 4; subtype: 0; to window: <SBHomeScreenWindow: 0x11ad25000>; contextId: 0x31D4CAED
2026-07-02 00:07:02.404565+0200 0x127e2    Default     0x9ae0d              5035   0    SpringBoard: (UIKitCore) [com.apple.UIKit:KeyboardUI] Keyboard receives keyEvent type: 4; subtype: 0
2026-07-02 00:07:02.404874+0200 0x127e2    Default     0x9ae0d              5035   1    SpringBoard: (UIKitCore) [com.apple.UIKit:EventDispatch] Evaluating dispatch of UIEvent: 0x11ef11180; type: 4; subtype: 0; backing type: 3; shouldSend: 0; ignoreInteractionEvents: 0, systemGestureStateChange: 0
2026-07-02 00:07:02.405584+0200 0x127e2    Default     0x9ae0d              5035   0    SpringBoard: (SpringBoard) [com.apple.SpringBoard:HIDKeyboardEvents] via handlePhysicalButtonEvent: 7/<private> down:NO modifiers:() source:externalKeyboard
2026-07-02 00:07:02.405619+0200 0x127e2    Default     0x9ae0d              5035   1    SpringBoard: (UIKitCore) [com.apple.UIKit:EventDispatch] Sending UIEvent type: 4; subtype: 0; to windows: 0
2026-07-02 00:07:02.405679+0200 0x127e2    Default     0x9ae0d              5035   1    SpringBoard: (UIKitCore) [com.apple.UIKit:EventDispatch] Evaluating dispatch of UIEvent: 0x11ef11180; type: 4; subtype: 0; backing type: 3; shouldSend: 0; ignoreInteractionEvents: 0, systemGestureStateChange: 0
2026-07-02 00:07:04.437576+0200 0x127e2    Default     0x9ae0d              5035   0    SpringBoard: (SpringBoard) [com.apple.SpringBoard:HIDKeyboardEvents] via handlePhysicalButtonEvent: 7/<private> down:YES modifiers:(cmd) source:externalKeyboard
2026-07-02 00:07:04.437635+0200 0x127e2    Default     0x9ae0d              5035   1    SpringBoard: (UIKitCore) [com.apple.UIKit:EventDispatch] Sending UIEvent type: 4; subtype: 0; to windows: 1
2026-07-02 00:07:04.437769+0200 0x127e2    Default     0x9ae0d              5035   1    SpringBoard: (UIKitCore) [com.apple.UIKit:EventDispatch] Sending UIEvent type: 4; subtype: 0; to window: <SBHomeScreenWindow: 0x11ad25000>; contextId: 0x31D4CAED
2026-07-02 00:07:04.439022+0200 0x127e2    Default     0x9ae0d              5035   0    SpringBoard: (UIKitCore) [com.apple.UIKit:KeyboardUI] Keyboard receives keyEvent type: 4; subtype: 0
2026-07-02 00:07:04.439267+0200 0x127e2    Default     0x9ae0d              5035   1    SpringBoard: (UIKitCore) [com.apple.UIKit:EventDispatch] Evaluating dispatch of UIEvent: 0x11ef11180; type: 4; subtype: 0; backing type: 3; shouldSend: 0; ignoreInteractionEvents: 0, systemGestureStateChange: 0
2026-07-02 00:07:04.440225+0200 0x127e2    Default     0x9ae0d              5035   0    SpringBoard: (SpringBoard) [com.apple.SpringBoard:HIDKeyboardEvents] via handlePhysicalButtonEvent: 7/<private> down:YES modifiers:(cmd) source:externalKeyboard
2026-07-02 00:07:04.440250+0200 0x127e2    Default     0x9ae0d              5035   1    SpringBoard: (UIKitCore) [com.apple.UIKit:EventDispatch] Sending UIEvent type: 4; subtype: 0; to windows: 1
2026-07-02 00:07:04.440289+0200 0x127e2    Default     0x9ae0d              5035   1    SpringBoard: (UIKitCore) [com.apple.UIKit:EventDispatch] Sending UIEvent type: 4; subtype: 0; to window: <SBHomeScreenWindow: 0x11ad25000>; contextId: 0x31D4CAED
2026-07-02 00:07:04.440337+0200 0x127e2    Default     0x9ae0d              5035   1    SpringBoard: (UIKitCore) [com.apple.UIKit:EventDispatch] Evaluating dispatch of UIEvent: 0x11ef11180; type: 4; subtype: 0; backing type: 3; shouldSend: 0; ignoreInteractionEvents: 0, systemGestureStateChange: 0
2026-07-02 00:07:05.972946+0200 0x127e2    Default     0x9ae0d              5035   0    SpringBoard: (SpringBoard) [com.apple.SpringBoard:HIDKeyboardEvents] via handlePhysicalButtonEvent: 7/<private> down:NO modifiers:() source:externalKeyboard
2026-07-02 00:07:05.972995+0200 0x127e2    Default     0x9ae0d              5035   1    SpringBoard: (UIKitCore) [com.apple.UIKit:EventDispatch] Sending UIEvent type: 4; subtype: 0; to windows: 1
2026-07-02 00:07:05.973085+0200 0x127e2    Default     0x9ae0d              5035   1    SpringBoard: (UIKitCore) [com.apple.UIKit:EventDispatch] Sending UIEvent type: 4; subtype: 0; to window: <SBHomeScreenWindow: 0x11ad25000>; contextId: 0x31D4CAED
2026-07-02 00:07:05.973202+0200 0x127e2    Default     0x9ae0d              5035   0    SpringBoard: (UIKitCore) [com.apple.UIKit:KeyboardUI] Keyboard receives keyEvent type: 4; subtype: 0
2026-07-02 00:07:05.973377+0200 0x127e2    Default     0x9ae0d              5035   1    SpringBoard: (UIKitCore) [com.apple.UIKit:EventDispatch] Evaluating dispatch of UIEvent: 0x11ef11180; type: 4; subtype: 0; backing type: 3; shouldSend: 0; ignoreInteractionEvents: 0, systemGestureStateChange: 0
2026-07-02 00:07:05.987055+0200 0x127e2    Default     0x9ae0d              5035   0    SpringBoard: (SpringBoard) [com.apple.SpringBoard:HIDKeyboardEvents] via handlePhysicalButtonEvent: 7/<private> down:NO modifiers:() source:externalKeyboard
2026-07-02 00:07:05.987098+0200 0x127e2    Default     0x9ae0d              5035   1    SpringBoard: (UIKitCore) [com.apple.UIKit:EventDispatch] Sending UIEvent type: 4; subtype: 0; to windows: 0
2026-07-02 00:07:05.987178+0200 0x127e2    Default     0x9ae0d              5035   1    SpringBoard: (UIKitCore) [com.apple.UIKit:EventDispatch] Evaluating dispatch of UIEvent: 0x11ef11180; type: 4; subtype: 0; backing type: 3; shouldSend: 0; ignoreInteractionEvents: 0, systemGestureStateChange: 0
2026-07-02 00:07:06.335409+0200 0x12b70    Activity    0x9cb03              4914   0    runningboardd: (RunningBoard) acquireAssertionWithDescriptor
2026-07-02 00:07:06.335615+0200 0x12b70    Default     0x9cb03              4914   7    runningboardd: (RunningBoard) [com.apple.runningboard:ttl] Acquiring assertion targeting [osservice<com.apple.assistantd>:4913] from originator [osservice<com.apple.assistantd>:4913] with description <RBSAssertionDescriptor| "FLLogger" ID:4914-4913-619 target:4913 attributes:[
	<RBSDomainAttribute| domain:"com.apple.common" name:"FinishTaskUninterruptable" sourceEnvironment:"(null)">
	]>
2026-07-02 00:07:06.335786+0200 0x12b70    Default     0x9cb03              4914   7    runningboardd: (RunningBoard) [com.apple.runningboard:ttl] Assertion 4914-4913-619 (target:[osservice<com.apple.assistantd>:4913]) will be created as active as no start-time-defining assertions exist
2026-07-02 00:07:06.336024+0200 0x12b72    Activity    0x9cb04              4914   0    runningboardd: (RunningBoard) state update
2026-07-02 00:07:06.336416+0200 0x12b72    Default     0x9cb03              4914   0    runningboardd: (RunningBoard) [com.apple.runningboard:process] [osservice<com.apple.assistantd>:4913] Ignoring jetsam update because this process is not memory-managed
2026-07-02 00:07:06.336449+0200 0x12b72    Default     0x9cb03              4914   0    runningboardd: (RunningBoard) [com.apple.runningboard:process] [osservice<com.apple.assistantd>:4913] Ignoring suspend because this process is not lifecycle managed
2026-07-02 00:07:06.336491+0200 0x12b72    Default     0x9cb03              4914   0    runningboardd: (RunningBoard) [com.apple.runningboard:process] [osservice<com.apple.assistantd>:4913] Ignoring role changes because this process is not role managed
2026-07-02 00:07:06.336513+0200 0x12b72    Default     0x9cb03              4914   0    runningboardd: (RunningBoard) [com.apple.runningboard:process] [osservice<com.apple.assistantd>:4913] Ignoring GPU update because this process is not GPU managed
2026-07-02 00:07:06.336529+0200 0x12b71    Default     0x9cb03              4914   0    runningboardd: (RunningBoard) [com.apple.runningboard:power] Acquired process power assertion with ID 65535 for pid 4913
2026-07-02 00:07:06.336559+0200 0x12b72    Default     0x9cb03              4914   0    runningboardd: (RunningBoard) [com.apple.runningboard:process] [osservice<com.apple.assistantd>:4913] Ignoring memory limit update because this process is not memory-managed
2026-07-02 00:07:06.336848+0200 0x1298b    Activity    0x9caf1              5035   0    SpringBoard: (RunningBoardServices) observedProcessStatesDidChange
2026-07-02 00:07:06.336997+0200 0x1298b    Default     0x9caf1              5035   0    SpringBoard: (RunningBoardServices) [com.apple.runningboard:monitor] Received state update for 4913 (osservice<com.apple.assistantd>, running-NotVisible
2026-07-02 00:07:07.851460+0200 0x128aa    Default     0x0                  5035   0    SpringBoard: (libxpc.dylib) [com.apple.xpc:connection] [0x10bd1fac0] invalidated because the current process cancelled the connection by calling xpc_connection_cancel()
2026-07-02 00:07:07.851460+0200 0x1298b    Default     0x0                  5035   0    SpringBoard: (libxpc.dylib) [com.apple.xpc:connection] [0x10ccb3340] invalidated because the current process cancelled the connection by calling xpc_connection_cancel()
2026-07-02 00:07:07.851549+0200 0x12cb1    Default     0x0                  5035   3    SpringBoard: (Accounts) [com.apple.accounts:core] "The connection to ACDAccountStore was invalidated."
2026-07-02 00:07:07.851574+0200 0x12d86    Default     0x0                  5035   3    SpringBoard: (Accounts) [com.apple.accounts:core] "The connection to ACDAccountStore was invalidated."
2026-07-02 00:07:08.924408+0200 0x127e2    Default     0x0                  5035   5    SpringBoard: (ChronoUIServices) [com.apple.chrono:ViewController] [0x106f02300-Timeline[com.apple.Batteries::com.apple.Batteries.BatteriesAvocadoWidgetExtension:BatteriesAvocadoWidget:systemSmall::176.67/176.67/30.03:(null)~(null)]] Invalidating detached scene timer for reason: Timer fired (no longer foreground)
2026-07-02 00:07:08.924539+0200 0x127e2    Default     0x0                  5035   5    SpringBoard: (ChronoUIServices) [com.apple.chrono:ViewController] [0x11ade8000-Timeline[com.apple.news::com.apple.news.widget:today:systemExtraLargePortrait:3270473718301326798:378.00/611.33/30.03:(null)~(null)]] Invalidating detached scene timer for reason: Timer fired (no longer foreground)
2026-07-02 00:07:08.924591+0200 0x127e2    Default     0x0                  5035   5    SpringBoard: (ChronoUIServices) [com.apple.chrono:ViewController] [0x11ade8700-Timeline[com.apple.Maps::com.apple.Maps.GeneralMapsWidget:com.apple.Maps:systemMedium::378.00/176.67/30.03:(null)~(null)]] Invalidating detached scene timer for reason: Timer fired (no longer foreground)
2026-07-02 00:07:10.059206+0200 0x12cb1    Default     0x0                  5035   0    SpringBoard: (libxpc.dylib) [com.apple.xpc:connection] [0x117b01180] invalidated because the current process cancelled the connection by calling xpc_connection_cancel()
2026-07-02 00:07:10.059241+0200 0x128aa    Default     0x0                  5035   3    SpringBoard: (Accounts) [com.apple.accounts:core] "The connection to ACDAccountStore was invalidated."
2026-07-02 00:07:11.109268+0200 0x127e2    Default     0x0                  5035   5    SpringBoard: (ChronoUIServices) [com.apple.chrono:ViewController] [0x11ade9500-Timeline[com.apple.Maps::com.apple.Maps.GeneralMapsWidget:com.apple.Maps:systemSmall::176.67/176.67/30.03:(null)~(null)]] Invalidating detached scene timer for reason: Timer fired (no longer foreground)
2026-07-02 00:07:11.109405+0200 0x127e2    Default     0x0                  5035   5    SpringBoard: (ChronoUIServices) [com.apple.chrono:ViewController] [0x11adea300-Timeline[com.apple.mobilecal::com.apple.mobilecal.CalendarWidgetExtension:com.apple.CalendarWidget.CalendarUpNextWidget:systemSmall:2474718758988609311:176.67/176.67/30.03:(null)~(null)]] Invalidating detached scene timer for reason: Timer fired (no longer foreground)
2026-07-02 00:07:11.922068+0200 0x12b70    Activity    0x9cb05              4914   0    runningboardd: (RunningBoard) invalidateAssertionWithIdentifier
2026-07-02 00:07:11.922171+0200 0x12b70    Default     0x9cb05              4914   7    runningboardd: (RunningBoard) [com.apple.runningboard:ttl] Invalidating assertion 4914-4913-619 (target:[osservice<com.apple.assistantd>:4913]) from originator [osservice<com.apple.assistantd>:4913]
2026-07-02 00:07:12.120439+0200 0x12d61    Activity    0x9cb06              4914   0    runningboardd: (RunningBoard) state update
2026-07-02 00:07:12.120660+0200 0x12d61    Activity    0x9cb07              4914   0    runningboardd: (RunningBoard) state notification
2026-07-02 00:07:12.120965+0200 0x12d61    Default     0x9cb07              4914   0    runningboardd: (RunningBoard) [com.apple.runningboard:process] [osservice<com.apple.assistantd>:4913] Ignoring jetsam update because this process is not memory-managed
2026-07-02 00:07:12.121004+0200 0x12d61    Default     0x9cb07              4914   0    runningboardd: (RunningBoard) [com.apple.runningboard:process] [osservice<com.apple.assistantd>:4913] Ignoring suspend because this process is not lifecycle managed
2026-07-02 00:07:12.121059+0200 0x12b70    Default     0x9cb07              4914   7    runningboardd: (RunningBoard) [com.apple.runningboard:ttl] Released power assertion with ID 65535
2026-07-02 00:07:12.121069+0200 0x12d61    Default     0x9cb07              4914   0    runningboardd: (RunningBoard) [com.apple.runningboard:process] [osservice<com.apple.assistantd>:4913] Ignoring role changes because this process is not role managed
2026-07-02 00:07:12.121095+0200 0x12d61    Default     0x9cb07              4914   0    runningboardd: (RunningBoard) [com.apple.runningboard:process] [osservice<com.apple.assistantd>:4913] Ignoring GPU update because this process is not GPU managed
2026-07-02 00:07:12.121175+0200 0x12d61    Default     0x9cb07              4914   0    runningboardd: (RunningBoard) [com.apple.runningboard:process] [osservice<com.apple.assistantd>:4913] Ignoring memory limit update because this process is not memory-managed
2026-07-02 00:07:12.121409+0200 0x128aa    Activity    0x9caf2              5035   0    SpringBoard: (RunningBoardServices) observedProcessStatesDidChange
2026-07-02 00:07:12.121551+0200 0x128aa    Default     0x9caf2              5035   0    SpringBoard: (RunningBoardServices) [com.apple.runningboard:monitor] Received state update for 4913 (osservice<com.apple.assistantd>, running-NotVisible
2026-07-02 00:07:23.142590+0200 0x12d61    Activity    0x9cb08              4914   0    runningboardd: (RunningBoard) timer
2026-07-02 00:07:31.063288+0200 0x12da4    Default     0x0                  4914   0    runningboardd: (RunningBoard) [com.apple.runningboard:message] PERF: Received lookupHandleForPredicate request from [xpcservice<com.apple.extensionkitservice([osservice<com.apple.chronod>:4955])>{vt hash: 0}{definition:com.apple.extensionkitservice[standard][client]}:5054:5054] (euid 501, auid 501) (persona (null))
2026-07-02 00:07:31.063303+0200 0x12da4    Activity    0x9cb09              4914   0    runningboardd: (RunningBoard) lookupHandleForPredicate
2026-07-02 00:07:31.069223+0200 0x12da4    Activity    0x9cb0a              4914   0    runningboardd: (RunningBoard) executeLaunchRequest
2026-07-02 00:07:31.069421+0200 0x12da4    Default     0x9cb0a              4914   7    runningboardd: (RunningBoard) [com.apple.runningboard:ttl] Executing launch request for xpcservice<com.apple.Maps.GeneralMapsWidget([osservice<com.apple.chronod>:4955])>{vt hash: 65357341}[uuid:8A6239E6-FA8A-48CB-B1D0-C8CCBB6EA844]{definition:com.apple.Maps.GeneralMapsWidget[extension][client]} (Launching extension com.apple.Maps.GeneralMapsWidget(8A8720CE-3F0E-42A6-9A01-C9330B47A9D3 for host 4955) from requestor: [xpcservice<com.apple.extensionkitservice([osservice<com.apple.chronod>:4955])>{vt hash: 0}{definition:com.apple.extensionkitservice[standard][client]}:5054:5054]
2026-07-02 00:07:31.069444+0200 0x12da4    Default     0x9cb0a              4914   0    runningboardd: (RunningBoard) [com.apple.runningboard:process] Checking PreventLaunch: global:0 exPath:(null) predicates:(null) allow:(null)
2026-07-02 00:07:31.069472+0200 0x12da4    Default     0x9cb0a              4914   0    runningboardd: (RunningBoard) [com.apple.runningboard:job] Creating and launching job for: xpcservice<com.apple.Maps.GeneralMapsWidget([osservice<com.apple.chronod>:4955])>{vt hash: 65357341}[uuid:8A6239E6-FA8A-48CB-B1D0-C8CCBB6EA844]{definition:com.apple.Maps.GeneralMapsWidget[extension][client]}
2026-07-02 00:07:31.069594+0200 0x12da5    Default     0x9cb0a              4914   0    runningboardd: (RunningBoard) [com.apple.runningboard:job_oversize] '8A6239E6-FA8A-48CB-B1D0-C8CCBB6EA844' Submitting extension overlay (host PID 4955, path /Library/Developer/CoreSimulator/Volumes/iOS_23F77/Library/Developer/CoreSimulator/Profiles/Runtimes/iOS 26.5.simruntime/Contents/Resources/RuntimeRoot/Applications/Maps.app/PlugIns/GeneralMapsWidget.appex/GeneralMapsWidget):
<dictionary: 0x1058c13e0> { count = 2, transaction: 0, voucher = 0x0, contents =
	"XPCService" => <dictionary: 0x1058c01e0> { count = 16, transaction: 0, voucher = 0x0, contents =
		"_ManagedBy" => <string: 0x1058ef570> { string cache = 0x0, length = 22, contents = "com.apple.runningboard" }
		"RunLoopType" => <string: 0x1058ed5f0> { string cache = 0x0, length = 9, contents = "NSRunLoop" }
		"Platform" => <int64: 0x9ee0c886ab443377>: 7
		"JoinExistingSession" => <bool: 0x1e6e64560>: false
		"_SandboxProfile" => <string: 0x1058ee790> { string cache = 0x0, length = 6, contents = "plugin" }
		"_LaunchWatchdogTimeOut" => <int64: 0x9ee0c886ab44334f>: 0
		"_AdditionalSubServices" => <dictionary: 0x1058c2e80> { count = 1, transaction: 0, voucher = 0x0, contents =
			"xpc-session" => <bool: 0x1e6e64540>: true
		}
		"_ProcessType" => <string: 0x1058ec4b0> { string cache = 0x0, length = 8, contents = "AppNonUI" }
		"_AdditionalProperties" => <dictionary: 0x1058c2940> { count = 1, transaction: 0, voucher = 0x0, contents =
			"RunningBoard" => <dictionary: 0x1058c2c40> { count = 3, transaction: 0, voucher = 0x0, contents =
				"RunningBoardLaunchedIdentity" => <dictionary: 0x1058c1800> { count = 6, transaction: 0, voucher = 0x0, contents =
					"TYPE" => <int64: 0x9ee0c886ab44336f>: 4
					"v" => <data: 0x101c51340>: { length = 91 bytes, contents = 0x7b226164646974696f6e616c456e7669726f6e6d656e7456... }
					"h" => <int64: 0x9ee0c886ab44a997>: 4955
					"i" => <string: 0x1058efcc0> { string cache = 0x0, length = 32, contents = "com.apple.Maps.GeneralMapsWidget" }
					"r" => <int64: 0x9ee0c886ab44335f>: 2
					"H" => <dictionary: 0x1058c1260> { count = 4, transaction: 0, voucher = 0x0, contents =
						"l" => <string: 0x1058eca50> { string cache = 0x0, length = 17, contents = "com.apple.chronod" }
						"t" => <int64: 0x9ee0c886ab44335f>: 2
						"TYPE" => <int64: 0x9ee0c886ab44337f>: 6
						"p" => <int64: 0x9ee0c886ab44334f>: 0
					}
				}
				"RunningBoardLaunched" => <bool: 0x1e6e64540>: true
				"LaunchRequestEndpointIdentifiers" => <dictionary: 0x1058c1380> { count = 2, transaction: 0, voucher = 0x0, contents =
					"com.apple.Maps.GeneralMapsWidget.xpc-session" => <bool: 0x1e6e64540>: true
					"com.apple.Maps.GeneralMapsWidget" => <bool: 0x1e6e64540>: true
				}
			}
		}
		"EnvironmentVariables" => <dictionary: 0x1058c07e0> { count = 2, transaction: 0, voucher = 0x0, contents =
			"EXTENSION_KIT_EXTENSION_TYPE" => <string: 0x1058ef4e0> { string cache = 0x0, length = 1, contents = "1" }
			"BSServiceDomains" => <string: 0x1058ed0b0> { string cache = 0x0, length = 46, contents = "{"XPCService":{"Services":{"MainService":{}}}}" }
		}
		"_OmitSandboxParameters" => <bool: 0x1e6e64560>: false
		"_AbandonCoalition" => <bool: 0x1e6e64540>: true
		"_MultipleInstances" => <bool: 0x1e6e64540>: true
		"ServiceType" => <string: 0x1058eff00> { string cache = 0x0, length = 11, contents = "Application" }
		"_ManagedBy_Services" => <array: 0x1058ec7e0> { count = 2, capacity = 8, contents =
			0: <string: 0x1058ed5c0> { string cache = 0x0, length = 32, contents = "com.apple.Maps.GeneralMapsWidget" }
			1: <string: 0x1058edc50> { string cache = 0x0, length = 44, contents = "com.apple.Maps.GeneralMapsWidget.xpc-session" }
		}
		"ProgramArguments" => <array: 0x1058ec0c0> { count = 3, capacity = 8, contents =
			0: <string: 0x1058ecc00> { string cache = 0x0, length = 223, contents = "/Library/Developer/CoreSimulator/Volumes/iOS_23F77/Library/Developer/CoreSimulator/Profiles/Runtimes/iOS 26.5.simruntime/Contents/Resources/RuntimeRoot/Applications/Maps.app/PlugIns/GeneralMapsWidget.appex/GeneralMapsWidget" }
			1: <string: 0x1058ee6d0> { string cache = 0x0, length = 16, contents = "-LaunchArguments" }
			2: <string: 0x1058ed7a0> { string cache = 0x0, length = 112, contents = "eyJ0eXBlIjoxLCJlbmhhbmNlZFNlY3VyaXR5IjpmYWxzZSwic2VydmljZU5hbWUiOiJjb20uYXBwbGUuTWFwcy5HZW5lcmFsTWFwc1dpZGdldCJ9" }
		}
	}
	"CFBundlePackageType" => <string: 0x1058ef360> { string cache = 0x0, length = 4, contents = "XPC!" }
}
2026-07-02 00:07:31.069949+0200 0x12da4    Default     0x9cb0a              4914   0    runningboardd: (AppServerSupport) [com.apple.libxpc.OSLaunchdJob:all] <OSLaunchdJob | handle=365AE253-36BD-434A-B7EC-73DCF61F1B94>: submitExtension created a job
2026-07-02 00:07:31.070107+0200 0x12da4    Default     0x9cb0a              4914   0    runningboardd: (AppServerSupport) [com.apple.libxpc.OSLaunchdJob:all] <OSLaunchdJob | handle=365AE253-36BD-434A-B7EC-73DCF61F1B94>: createInstance created a job <OSLaunchdJob | handle=29418D94-9730-474E-9FE9-45B55B6ACB90>
2026-07-02 00:07:31.137878+0200 0x12da4    Default     0x9cb0a              4914   0    runningboardd: (AppServerSupport) [com.apple.libxpc.OSLaunchdJob:all] <OSLaunchdJob | handle=29418D94-9730-474E-9FE9-45B55B6ACB90>: start succeeded, info=running, pid=5116
2026-07-02 00:07:31.138172+0200 0x12da4    Default     0x9cb0a              4914   7    runningboardd: (RunningBoard) [com.apple.runningboard:ttl] existingInstance is: (null)
2026-07-02 00:07:31.138344+0200 0x12da4    Error       0x9cb0a              4914   0    runningboardd: (RunningBoard) [com.apple.runningboard:jetsam] memorystatus_control error: MEMORYSTATUS_CMD_CONVERT_MEMLIMIT_MB(-1) returned -1 1 (Operation not permitted)
2026-07-02 00:07:31.138352+0200 0x12da4    Error       0x9cb0a              4914   0    runningboardd: (RunningBoard) [com.apple.runningboard:jetsam] memorystatus_control error: MEMORYSTATUS_CMD_CONVERT_MEMLIMIT_MB(0) returned -1 1 (Operation not permitted)
2026-07-02 00:07:31.138357+0200 0x12da4    Error       0x9cb0a              4914   0    runningboardd: (RunningBoard) [com.apple.runningboard:jetsam] memorystatus_control error: MEMORYSTATUS_CMD_CONVERT_MEMLIMIT_MB(-1) returned -1 1 (Operation not permitted)
2026-07-02 00:07:31.138361+0200 0x12da4    Error       0x9cb0a              4914   0    runningboardd: (RunningBoard) [com.apple.runningboard:jetsam] memorystatus_control error: MEMORYSTATUS_CMD_CONVERT_MEMLIMIT_MB(0) returned -1 1 (Operation not permitted)
2026-07-02 00:07:31.138384+0200 0x12da4    Default     0x9cb0a              4914   0    runningboardd: (RunningBoardServices) [com.apple.runningboard:general] Full encoding handle [xpcservice<com.apple.Maps.GeneralMapsWidget([osservice<com.apple.chronod>:4955])>{vt hash: 65357341}[uuid:8A6239E6-FA8A-48CB-B1D0-C8CCBB6EA844]{definition:com.apple.Maps.GeneralMapsWidget[extension][client]}:5116], with data eacff23f000013fc, and pid 5116
2026-07-02 00:07:31.138473+0200 0x12da4    Default     0x9cb0a              4914   0    runningboardd: (RunningBoard) [com.apple.runningboard:process] [xpcservice<com.apple.Maps.GeneralMapsWidget([osservice<com.apple.chronod>:4955])>{vt hash: 65357341}[uuid:8A6239E6-FA8A-48CB-B1D0-C8CCBB6EA844]{definition:com.apple.Maps.GeneralMapsWidget[extension][client]}:5116] Memory Limits: active 0 inactive 0
 <RBJetsamProperties| tasklimit=0
(null)>
2026-07-02 00:07:31.138481+0200 0x12da4    Default     0x9cb0a              4914   0    runningboardd: (RunningBoard) [com.apple.runningboard:process] [xpcservice<com.apple.Maps.GeneralMapsWidget([osservice<com.apple.chronod>:4955])>{vt hash: 65357341}[uuid:8A6239E6-FA8A-48CB-B1D0-C8CCBB6EA844]{definition:com.apple.Maps.GeneralMapsWidget[extension][client]}:5116] This process will be managed.
2026-07-02 00:07:31.138484+0200 0x12da4    Error       0x9cb0a              4914   0    runningboardd: (RunningBoard) [com.apple.runningboard:process] [xpcservice<com.apple.Maps.GeneralMapsWidget([osservice<com.apple.chronod>:4955])>{vt hash: 65357341}[uuid:8A6239E6-FA8A-48CB-B1D0-C8CCBB6EA844]{definition:com.apple.Maps.GeneralMapsWidget[extension][client]}:5116] Memorystatus failed with unexpected error: Operation not permitted (1)
2026-07-02 00:07:31.138489+0200 0x12da4    Default     0x9cb0a              4914   0    runningboardd: (RunningBoard) [com.apple.runningboard:process] [xpcservice<com.apple.Maps.GeneralMapsWidget([osservice<com.apple.chronod>:4955])>{vt hash: 65357341}[uuid:8A6239E6-FA8A-48CB-B1D0-C8CCBB6EA844]{definition:com.apple.Maps.GeneralMapsWidget[extension][client]}:5116] is not freezer eligible, disabling freezing.
2026-07-02 00:07:31.138493+0200 0x12da4    Error       0x9cb0a              4914   0    runningboardd: (RunningBoard) [com.apple.runningboard:process] [xpcservice<com.apple.Maps.GeneralMapsWidget([osservice<com.apple.chronod>:4955])>{vt hash: 65357341}[uuid:8A6239E6-FA8A-48CB-B1D0-C8CCBB6EA844]{definition:com.apple.Maps.GeneralMapsWidget[extension][client]}:5116] Memorystatus failed with unexpected error: Invalid argument (22)
2026-07-02 00:07:31.138497+0200 0x12da4    Default     0x9cb0a              4914   7    runningboardd: (RunningBoard) [com.apple.runningboard:ttl] Now tracking process: [xpcservice<com.apple.Maps.GeneralMapsWidget([osservice<com.apple.chronod>:4955])>{vt hash: 65357341}[uuid:8A6239E6-FA8A-48CB-B1D0-C8CCBB6EA844]{definition:com.apple.Maps.GeneralMapsWidget[extension][client]}:5116]
2026-07-02 00:07:31.138501+0200 0x12da4    Default     0x9cb0a              4914   7    runningboardd: (RunningBoard) [com.apple.runningboard:ttl] Existing process in RBProcessIndex is: (null)
2026-07-02 00:07:31.138505+0200 0x12da4    Default     0x9cb0a              4914   7    runningboardd: (RunningBoard) [com.apple.runningboard:ttl] existingProcess in RBProcessManager is: (null)
2026-07-02 00:07:31.138509+0200 0x12da4    Default     0x9cb0a              4914   0    runningboardd: (RunningBoard) [com.apple.runningboard:general] Process HWM C 100(100) P 122(122) A 32(174) M 17(17)
2026-07-02 00:07:31.138538+0200 0x12da4    Default     0x9cb0a              4914   7    runningboardd: (RunningBoard) [com.apple.runningboard:ttl] Existing process in RBProcessIndex is: (null)
2026-07-02 00:07:31.138631+0200 0x12e67    Default     0x9cb0a              4914   7    runningboardd: (RunningBoard) [com.apple.runningboard:ttl] Existing process in RBProcessIndex is: (null)
2026-07-02 00:07:31.138640+0200 0x12e67    Default     0x9cb0a              4914   0    runningboardd: (RunningBoard) [com.apple.runningboard:monitor] Calculated state for xpcservice<com.apple.Maps.GeneralMapsWidget([osservice<com.apple.chronod>:4955])>{vt hash: 65357341}[uuid:8A6239E6-FA8A-48CB-B1D0-C8CCBB6EA844]{definition:com.apple.Maps.GeneralMapsWidget[extension][client]}: running-suspended (role: None) (endowments: (null))
2026-07-02 00:07:31.138649+0200 0x12da4    Default     0x9cb0a              4914   7    runningboardd: (RunningBoard) [com.apple.runningboard:ttl] Existing process in RBProcessIndex is: (null)
2026-07-02 00:07:31.138821+0200 0x128aa    Activity    0x9caf3              5035   0    SpringBoard: (RunningBoardServices) observedProcessStatesDidChange
2026-07-02 00:07:31.138920+0200 0x12e67    Default     0x9cb0a              4914   0    runningboardd: (AppServerSupport) [com.apple.libxpc.OSLaunchdJob:all] <OSLaunchdJob | handle=29418D94-9730-474E-9FE9-45B55B6ACB90>: monitor initial info is running, pid=5116
2026-07-02 00:07:31.138923+0200 0x12da4    Activity    0x9cb0b              4914   0    runningboardd: (RunningBoard) lookupHandleForKey
2026-07-02 00:07:31.138978+0200 0x12e67    Default     0x9cb0a              4914   0    runningboardd: (RunningBoard) [com.apple.runningboard:general] [xpcservice<com.apple.Maps.GeneralMapsWidget([osservice<com.apple.chronod>:4955])>{vt hash: 65357341}[uuid:8A6239E6-FA8A-48CB-B1D0-C8CCBB6EA844]{definition:com.apple.Maps.GeneralMapsWidget[extension][client]}:5116] reported to RB as running
2026-07-02 00:07:31.138995+0200 0x12e67    Default     0x9cb0a              4914   0    runningboardd: (AppServerSupport) [com.apple.libxpc.OSLaunchdJob:all] <OSLaunchdJob | handle=29418D94-9730-474E-9FE9-45B55B6ACB90>: starting monitoring
2026-07-02 00:07:31.139032+0200 0x12da4    Activity    0x9cb0c              4914   0    runningboardd: (RunningBoard) lookupHandleForKey
2026-07-02 00:07:31.139086+0200 0x12da4    Activity    0x9cb0d              4914   0    runningboardd: (RunningBoard) lookupHandleForKey
2026-07-02 00:07:31.139108+0200 0x128aa    Default     0x9caf3              5035   0    SpringBoard: (RunningBoardServices) [com.apple.runningboard:process] Hit the server for a process handle acff23f000013fc that resolved to: [xpcservice<com.apple.Maps.GeneralMapsWidget([osservice<com.apple.chronod>:4955])>{vt hash: 65357341}[uuid:8A6239E6-FA8A-48CB-B1D0-C8CCBB6EA844]{definition:com.apple.Maps.GeneralMapsWidget[extension][client]}:5116]
2026-07-02 00:07:31.139144+0200 0x128aa    Default     0x9caf3              5035   0    SpringBoard: (RunningBoardServices) [com.apple.runningboard:monitor] Received state update for 5116 (xpcservice<com.apple.Maps.GeneralMapsWidget([osservice<com.apple.chronod>:4955])>{vt hash: 65357341}[uuid:8A6239E6-FA8A-48CB-B1D0-C8CCBB6EA844]{definition:com.apple.Maps.GeneralMapsWidget[extension][client]}, running-suspended-NotVisible
2026-07-02 00:07:31.139241+0200 0x12da4    Activity    0x9cb0e              4914   0    runningboardd: (RunningBoard) lookupHandleForKey
2026-07-02 00:07:31.139328+0200 0x12da4    Activity    0x9cb0f              4914   0    runningboardd: (RunningBoard) statesForPredicate
2026-07-02 00:07:31.139466+0200 0x12da4    Activity    0x9cf40              4914   0    runningboardd: (RunningBoard) hostProcessForInstance
2026-07-02 00:07:31.139697+0200 0x12e67    Activity    0x9cf41              4914   0    runningboardd: (RunningBoard) acquireAssertionWithDescriptor
2026-07-02 00:07:31.139737+0200 0x12e67    Default     0x9cf41              4914   7    runningboardd: (RunningBoard) [com.apple.runningboard:ttl] Acquiring assertion targeting [xpcservice<com.apple.Maps.GeneralMapsWidget([osservice<com.apple.chronod>:4955])>{vt hash: 65357341}[uuid:8A6239E6-FA8A-48CB-B1D0-C8CCBB6EA844]{definition:com.apple.Maps.GeneralMapsWidget[extension][client]}:5116] from originator [xpcservice<com.apple.extensionkitservice([osservice<com.apple.chronod>:4955])>{vt hash: 0}{definition:com.apple.extensionkitservice[standard][client]}:5054:5054] with description <RBSAssertionDescriptor| "Taking assertion for pid 5116" ID:4914-5054-620 target:5116 attributes:[
	<RBSDomainAttribute| domain:"com.apple.chronod" name:"WidgetExtensionRun-QOS-Utility" sourceEnvironment:"(null)">
	]>
2026-07-02 00:07:31.139812+0200 0x12e67    Default     0x9cf41              4914   7    runningboardd: (RunningBoard) [com.apple.runningboard:ttl] Assertion 4914-5054-620 (target:[xpcservice<com.apple.Maps.GeneralMapsWidget([osservice<com.apple.chronod>:4955])>{vt hash: 65357341}[uuid:8A6239E6-FA8A-48CB-B1D0-C8CCBB6EA844]{definition:com.apple.Maps.GeneralMapsWidget[extension][client]}:5116]) will be created as active
2026-07-02 00:07:31.139999+0200 0x12da4    Activity    0x9cf42              4914   0    runningboardd: (RunningBoard) state update
2026-07-02 00:07:31.140122+0200 0x12da4    Default     0x9cf41              4914   0    runningboardd: (RunningBoard) [com.apple.runningboard:monitor] Calculated state for xpcservice<com.apple.Maps.GeneralMapsWidget([osservice<com.apple.chronod>:4955])>{vt hash: 65357341}[uuid:8A6239E6-FA8A-48CB-B1D0-C8CCBB6EA844]{definition:com.apple.Maps.GeneralMapsWidget[extension][client]}: running-active (role: LaunchTAL) (endowments: (null))
2026-07-02 00:07:31.140146+0200 0x12e67    Default     0x9cf41              4914   7    runningboardd: (RunningBoard) [com.apple.runningboard:ttl] [xpcservice<com.apple.Maps.GeneralMapsWidget([osservice<com.apple.chronod>:4955])>{vt hash: 65357341}[uuid:8A6239E6-FA8A-48CB-B1D0-C8CCBB6EA844]{definition:com.apple.Maps.GeneralMapsWidget[extension][client]}:5116] Resuming task.
2026-07-02 00:07:31.140170+0200 0x12e68    Default     0x9cf41              4914   0    runningboardd: (RunningBoard) [com.apple.runningboard:power] Acquired process power assertion with ID 65535 for pid 5116
2026-07-02 00:07:31.140279+0200 0x12e69    Activity    0x9caf4              5035   0    SpringBoard: (RunningBoardServices) observedProcessStatesDidChange
2026-07-02 00:07:31.140331+0200 0x12e69    Default     0x9caf4              5035   0    SpringBoard: (RunningBoardServices) [com.apple.runningboard:monitor] Received state update for 5116 (xpcservice<com.apple.Maps.GeneralMapsWidget([osservice<com.apple.chronod>:4955])>{vt hash: 65357341}[uuid:8A6239E6-FA8A-48CB-B1D0-C8CCBB6EA844]{definition:com.apple.Maps.GeneralMapsWidget[extension][client]}, running-active-NotVisible
2026-07-02 00:07:31.140428+0200 0x12da5    Activity    0x9cf43              4914   0    runningboardd: (RunningBoard) statesForPredicate
2026-07-02 00:07:31.140515+0200 0x12da5    Activity    0x9cf44              4914   0    runningboardd: (RunningBoard) invalidateAssertionWithIdentifier
2026-07-02 00:07:31.140590+0200 0x12da5    Default     0x9cf44              4914   7    runningboardd: (RunningBoard) [com.apple.runningboard:ttl] Invalidating assertion 4914-5054-620 (target:[xpcservice<com.apple.Maps.GeneralMapsWidget([osservice<com.apple.chronod>:4955])>{vt hash: 65357341}[uuid:8A6239E6-FA8A-48CB-B1D0-C8CCBB6EA844]{definition:com.apple.Maps.GeneralMapsWidget[extension][client]}:5116]) from originator [xpcservice<com.apple.extensionkitservice([osservice<com.apple.chronod>:4955])>{vt hash: 0}{definition:com.apple.extensionkitservice[standard][client]}:5054:5054]
2026-07-02 00:07:31.140791+0200 0x12da5    Activity    0x9cf45              4914   0    runningboardd: (RunningBoard) hostProcessForInstance
2026-07-02 00:07:31.141035+0200 0x12da5    Activity    0x9cf46              4914   0    runningboardd: (RunningBoard) subscribeToProcessDeath
2026-07-02 00:07:31.141208+0200 0x12da5    Activity    0x9cf47              4914   0    runningboardd: (RunningBoard) acquireAssertionWithDescriptor
2026-07-02 00:07:31.141308+0200 0x12da5    Default     0x9cf47              4914   7    runningboardd: (RunningBoard) [com.apple.runningboard:ttl] Acquiring assertion targeting [xpcservice<com.apple.Maps.GeneralMapsWidget([osservice<com.apple.chronod>:4955])>{vt hash: 65357341}[uuid:8A6239E6-FA8A-48CB-B1D0-C8CCBB6EA844]{definition:com.apple.Maps.GeneralMapsWidget[extension][client]}:5116] from originator [osservice<com.apple.chronod>:4955] with description <RBSAssertionDescriptor| "Taking assertion for pid 5116" ID:4914-4955-621 target:5116 attributes:[
	<RBSDomainAttribute| domain:"com.apple.chronod" name:"WidgetExtensionRun-QOS-Utility" sourceEnvironment:"(null)">
	]>
2026-07-02 00:07:31.141387+0200 0x12da5    Default     0x9cf47              4914   7    runningboardd: (RunningBoard) [com.apple.runningboard:ttl] Assertion 4914-4955-621 (target:[xpcservice<com.apple.Maps.GeneralMapsWidget([osservice<com.apple.chronod>:4955])>{vt hash: 65357341}[uuid:8A6239E6-FA8A-48CB-B1D0-C8CCBB6EA844]{definition:com.apple.Maps.GeneralMapsWidget[extension][client]}:5116]) will be created as active
2026-07-02 00:07:31.141424+0200 0x12e70    Activity    0x9cf48              4914   0    runningboardd: (RunningBoard) state update
2026-07-02 00:07:31.141579+0200 0x12e68    Default     0x9cf47              4914   7    runningboardd: (RunningBoard) [com.apple.runningboard:ttl] Attempting to rename power assertion 65535 for target xpcservice<com.apple.Maps.GeneralMapsWidget([osservice<com.apple.chronod>:4955])>{vt hash: 65357341}[uuid:8A6239E6-FA8A-48CB-B1D0-C8CCBB6EA844]{definition:com.apple.Maps.GeneralMapsWidget[extension][client]} to xpcservice<com.apple.Maps.GeneralMapsWidget([osservice<com.apple.chronod>:4955])>{vt hash: 65357341}[uuid:8A6239E6-FA8A-48CB-B1D0-C8CCBB6EA844]{definition:com.apple.Maps.GeneralMapsWidget[extension][client]};4914-4955-621:Taking assertion for pid 5116;4914-5054-620:Taking assertion for pid 5116
2026-07-02 00:07:31.142753+0200 0x12e67    Default     0x9cf41              4914   7    runningboardd: (RunningBoard) [com.apple.runningboard:ttl] [xpcservice<com.apple.Maps.GeneralMapsWidget([osservice<com.apple.chronod>:4955])>{vt hash: 65357341}[uuid:8A6239E6-FA8A-48CB-B1D0-C8CCBB6EA844]{definition:com.apple.Maps.GeneralMapsWidget[extension][client]}:5116] Set darwin role to: LaunchTAL
2026-07-02 00:07:31.142767+0200 0x12e67    Error       0x9cf41              4914   0    runningboardd: (RunningBoard) [com.apple.runningboard:process] 5116 Error setting Darwin GPU to "Denys" (2): Operation not permitted
2026-07-02 00:07:31.142780+0200 0x12e67    Error       0x9cf41              4914   0    runningboardd: (RunningBoard) [com.apple.runningboard:process] [xpcservice<com.apple.Maps.GeneralMapsWidget([osservice<com.apple.chronod>:4955])>{vt hash: 65357341}[uuid:8A6239E6-FA8A-48CB-B1D0-C8CCBB6EA844]{definition:com.apple.Maps.GeneralMapsWidget[extension][client]}:5116] Error 1 setting Carplay mode to 0: Operation not permitted
2026-07-02 00:07:31.143462+0200 0x12e67    Activity    0x9cf49              4914   0    runningboardd: (RunningBoard) executeLaunchRequest
2026-07-02 00:07:31.143547+0200 0x12e67    Default     0x9cf49              4914   7    runningboardd: (RunningBoard) [com.apple.runningboard:ttl] Executing launch request for xpcservice<com.apple.Batteries.BatteriesAvocadoWidgetExtension([osservice<com.apple.chronod>:4955])>{vt hash: 224486580}[uuid:8A6239E6-FA8A-48CB-B1D0-C8CCBB6EA844]{definition:com.apple.Batteries.BatteriesAvocadoWidgetExtension[extension][client]} (Launching extension com.apple.Batteries.BatteriesAvocadoWidgetExtension(F3C91851-803F-48A5-8541-BCB5DCCA5C35 for host 4955) from requestor: [xpcservice<com.apple.extensionkitservice([osservice<com.apple.chronod>:4955])>{vt hash: 0}{definition:com.apple.extensionkitservice[standard][client]}:5054:5054]
2026-07-02 00:07:31.143555+0200 0x12e67    Default     0x9cf49              4914   0    runningboardd: (RunningBoard) [com.apple.runningboard:process] Checking PreventLaunch: global:0 exPath:(null) predicates:(null) allow:(null)
2026-07-02 00:07:31.143567+0200 0x12e67    Default     0x9cf49              4914   0    runningboardd: (RunningBoard) [com.apple.runningboard:job] Creating and launching job for: xpcservice<com.apple.Batteries.BatteriesAvocadoWidgetExtension([osservice<com.apple.chronod>:4955])>{vt hash: 224486580}[uuid:8A6239E6-FA8A-48CB-B1D0-C8CCBB6EA844]{definition:com.apple.Batteries.BatteriesAvocadoWidgetExtension[extension][client]}
2026-07-02 00:07:31.143624+0200 0x12e71    Default     0x9cf49              4914   0    runningboardd: (RunningBoard) [com.apple.runningboard:job_oversize] '8A6239E6-FA8A-48CB-B1D0-C8CCBB6EA844' Submitting extension overlay (host PID 4955, path /Library/Developer/CoreSimulator/Volumes/iOS_23F77/Library/Developer/CoreSimulator/Profiles/Runtimes/iOS 26.5.simruntime/Contents/Resources/RuntimeRoot/Applications/Batteries.app/PlugIns/BatteriesAvocadoWidgetExtension.appex/BatteriesAvocadoWidgetExtension):
<dictionary: 0x105893c00> { count = 2, transaction: 0, voucher = 0x0, contents =
	"XPCService" => <dictionary: 0x1058901e0> { count = 16, transaction: 0, voucher = 0x0, contents =
		"_ManagedBy" => <string: 0x1058ee610> { string cache = 0x0, length = 22, contents = "com.apple.runningboard" }
		"RunLoopType" => <string: 0x1058ec7e0> { string cache = 0x0, length = 9, contents = "NSRunLoop" }
		"Platform" => <int64: 0x9ee0c886ab443377>: 7
		"JoinExistingSession" => <bool: 0x1e6e64560>: false
		"_SandboxProfile" => <string: 0x1058ec210> { string cache = 0x0, length = 6, contents = "plugin" }
		"_LaunchWatchdogTimeOut" => <int64: 0x9ee0c886ab44334f>: 0
		"_AdditionalSubServices" => <dictionary: 0x105890840> { count = 1, transaction: 0, voucher = 0x0, contents =
			"xpc-session" => <bool: 0x1e6e64540>: true
		}
		"_ProcessType" => <string: 0x1058efed0> { string cache = 0x0, length = 8, contents = "AppNonUI" }
		"_AdditionalProperties" => <dictionary: 0x105893180> { count = 1, transaction: 0, voucher = 0x0, contents =
			"RunningBoard" => <dictionary: 0x105892e80> { count = 3, transaction: 0, voucher = 0x0, contents =
				"RunningBoardLaunchedIdentity" => <dictionary: 0x105893cc0> { count = 6, transaction: 0, voucher = 0x0, contents =
					"TYPE" => <int64: 0x9ee0c886ab44336f>: 4
					"v" => <data: 0x101c50f40>: { length = 110 bytes, contents = 0x7b226164646974696f6e616c456e7669726f6e6d656e7456... }
					"h" => <int64: 0x9ee0c886ab44a997>: 4955
					"i" => <string: 0x1058ed560> { string cache = 0x0, length = 51, contents = "com.apple.Batteries.BatteriesAvocadoWidgetExtension" }
					"r" => <int64: 0x9ee0c886ab44335f>: 2
					"H" => <dictionary: 0x105893120> { count = 4, transaction: 0, voucher = 0x0, contents =
						"l" => <string: 0x1058ed290> { string cache = 0x0, length = 17, contents = "com.apple.chronod" }
						"t" => <int64: 0x9ee0c886ab44335f>: 2
						"TYPE" => <int64: 0x9ee0c886ab44337f>: 6
						"p" => <int64: 0x9ee0c886ab44334f>: 0
					}
				}
				"RunningBoardLaunched" => <bool: 0x1e6e64540>: true
				"LaunchRequestEndpointIdentifiers" => <dictionary: 0x1058916e0> { count = 2, transaction: 0, voucher = 0x0, contents =
					"com.apple.Batteries.BatteriesAvocadoWidgetExtension.xpc-session" => <bool: 0x1e6e64540>: true
					"com.apple.Batteries.BatteriesAvocadoWidgetExtension" => <bool: 0x1e6e64540>: true
				}
			}
		}
		"EnvironmentVariables" => <dictionary: 0x1058907e0> { count = 2, transaction: 0, voucher = 0x0, contents =
			"EXTENSION_KIT_EXTENSION_TYPE" => <string: 0x1058ef330> { string cache = 0x0, length = 1, contents = "1" }
			"BSServiceDomains" => <string: 0x1058ed7a0> { string cache = 0x0, length = 46, contents = "{"XPCService":{"Services":{"MainService":{}}}}" }
		}
		"_OmitSandboxParameters" => <bool: 0x1e6e64560>: false
		"_AbandonCoalition" => <bool: 0x1e6e64540>: true
		"_MultipleInstances" => <bool: 0x1e6e64540>: true
		"ServiceType" => <string: 0x1058ee790> { string cache = 0x0, length = 11, contents = "Application" }
		"_ManagedBy_Services" => <array: 0x1058efea0> { count = 2, capacity = 8, contents =
			0: <string: 0x1058eff30> { string cache = 0x0, length = 51, contents = "com.apple.Batteries.BatteriesAvocadoWidgetExtension" }
			1: <string: 0x1058ee8b0> { string cache = 0x0, length = 63, contents = "com.apple.Batteries.BatteriesAvocadoWidgetExtension.xpc-session" }
		}
		"ProgramArguments" => <array: 0x1058edc20> { count = 3, capacity = 8, contents =
			0: <string: 0x1058ec870> { string cache = 0x0, length = 256, contents = "/Library/Developer/CoreSimulator/Volumes/iOS_23F77/Library/Developer/CoreSimulator/Profiles/Runtimes/iOS 26.5.simruntime/Contents/Resources/RuntimeRoot/Applications/Batteries.app/PlugIns/BatteriesAvocadoWidgetExtension.appex/BatteriesAvocadoWidgetExtension" }
			1: <string: 0x1058ec450> { string cache = 0x0, length = 16, contents = "-LaunchArguments" }
			2: <string: 0x1058ee8e0> { string cache = 0x0, length = 140, contents = "eyJzZXJ2aWNlTmFtZSI6ImNvbS5hcHBsZS5CYXR0ZXJpZXMuQmF0dGVyaWVzQXZvY2Fkb1dpZGdldEV4dGVuc2lvbiIsImVuaGFuY2VkU2VjdXJpdHkiOmZhbHNlLCJ0eXBlIjoxfQ==" }
		}
	}
	"CFBundlePackageType" => <string: 0x1058ef7b0> { string cache = 0x0, length = 4, contents = "XPC!" }
}
2026-07-02 00:07:31.143819+0200 0x12e67    Default     0x9cf49              4914   0    runningboardd: (AppServerSupport) [com.apple.libxpc.OSLaunchdJob:all] <OSLaunchdJob | handle=F5BCF4CF-1A21-4F6C-A1E0-4B3C2FBE2ADE>: submitExtension created a job
2026-07-02 00:07:31.143888+0200 0x12e67    Default     0x9cf49              4914   0    runningboardd: (AppServerSupport) [com.apple.libxpc.OSLaunchdJob:all] <OSLaunchdJob | handle=F5BCF4CF-1A21-4F6C-A1E0-4B3C2FBE2ADE>: createInstance created a job <OSLaunchdJob | handle=F1870A1F-7586-4A63-BA8A-5A039A4F567B>
2026-07-02 00:07:31.204245+0200 0x12e67    Default     0x9cf49              4914   0    runningboardd: (AppServerSupport) [com.apple.libxpc.OSLaunchdJob:all] <OSLaunchdJob | handle=F1870A1F-7586-4A63-BA8A-5A039A4F567B>: start succeeded, info=running, pid=5117
2026-07-02 00:07:31.204499+0200 0x12e67    Default     0x9cf49              4914   7    runningboardd: (RunningBoard) [com.apple.runningboard:ttl] existingInstance is: (null)
2026-07-02 00:07:31.204676+0200 0x12e67    Error       0x9cf49              4914   0    runningboardd: (RunningBoard) [com.apple.runningboard:jetsam] memorystatus_control error: MEMORYSTATUS_CMD_CONVERT_MEMLIMIT_MB(-1) returned -1 1 (Operation not permitted)
2026-07-02 00:07:31.204683+0200 0x12e67    Error       0x9cf49              4914   0    runningboardd: (RunningBoard) [com.apple.runningboard:jetsam] memorystatus_control error: MEMORYSTATUS_CMD_CONVERT_MEMLIMIT_MB(0) returned -1 1 (Operation not permitted)
2026-07-02 00:07:31.204688+0200 0x12e67    Error       0x9cf49              4914   0    runningboardd: (RunningBoard) [com.apple.runningboard:jetsam] memorystatus_control error: MEMORYSTATUS_CMD_CONVERT_MEMLIMIT_MB(-1) returned -1 1 (Operation not permitted)
2026-07-02 00:07:31.204692+0200 0x12e67    Error       0x9cf49              4914   0    runningboardd: (RunningBoard) [com.apple.runningboard:jetsam] memorystatus_control error: MEMORYSTATUS_CMD_CONVERT_MEMLIMIT_MB(0) returned -1 1 (Operation not permitted)
2026-07-02 00:07:31.204710+0200 0x12e67    Default     0x9cf49              4914   0    runningboardd: (RunningBoardServices) [com.apple.runningboard:general] Full encoding handle [xpcservice<com.apple.Batteries.BatteriesAvocadoWidgetExtension([osservice<com.apple.chronod>:4955])>{vt hash: 224486580}[uuid:8A6239E6-FA8A-48CB-B1D0-C8CCBB6EA844]{definition:com.apple.Batteries.BatteriesAvocadoWidgetExtension[extension][client]}:5117], with data e0b8b502000013fd, and pid 5117
2026-07-02 00:07:31.204787+0200 0x12e67    Default     0x9cf49              4914   0    runningboardd: (RunningBoard) [com.apple.runningboard:process] [xpcservice<com.apple.Batteries.BatteriesAvocadoWidgetExtension([osservice<com.apple.chronod>:4955])>{vt hash: 224486580}[uuid:8A6239E6-FA8A-48CB-B1D0-C8CCBB6EA844]{definition:com.apple.Batteries.BatteriesAvocadoWidgetExtension[extension][client]}:5117] Memory Limits: active 0 inactive 0
 <RBJetsamProperties| tasklimit=0
(null)>
2026-07-02 00:07:31.204795+0200 0x12e67    Default     0x9cf49              4914   0    runningboardd: (RunningBoard) [com.apple.runningboard:process] [xpcservice<com.apple.Batteries.BatteriesAvocadoWidgetExtension([osservice<com.apple.chronod>:4955])>{vt hash: 224486580}[uuid:8A6239E6-FA8A-48CB-B1D0-C8CCBB6EA844]{definition:com.apple.Batteries.BatteriesAvocadoWidgetExtension[extension][client]}:5117] This process will be managed.
2026-07-02 00:07:31.204799+0200 0x12e67    Error       0x9cf49              4914   0    runningboardd: (RunningBoard) [com.apple.runningboard:process] [xpcservice<com.apple.Batteries.BatteriesAvocadoWidgetExtension([osservice<com.apple.chronod>:4955])>{vt hash: 224486580}[uuid:8A6239E6-FA8A-48CB-B1D0-C8CCBB6EA844]{definition:com.apple.Batteries.BatteriesAvocadoWidgetExtension[extension][client]}:5117] Memorystatus failed with unexpected error: Operation not permitted (1)
2026-07-02 00:07:31.204804+0200 0x12e67    Default     0x9cf49              4914   0    runningboardd: (RunningBoard) [com.apple.runningboard:process] [xpcservice<com.apple.Batteries.BatteriesAvocadoWidgetExtension([osservice<com.apple.chronod>:4955])>{vt hash: 224486580}[uuid:8A6239E6-FA8A-48CB-B1D0-C8CCBB6EA844]{definition:com.apple.Batteries.BatteriesAvocadoWidgetExtension[extension][client]}:5117] is not freezer eligible, disabling freezing.
2026-07-02 00:07:31.204808+0200 0x12e67    Error       0x9cf49              4914   0    runningboardd: (RunningBoard) [com.apple.runningboard:process] [xpcservice<com.apple.Batteries.BatteriesAvocadoWidgetExtension([osservice<com.apple.chronod>:4955])>{vt hash: 224486580}[uuid:8A6239E6-FA8A-48CB-B1D0-C8CCBB6EA844]{definition:com.apple.Batteries.BatteriesAvocadoWidgetExtension[extension][client]}:5117] Memorystatus failed with unexpected error: Invalid argument (22)
2026-07-02 00:07:31.204811+0200 0x12e67    Default     0x9cf49              4914   7    runningboardd: (RunningBoard) [com.apple.runningboard:ttl] Now tracking process: [xpcservice<com.apple.Batteries.BatteriesAvocadoWidgetExtension([osservice<com.apple.chronod>:4955])>{vt hash: 224486580}[uuid:8A6239E6-FA8A-48CB-B1D0-C8CCBB6EA844]{definition:com.apple.Batteries.BatteriesAvocadoWidgetExtension[extension][client]}:5117]
2026-07-02 00:07:31.204820+0200 0x12e67    Default     0x9cf49              4914   7    runningboardd: (RunningBoard) [com.apple.runningboard:ttl] Existing process in RBProcessIndex is: (null)
2026-07-02 00:07:31.204824+0200 0x12e67    Default     0x9cf49              4914   7    runningboardd: (RunningBoard) [com.apple.runningboard:ttl] existingProcess in RBProcessManager is: (null)
2026-07-02 00:07:31.204844+0200 0x12e67    Default     0x9cf49              4914   0    runningboardd: (RunningBoard) [com.apple.runningboard:general] Process HWM C 100(100) P 123(123) A 34(174) M 17(17)
2026-07-02 00:07:31.204869+0200 0x12e67    Default     0x9cf49              4914   7    runningboardd: (RunningBoard) [com.apple.runningboard:ttl] Existing process in RBProcessIndex is: (null)
2026-07-02 00:07:31.204930+0200 0x12da4    Default     0x9cf49              4914   7    runningboardd: (RunningBoard) [com.apple.runningboard:ttl] Existing process in RBProcessIndex is: (null)
2026-07-02 00:07:31.204930+0200 0x12e67    Default     0x9cf49              4914   7    runningboardd: (RunningBoard) [com.apple.runningboard:ttl] Existing process in RBProcessIndex is: (null)
2026-07-02 00:07:31.204985+0200 0x12da4    Default     0x9cf49              4914   0    runningboardd: (RunningBoard) [com.apple.runningboard:monitor] Calculated state for xpcservice<com.apple.Batteries.BatteriesAvocadoWidgetExtension([osservice<com.apple.chronod>:4955])>{vt hash: 224486580}[uuid:8A6239E6-FA8A-48CB-B1D0-C8CCBB6EA844]{definition:com.apple.Batteries.BatteriesAvocadoWidgetExtension[extension][client]}: running-suspended (role: None) (endowments: (null))
2026-07-02 00:07:31.205101+0200 0x12e70    Default     0x9cf49              4914   0    runningboardd: (AppServerSupport) [com.apple.libxpc.OSLaunchdJob:all] <OSLaunchdJob | handle=F1870A1F-7586-4A63-BA8A-5A039A4F567B>: monitor initial info is running, pid=5117
2026-07-02 00:07:31.205122+0200 0x12e69    Activity    0x9caf5              5035   0    SpringBoard: (RunningBoardServices) observedProcessStatesDidChange
2026-07-02 00:07:31.205164+0200 0x12e70    Default     0x9cf49              4914   0    runningboardd: (RunningBoard) [com.apple.runningboard:general] [xpcservice<com.apple.Batteries.BatteriesAvocadoWidgetExtension([osservice<com.apple.chronod>:4955])>{vt hash: 224486580}[uuid:8A6239E6-FA8A-48CB-B1D0-C8CCBB6EA844]{definition:com.apple.Batteries.BatteriesAvocadoWidgetExtension[extension][client]}:5117] reported to RB as running
2026-07-02 00:07:31.205181+0200 0x12e70    Default     0x9cf49              4914   0    runningboardd: (AppServerSupport) [com.apple.libxpc.OSLaunchdJob:all] <OSLaunchdJob | handle=F1870A1F-7586-4A63-BA8A-5A039A4F567B>: starting monitoring
2026-07-02 00:07:31.205186+0200 0x12e71    Activity    0x9cf4a              4914   0    runningboardd: (RunningBoard) lookupHandleForKey
2026-07-02 00:07:31.205336+0200 0x12e67    Activity    0x9cf4b              4914   0    runningboardd: (RunningBoard) lookupHandleForKey
2026-07-02 00:07:31.205365+0200 0x12e69    Default     0x9caf5              5035   0    SpringBoard: (RunningBoardServices) [com.apple.runningboard:process] Hit the server for a process handle b8b502000013fd that resolved to: [xpcservice<com.apple.Batteries.BatteriesAvocadoWidgetExtension([osservice<com.apple.chronod>:4955])>{vt hash: 224486580}[uuid:8A6239E6-FA8A-48CB-B1D0-C8CCBB6EA844]{definition:com.apple.Batteries.BatteriesAvocadoWidgetExtension[extension][client]}:5117]
2026-07-02 00:07:31.205390+0200 0x12e69    Default     0x9caf5              5035   0    SpringBoard: (RunningBoardServices) [com.apple.runningboard:monitor] Received state update for 5117 (xpcservice<com.apple.Batteries.BatteriesAvocadoWidgetExtension([osservice<com.apple.chronod>:4955])>{vt hash: 224486580}[uuid:8A6239E6-FA8A-48CB-B1D0-C8CCBB6EA844]{definition:com.apple.Batteries.BatteriesAvocadoWidgetExtension[extension][client]}, running-suspended-NotVisible
2026-07-02 00:07:31.205394+0200 0x12e67    Activity    0x9cf4c              4914   0    runningboardd: (RunningBoard) hostProcessForInstance
2026-07-02 00:07:31.205591+0200 0x12e67    Activity    0x9cf4d              4914   0    runningboardd: (RunningBoard) statesForPredicate
2026-07-02 00:07:31.205788+0200 0x12e67    Activity    0x9cf4e              4914   0    runningboardd: (RunningBoard) lookupHandleForKey
2026-07-02 00:07:31.205904+0200 0x12e67    Activity    0x9cf4f              4914   0    runningboardd: (RunningBoard) acquireAssertionWithDescriptor
2026-07-02 00:07:31.205997+0200 0x12e67    Default     0x9cf4f              4914   7    runningboardd: (RunningBoard) [com.apple.runningboard:ttl] Acquiring assertion targeting [xpcservice<com.apple.Batteries.BatteriesAvocadoWidgetExtension([osservice<com.apple.chronod>:4955])>{vt hash: 224486580}[uuid:8A6239E6-FA8A-48CB-B1D0-C8CCBB6EA844]{definition:com.apple.Batteries.BatteriesAvocadoWidgetExtension[extension][client]}:5117] from originator [xpcservice<com.apple.extensionkitservice([osservice<com.apple.chronod>:4955])>{vt hash: 0}{definition:com.apple.extensionkitservice[standard][client]}:5054:5054] with description <RBSAssertionDescriptor| "Taking assertion for pid 5117" ID:4914-5054-622 target:5117 attributes:[
	<RBSDomainAttribute| domain:"com.apple.chronod" name:"WidgetExtensionRun-QOS-Utility" sourceEnvironment:"(null)">
	]>
2026-07-02 00:07:31.206063+0200 0x12e67    Default     0x9cf4f              4914   7    runningboardd: (RunningBoard) [com.apple.runningboard:ttl] Assertion 4914-5054-622 (target:[xpcservice<com.apple.Batteries.BatteriesAvocadoWidgetExtension([osservice<com.apple.chronod>:4955])>{vt hash: 224486580}[uuid:8A6239E6-FA8A-48CB-B1D0-C8CCBB6EA844]{definition:com.apple.Batteries.BatteriesAvocadoWidgetExtension[extension][client]}:5117]) will be created as active
2026-07-02 00:07:31.206215+0200 0x12e71    Activity    0x9cf50              4914   0    runningboardd: (RunningBoard) state update
2026-07-02 00:07:31.206383+0200 0x12e70    Default     0x9cf4f              4914   7    runningboardd: (RunningBoard) [com.apple.runningboard:ttl] [xpcservice<com.apple.Batteries.BatteriesAvocadoWidgetExtension([osservice<com.apple.chronod>:4955])>{vt hash: 224486580}[uuid:8A6239E6-FA8A-48CB-B1D0-C8CCBB6EA844]{definition:com.apple.Batteries.BatteriesAvocadoWidgetExtension[extension][client]}:5117] Resuming task.
2026-07-02 00:07:31.206395+0200 0x12e71    Default     0x9cf4f              4914   0    runningboardd: (RunningBoard) [com.apple.runningboard:power] Acquired process power assertion with ID 65535 for pid 5117
2026-07-02 00:07:31.206398+0200 0x12da5    Default     0x9cf4f              4914   0    runningboardd: (RunningBoard) [com.apple.runningboard:monitor] Calculated state for xpcservice<com.apple.Batteries.BatteriesAvocadoWidgetExtension([osservice<com.apple.chronod>:4955])>{vt hash: 224486580}[uuid:8A6239E6-FA8A-48CB-B1D0-C8CCBB6EA844]{definition:com.apple.Batteries.BatteriesAvocadoWidgetExtension[extension][client]}: running-active (role: LaunchTAL) (endowments: (null))
2026-07-02 00:07:31.206553+0200 0x12e67    Activity    0x9cf51              4914   0    runningboardd: (RunningBoard) lookupHandleForKey
2026-07-02 00:07:31.206582+0200 0x128aa    Activity    0x9caf6              5035   0    SpringBoard: (RunningBoardServices) observedProcessStatesDidChange
2026-07-02 00:07:31.206634+0200 0x128aa    Default     0x9caf6              5035   0    SpringBoard: (RunningBoardServices) [com.apple.runningboard:monitor] Received state update for 5117 (xpcservice<com.apple.Batteries.BatteriesAvocadoWidgetExtension([osservice<com.apple.chronod>:4955])>{vt hash: 224486580}[uuid:8A6239E6-FA8A-48CB-B1D0-C8CCBB6EA844]{definition:com.apple.Batteries.BatteriesAvocadoWidgetExtension[extension][client]}, running-active-NotVisible
2026-07-02 00:07:31.206691+0200 0x12e67    Activity    0x9cf52              4914   0    runningboardd: (RunningBoard) invalidateAssertionWithIdentifier
2026-07-02 00:07:31.206707+0200 0x12e67    Default     0x9cf52              4914   7    runningboardd: (RunningBoard) [com.apple.runningboard:ttl] Invalidating assertion 4914-5054-622 (target:[xpcservice<com.apple.Batteries.BatteriesAvocadoWidgetExtension([osservice<com.apple.chronod>:4955])>{vt hash: 224486580}[uuid:8A6239E6-FA8A-48CB-B1D0-C8CCBB6EA844]{definition:com.apple.Batteries.BatteriesAvocadoWidgetExtension[extension][client]}:5117]) from originator [xpcservice<com.apple.extensionkitservice([osservice<com.apple.chronod>:4955])>{vt hash: 0}{definition:com.apple.extensionkitservice[standard][client]}:5054:5054]
2026-07-02 00:07:31.206841+0200 0x12e67    Activity    0x9cf53              4914   0    runningboardd: (RunningBoard) statesForPredicate
2026-07-02 00:07:31.206999+0200 0x12e67    Activity    0x9cf54              4914   0    runningboardd: (RunningBoard) hostProcessForInstance
2026-07-02 00:07:31.207197+0200 0x12e67    Activity    0x9cf55              4914   0    runningboardd: (RunningBoard) acquireAssertionWithDescriptor
2026-07-02 00:07:31.207342+0200 0x12e67    Default     0x9cf55              4914   7    runningboardd: (RunningBoard) [com.apple.runningboard:ttl] Acquiring assertion targeting [xpcservice<com.apple.Maps.GeneralMapsWidget([osservice<com.apple.chronod>:4955])>{vt hash: 65357341}[uuid:8A6239E6-FA8A-48CB-B1D0-C8CCBB6EA844]{definition:com.apple.Maps.GeneralMapsWidget[extension][client]}:5116] from originator [osservice<com.apple.chronod>:4955] with description <RBSAssertionDescriptor| "[Maps.GeneralMapsWidget-23E13A1757A3]" ID:4914-4955-623 target:5116 attributes:[
	<RBSDomainAttribute| domain:"com.apple.chronod" name:"WidgetExtensionRun-QOS-Utility" sourceEnvironment:"(null)">
	]>
2026-07-02 00:07:31.207511+0200 0x12e67    Default     0x9cf55              4914   7    runningboardd: (RunningBoard) [com.apple.runningboard:ttl] Assertion 4914-4955-623 (target:[xpcservice<com.apple.Maps.GeneralMapsWidget([osservice<com.apple.chronod>:4955])>{vt hash: 65357341}[uuid:8A6239E6-FA8A-48CB-B1D0-C8CCBB6EA844]{definition:com.apple.Maps.GeneralMapsWidget[extension][client]}:5116]) will be created as active
2026-07-02 00:07:31.207680+0200 0x12da4    Activity    0x9cf56              4914   0    runningboardd: (RunningBoard) state update
2026-07-02 00:07:31.207736+0200 0x12e67    Activity    0x9cf57              4914   0    runningboardd: (RunningBoard) subscribeToProcessDeath
2026-07-02 00:07:31.208032+0200 0x12e71    Default     0x9cf55              4914   7    runningboardd: (RunningBoard) [com.apple.runningboard:ttl] Attempting to rename power assertion 65535 for target xpcservice<com.apple.Maps.GeneralMapsWidget([osservice<com.apple.chronod>:4955])>{vt hash: 65357341}[uuid:8A6239E6-FA8A-48CB-B1D0-C8CCBB6EA844]{definition:com.apple.Maps.GeneralMapsWidget[extension][client]} to xpcservice<com.apple.Maps.GeneralMapsWidget([osservice<com.apple.chronod>:4955])>{vt hash: 65357341}[uuid:8A6239E6-FA8A-48CB-B1D0-C8CCBB6EA844]{definition:com.apple.Maps.GeneralMapsWidget[extension][client]};4914-4955-621:Taking assertion for pid 5116;4914-4955-623:[Maps.GeneralMapsWidget-23E13A1757A3];4914-5054-620:Taking assertion for pid 5116
2026-07-02 00:07:31.208035+0200 0x12da5    Default     0x9cf55              4914   0    runningboardd: (RunningBoard) [com.apple.runningboard:monitor] Calculated state for xpcservice<com.apple.Maps.GeneralMapsWidget([osservice<com.apple.chronod>:4955])>{vt hash: 65357341}[uuid:8A6239E6-FA8A-48CB-B1D0-C8CCBB6EA844]{definition:com.apple.Maps.GeneralMapsWidget[extension][client]}: running-active (role: LaunchTAL) (endowments: (null))
2026-07-02 00:07:31.208237+0200 0x12e71    Activity    0x9cf58              4914   0    runningboardd: (RunningBoard) acquireAssertionWithDescriptor
2026-07-02 00:07:31.208367+0200 0x12e71    Default     0x9cf58              4914   7    runningboardd: (RunningBoard) [com.apple.runningboard:ttl] Acquiring assertion targeting [xpcservice<com.apple.Batteries.BatteriesAvocadoWidgetExtension([osservice<com.apple.chronod>:4955])>{vt hash: 224486580}[uuid:8A6239E6-FA8A-48CB-B1D0-C8CCBB6EA844]{definition:com.apple.Batteries.BatteriesAvocadoWidgetExtension[extension][client]}:5117] from originator [osservice<com.apple.chronod>:4955] with description <RBSAssertionDescriptor| "Taking assertion for pid 5117" ID:4914-4955-624 target:5117 attributes:[
	<RBSDomainAttribute| domain:"com.apple.chronod" name:"WidgetExtensionRun-QOS-Utility" sourceEnvironment:"(null)">
	]>
2026-07-02 00:07:31.208451+0200 0x12e71    Default     0x9cf58              4914   7    runningboardd: (RunningBoard) [com.apple.runningboard:ttl] Assertion 4914-4955-624 (target:[xpcservice<com.apple.Batteries.BatteriesAvocadoWidgetExtension([osservice<com.apple.chronod>:4955])>{vt hash: 224486580}[uuid:8A6239E6-FA8A-48CB-B1D0-C8CCBB6EA844]{definition:com.apple.Batteries.BatteriesAvocadoWidgetExtension[extension][client]}:5117]) will be created as active
2026-07-02 00:07:31.208678+0200 0x12e67    Activity    0x9cf59              4914   0    runningboardd: (RunningBoard) state update
2026-07-02 00:07:31.208973+0200 0x12da5    Default     0x9cf58              4914   7    runningboardd: (RunningBoard) [com.apple.runningboard:ttl] Attempting to rename power assertion 65535 for target xpcservice<com.apple.Batteries.BatteriesAvocadoWidgetExtension([osservice<com.apple.chronod>:4955])>{vt hash: 224486580}[uuid:8A6239E6-FA8A-48CB-B1D0-C8CCBB6EA844]{definition:com.apple.Batteries.BatteriesAvocadoWidgetExtension[extension][client]} to xpcservice<com.apple.Batteries.BatteriesAvocadoWidgetExtension([osservice<com.apple.chronod>:4955])>{vt hash: 224486580}[uuid:8A6239E6-FA8A-48CB-B1D0-C8CCBB6EA844]{definition:com.apple.Batteries.BatteriesAvocadoWidgetExtension[extension][client]};4914-4955-624:Taking assertion for pid 5117;4914-5054-622:Taking assertion for pid 5117
2026-07-02 00:07:31.209055+0200 0x12e70    Default     0x9cf4f              4914   7    runningboardd: (RunningBoard) [com.apple.runningboard:ttl] [xpcservice<com.apple.Batteries.BatteriesAvocadoWidgetExtension([osservice<com.apple.chronod>:4955])>{vt hash: 224486580}[uuid:8A6239E6-FA8A-48CB-B1D0-C8CCBB6EA844]{definition:com.apple.Batteries.BatteriesAvocadoWidgetExtension[extension][client]}:5117] Set darwin role to: LaunchTAL
2026-07-02 00:07:31.209182+0200 0x12e70    Error       0x9cf4f              4914   0    runningboardd: (RunningBoard) [com.apple.runningboard:process] 5117 Error setting Darwin GPU to "Denys" (2): Operation not permitted
2026-07-02 00:07:31.209245+0200 0x12da5    Activity    0x9cf5a              4914   0    runningboardd: (RunningBoard) acquireAssertionWithDescriptor
2026-07-02 00:07:31.209416+0200 0x12da5    Default     0x9cf5a              4914   7    runningboardd: (RunningBoard) [com.apple.runningboard:ttl] Acquiring assertion targeting [xpcservice<com.apple.Batteries.BatteriesAvocadoWidgetExtension([osservice<com.apple.chronod>:4955])>{vt hash: 224486580}[uuid:8A6239E6-FA8A-48CB-B1D0-C8CCBB6EA844]{definition:com.apple.Batteries.BatteriesAvocadoWidgetExtension[extension][client]}:5117] from originator [osservice<com.apple.chronod>:4955] with description <RBSAssertionDescriptor| "[Batteries.BatteriesAvocadoWidgetExtension-7FBFB7EB80C8]" ID:4914-4955-625 target:5117 attributes:[
	<RBSDomainAttribute| domain:"com.apple.chronod" name:"WidgetExtensionRun-QOS-Utility" sourceEnvironment:"(null)">
	]>
2026-07-02 00:07:31.209440+0200 0x12e70    Error       0x9cf4f              4914   0    runningboardd: (RunningBoard) [com.apple.runningboard:process] [xpcservice<com.apple.Batteries.BatteriesAvocadoWidgetExtension([osservice<com.apple.chronod>:4955])>{vt hash: 224486580}[uuid:8A6239E6-FA8A-48CB-B1D0-C8CCBB6EA844]{definition:com.apple.Batteries.BatteriesAvocadoWidgetExtension[extension][client]}:5117] Error 1 setting Carplay mode to 0: Operation not permitted
2026-07-02 00:07:31.209537+0200 0x12da5    Default     0x9cf5a              4914   7    runningboardd: (RunningBoard) [com.apple.runningboard:ttl] Assertion 4914-4955-625 (target:[xpcservice<com.apple.Batteries.BatteriesAvocadoWidgetExtension([osservice<com.apple.chronod>:4955])>{vt hash: 224486580}[uuid:8A6239E6-FA8A-48CB-B1D0-C8CCBB6EA844]{definition:com.apple.Batteries.BatteriesAvocadoWidgetExtension[extension][client]}:5117]) will be created as active
2026-07-02 00:07:31.209659+0200 0x12e70    Activity    0x9cf5b              4914   0    runningboardd: (RunningBoard) state update
2026-07-02 00:07:31.209772+0200 0x12e70    Default     0x9cf5a              4914   0    runningboardd: (RunningBoard) [com.apple.runningboard:monitor] Calculated state for xpcservice<com.apple.Batteries.BatteriesAvocadoWidgetExtension([osservice<com.apple.chronod>:4955])>{vt hash: 224486580}[uuid:8A6239E6-FA8A-48CB-B1D0-C8CCBB6EA844]{definition:com.apple.Batteries.BatteriesAvocadoWidgetExtension[extension][client]}: running-active (role: LaunchTAL) (endowments: (null))
2026-07-02 00:07:31.209775+0200 0x12da5    Default     0x9cf5a              4914   7    runningboardd: (RunningBoard) [com.apple.runningboard:ttl] Attempting to rename power assertion 65535 for target xpcservice<com.apple.Batteries.BatteriesAvocadoWidgetExtension([osservice<com.apple.chronod>:4955])>{vt hash: 224486580}[uuid:8A6239E6-FA8A-48CB-B1D0-C8CCBB6EA844]{definition:com.apple.Batteries.BatteriesAvocadoWidgetExtension[extension][client]} to xpcservice<com.apple.Batteries.BatteriesAvocadoWidgetExtension([osservice<com.apple.chronod>:4955])>{vt hash: 224486580}[uuid:8A6239E6-FA8A-48CB-B1D0-C8CCBB6EA844]{definition:com.apple.Batteries.BatteriesAvocadoWidgetExtension[extension][client]};4914-4955-624:Taking assertion for pid 5117;4914-4955-625:[Batteries.BatteriesAvocadoWidgetExtension-7FBFB7EB80C8];4914-5054-622:Taking assertion for pid 5117
2026-07-02 00:07:31.245330+0200 0x12da4    Activity    0x9cf5c              4914   0    runningboardd: (RunningBoard) state update
2026-07-02 00:07:31.245395+0200 0x12da4    Activity    0x9cf5d              4914   0    runningboardd: (RunningBoard) state notification
2026-07-02 00:07:31.245451+0200 0x12e69    Activity    0x9caf7              5035   0    SpringBoard: (RunningBoardServices) observedProcessStatesDidChange
2026-07-02 00:07:31.245467+0200 0x12da4    Default     0x9cf5d              4914   7    runningboardd: (RunningBoard) [com.apple.runningboard:ttl] Attempting to rename power assertion 65535 for target xpcservice<com.apple.Maps.GeneralMapsWidget([osservice<com.apple.chronod>:4955])>{vt hash: 65357341}[uuid:8A6239E6-FA8A-48CB-B1D0-C8CCBB6EA844]{definition:com.apple.Maps.GeneralMapsWidget[extension][client]} to xpcservice<com.apple.Maps.GeneralMapsWidget([osservice<com.apple.chronod>:4955])>{vt hash: 65357341}[uuid:8A6239E6-FA8A-48CB-B1D0-C8CCBB6EA844]{definition:com.apple.Maps.GeneralMapsWidget[extension][client]};4914-4955-621:Taking assertion for pid 5116;4914-4955-623:[Maps.GeneralMapsWidget-23E13A1757A3]
2026-07-02 00:07:31.245492+0200 0x12da4    Default     0x9cf5d              4914   7    runningboardd: (RunningBoard) [com.apple.runningboard:ttl] Attempting to rename power assertion 65535 for target xpcservice<com.apple.Batteries.BatteriesAvocadoWidgetExtension([osservice<com.apple.chronod>:4955])>{vt hash: 224486580}[uuid:8A6239E6-FA8A-48CB-B1D0-C8CCBB6EA844]{definition:com.apple.Batteries.BatteriesAvocadoWidgetExtension[extension][client]} to xpcservice<com.apple.Batteries.BatteriesAvocadoWidgetExtension([osservice<com.apple.chronod>:4955])>{vt hash: 224486580}[uuid:8A6239E6-FA8A-48CB-B1D0-C8CCBB6EA844]{definition:com.apple.Batteries.BatteriesAvocadoWidgetExtension[extension][client]};4914-4955-624:Taking assertion for pid 5117;4914-4955-625:[Batteries.BatteriesAvocadoWidgetExtension-7FBFB7EB80C8]
2026-07-02 00:07:31.245492+0200 0x12e69    Default     0x9caf7              5035   0    SpringBoard: (RunningBoardServices) [com.apple.runningboard:monitor] Received state update for 5116 (xpcservice<com.apple.Maps.GeneralMapsWidget([osservice<com.apple.chronod>:4955])>{vt hash: 65357341}[uuid:8A6239E6-FA8A-48CB-B1D0-C8CCBB6EA844]{definition:com.apple.Maps.GeneralMapsWidget[extension][client]}, running-active-NotVisible
2026-07-02 00:07:31.282069+0200 0x12da4    Activity    0x9cf5e              4914   0    runningboardd: (RunningBoard) incoming connection
2026-07-02 00:07:31.282083+0200 0x12da4    Default     0x9cf5e              4914   0    runningboardd: (RunningBoard) [com.apple.runningboard:connection] Incoming connection from 5116, user 501/501
2026-07-02 00:07:31.282246+0200 0x12da4    Default     0x9cf5e              4914   0    runningboardd: (RunningBoard) [com.apple.runningboard:general] Client HWM C 101(101) P 123(123) A 36(174) M 17(17)
2026-07-02 00:07:31.282256+0200 0x12da4    Default     0x9cf5e              4914   0    runningboardd: (libxpc.dylib) [com.apple.xpc:connection] [0x1058e7900] activating connection: mach=false listener=false peer=true name=com.apple.runningboard.peer[5116].0x1058e7900
2026-07-02 00:07:31.282293+0200 0x12da4    Activity    0x9cf5f              4914   0    runningboardd: (RunningBoard) handshakeWithRequest
2026-07-02 00:07:31.282302+0200 0x12da4    Default     0x9cf5f              4914   0    runningboardd: (RunningBoard) [com.apple.runningboard:connection] Setting client for [xpcservice<com.apple.Maps.GeneralMapsWidget([osservice<com.apple.chronod>:4955])>{vt hash: 65357341}[uuid:8A6239E6-FA8A-48CB-B1D0-C8CCBB6EA844]{definition:com.apple.Maps.GeneralMapsWidget[extension][client]}:5116] as ready
2026-07-02 00:07:31.282313+0200 0x12da4    Default     0x9cf5f              4914   0    runningboardd: (RunningBoard) [com.apple.runningboard:connection] Received handshake request from 5116 with 0 assertion descriptors
2026-07-02 00:07:31.282326+0200 0x12da4    Default     0x9cf5f              4914   0    runningboardd: (RunningBoard) [com.apple.runningboard:connection] Handshake successful with 5116; sending response
2026-07-02 00:07:31.282948+0200 0x12da4    Activity    0x9cf90              4914   0    runningboardd: (RunningBoard) hostProcessForInstance
2026-07-02 00:07:31.292199+0200 0x12da4    Activity    0x9cf91              4914   0    runningboardd: (RunningBoard) incoming connection
2026-07-02 00:07:31.292213+0200 0x12da4    Default     0x9cf91              4914   0    runningboardd: (RunningBoard) [com.apple.runningboard:connection] Incoming connection from 5117, user 501/501
2026-07-02 00:07:31.292348+0200 0x12da4    Default     0x9cf91              4914   0    runningboardd: (RunningBoard) [com.apple.runningboard:general] Client HWM C 102(102) P 123(123) A 36(174) M 17(17)
2026-07-02 00:07:31.292360+0200 0x12da4    Default     0x9cf91              4914   0    runningboardd: (libxpc.dylib) [com.apple.xpc:connection] [0x1058e7a80] activating connection: mach=false listener=false peer=true name=com.apple.runningboard.peer[5117].0x1058e7a80
2026-07-02 00:07:31.292397+0200 0x12e70    Activity    0x9cf92              4914   0    runningboardd: (RunningBoard) handshakeWithRequest
2026-07-02 00:07:31.292407+0200 0x12e70    Default     0x9cf92              4914   0    runningboardd: (RunningBoard) [com.apple.runningboard:connection] Setting client for [xpcservice<com.apple.Batteries.BatteriesAvocadoWidgetExtension([osservice<com.apple.chronod>:4955])>{vt hash: 224486580}[uuid:8A6239E6-FA8A-48CB-B1D0-C8CCBB6EA844]{definition:com.apple.Batteries.BatteriesAvocadoWidgetExtension[extension][client]}:5117] as ready
2026-07-02 00:07:31.292417+0200 0x12e70    Default     0x9cf92              4914   0    runningboardd: (RunningBoard) [com.apple.runningboard:connection] Received handshake request from 5117 with 0 assertion descriptors
2026-07-02 00:07:31.292431+0200 0x12e70    Default     0x9cf92              4914   0    runningboardd: (RunningBoard) [com.apple.runningboard:connection] Handshake successful with 5117; sending response
2026-07-02 00:07:31.293081+0200 0x12da4    Activity    0x9cf93              4914   0    runningboardd: (RunningBoard) infoPlistResultForInstance
2026-07-02 00:07:31.293366+0200 0x12da4    Activity    0x9cf94              4914   0    runningboardd: (RunningBoard) hostProcessForInstance
2026-07-02 00:07:31.309411+0200 0x128aa    Activity    0x9caf8              5035   0    SpringBoard: (RunningBoardServices) observedProcessStatesDidChange
2026-07-02 00:07:31.309459+0200 0x128aa    Default     0x9caf8              5035   0    SpringBoard: (RunningBoardServices) [com.apple.runningboard:monitor] Received state update for 5117 (xpcservice<com.apple.Batteries.BatteriesAvocadoWidgetExtension([osservice<com.apple.chronod>:4955])>{vt hash: 224486580}[uuid:8A6239E6-FA8A-48CB-B1D0-C8CCBB6EA844]{definition:com.apple.Batteries.BatteriesAvocadoWidgetExtension[extension][client]}, running-active-NotVisible
2026-07-02 00:07:31.326261+0200 0x12e69    Default     0x0                  5035   0    SpringBoard: (BoardServices) [com.apple.BoardServices:XPCErrors] [S:3b] Alloc com.apple.frontboard.systemappservices
2026-07-02 00:07:31.326297+0200 0x12e69    Default     0x0                  5035   0    SpringBoard: (libxpc.dylib) [com.apple.xpc:connection] [0x11a994f00] activating connection: mach=false listener=false peer=true name=com.apple.frontboard.systemappservices.peer[5117].0x11a994f00
2026-07-02 00:07:31.326423+0200 0x12e69    Default     0x0                  5035   0    SpringBoard: (FrontBoard) [com.apple.FrontBoard:Process] Asked to bootstrap a new process for handle: [xpcservice<com.apple.Batteries.BatteriesAvocadoWidgetExtension([osservice<com.apple.chronod>:4955])>{vt hash: 224486580}[uuid:8A6239E6-FA8A-48CB-B1D0-C8CCBB6EA844]{definition:com.apple.Batteries.BatteriesAvocadoWidgetExtension[extension][client]}:5117]
2026-07-02 00:07:31.326435+0200 0x12e69    Default     0x0                  5035   0    SpringBoard: (FrontBoard) [com.apple.FrontBoard:Process] Creating process (sync=true) for handle: [xpcservice<com.apple.Batteries.BatteriesAvocadoWidgetExtension([osservice<com.apple.chronod>:4955])>{vt hash: 224486580}[uuid:8A6239E6-FA8A-48CB-B1D0-C8CCBB6EA844]{definition:com.apple.Batteries.BatteriesAvocadoWidgetExtension[extension][client]}:5117]
2026-07-02 00:07:31.326971+0200 0x12e69    Default     0x0                  5035   0    SpringBoard: (FrontBoard) [com.apple.FrontBoard:ProcessWorkspace] [xpcservice<com.apple.Batteries.BatteriesAvocadoWidgetExtension>:5117] Registering event dispatcher at init
2026-07-02 00:07:31.326983+0200 0x12e69    Default     0x0                  5035   0    SpringBoard: (FrontBoard) [com.apple.FrontBoard:ProcessWorkspace] Registering Source for 5117 : <FBWorkspaceEventDispatcherSource: 0x10cc48480>
2026-07-02 00:07:31.327005+0200 0x12e69    Default     0x0                  5035   0    SpringBoard: (FrontBoard) [com.apple.FrontBoard:ProcessWorkspace] Created <FBWorkspace: 0x117b1e580; <FBExtensionProcess: 0x10d37c8c0; xpcservice<com.apple.Batteries.BatteriesAvocadoWidgetExtension>:5117(v3924); typeID: com.apple.widgetkit-extension>>
2026-07-02 00:07:31.327012+0200 0x12e69    Default     0x0                  5035   0    SpringBoard: (FrontBoard) [com.apple.FrontBoard:Process] Bootstrapping xpcservice<com.apple.Batteries.BatteriesAvocadoWidgetExtension>
2026-07-02 00:07:31.328170+0200 0x12e70    Activity    0x9cf95              4914   0    runningboardd: (RunningBoard) executeLaunchRequest
2026-07-02 00:07:31.328247+0200 0x12e70    Error       0x9cf95              4914   0    runningboardd: (RunningBoard) [com.apple.runningboard:connection] Rejecting launch request because [osservice<com.apple.SpringBoard>:5035] is not entitled to launch processes
2026-07-02 00:07:31.328401+0200 0x12e70    Default     0x0                  4914   0    runningboardd: (RunningBoard) [com.apple.runningboard:message] PERF: Received lookupHandleForPredicate request from [osservice<com.apple.SpringBoard>:5035] (euid 501, auid 501) (persona (null))
2026-07-02 00:07:31.328406+0200 0x12e70    Activity    0x9cf96              4914   0    runningboardd: (RunningBoard) lookupHandleForPredicate
2026-07-02 00:07:31.328520+0200 0x12e69    Default     0x0                  5035   0    SpringBoard: (FrontBoard) [com.apple.FrontBoard:Process] [xpcservice<com.apple.Batteries.BatteriesAvocadoWidgetExtension>:5117] Bootstrap success!
2026-07-02 00:07:31.328585+0200 0x12e70    Activity    0x9cf97              4914   0    runningboardd: (RunningBoard) statesForPredicate
2026-07-02 00:07:31.328723+0200 0x12e69    Default     0x0                  5035   0    SpringBoard: (RunningBoardServices) [com.apple.runningboard:process] Starting death monitoring for handle [xpcservice<com.apple.Batteries.BatteriesAvocadoWidgetExtension([osservice<com.apple.chronod>:4955])>{vt hash: 224486580}[uuid:8A6239E6-FA8A-48CB-B1D0-C8CCBB6EA844]{definition:com.apple.Batteries.BatteriesAvocadoWidgetExtension[extension][client]}:5117]
2026-07-02 00:07:31.328773+0200 0x12e70    Activity    0x9cf98              4914   0    runningboardd: (RunningBoard) subscribeToProcessDeath
2026-07-02 00:07:31.328796+0200 0x12e69    Default     0x0                  5035   0    SpringBoard: (FrontBoard) [com.apple.FrontBoard:Process] Adding: <FBExtensionProcess: 0x10d37c8c0; xpcservice<com.apple.Batteries.BatteriesAvocadoWidgetExtension>:5117(v3924)>
2026-07-02 00:07:31.362366+0200 0x12e70    Activity    0x9cf99              4914   0    runningboardd: (RunningBoard) acquireAssertionWithDescriptor
2026-07-02 00:07:31.362417+0200 0x12e70    Default     0x9cf99              4914   7    runningboardd: (RunningBoard) [com.apple.runningboard:ttl] Acquiring assertion targeting [xpcservice<com.apple.Batteries.BatteriesAvocadoWidgetExtension([osservice<com.apple.chronod>:4955])>{vt hash: 224486580}[uuid:8A6239E6-FA8A-48CB-B1D0-C8CCBB6EA844]{definition:com.apple.Batteries.BatteriesAvocadoWidgetExtension[extension][client]}:5117] from originator [osservice<com.apple.chronod>:4955] with description <RBSAssertionDescriptor| "[Batteries.BatteriesAvocadoWidgetExtension-7FBFB7EB80C8]" ID:4914-4955-626 target:5117 attributes:[
	<RBSDomainAttribute| domain:"com.apple.chronod" name:"WaitForWidgetSuspension" sourceEnvironment:"(null)">
	]>
2026-07-02 00:07:31.362456+0200 0x12e70    Default     0x9cf99              4914   7    runningboardd: (RunningBoard) [com.apple.runningboard:ttl] Assertion 4914-4955-626 (target:[xpcservice<com.apple.Batteries.BatteriesAvocadoWidgetExtension([osservice<com.apple.chronod>:4955])>{vt hash: 224486580}[uuid:8A6239E6-FA8A-48CB-B1D0-C8CCBB6EA844]{definition:com.apple.Batteries.BatteriesAvocadoWidgetExtension[extension][client]}:5117]) will be created as active
2026-07-02 00:07:31.362507+0200 0x12da4    Activity    0x9cf9a              4914   0    runningboardd: (RunningBoard) state update
2026-07-02 00:07:31.362541+0200 0x12e68    Activity    0x9cf9b              4914   0    runningboardd: (RunningBoard) invalidateAssertionWithIdentifier
2026-07-02 00:07:31.362588+0200 0x12e68    Default     0x9cf9b              4914   7    runningboardd: (RunningBoard) [com.apple.runningboard:ttl] Invalidating assertion 4914-4955-625 (target:[xpcservice<com.apple.Batteries.BatteriesAvocadoWidgetExtension([osservice<com.apple.chronod>:4955])>{vt hash: 224486580}[uuid:8A6239E6-FA8A-48CB-B1D0-C8CCBB6EA844]{definition:com.apple.Batteries.BatteriesAvocadoWidgetExtension[extension][client]}:5117]) from originator [osservice<com.apple.chronod>:4955]
2026-07-02 00:07:31.362589+0200 0x12da4    Default     0x9cf99              4914   0    runningboardd: (RunningBoard) [com.apple.runningboard:monitor] Calculated state for xpcservice<com.apple.Batteries.BatteriesAvocadoWidgetExtension([osservice<com.apple.chronod>:4955])>{vt hash: 224486580}[uuid:8A6239E6-FA8A-48CB-B1D0-C8CCBB6EA844]{definition:com.apple.Batteries.BatteriesAvocadoWidgetExtension[extension][client]}: running-active (role: LaunchTAL) (endowments: (null))
2026-07-02 00:07:31.362613+0200 0x12e71    Default     0x9cf99              4914   7    runningboardd: (RunningBoard) [com.apple.runningboard:ttl] Attempting to rename power assertion 65535 for target xpcservice<com.apple.Batteries.BatteriesAvocadoWidgetExtension([osservice<com.apple.chronod>:4955])>{vt hash: 224486580}[uuid:8A6239E6-FA8A-48CB-B1D0-C8CCBB6EA844]{definition:com.apple.Batteries.BatteriesAvocadoWidgetExtension[extension][client]} to xpcservice<com.apple.Batteries.BatteriesAvocadoWidgetExtension([osservice<com.apple.chronod>:4955])>{vt hash: 224486580}[uuid:8A6239E6-FA8A-48CB-B1D0-C8CCBB6EA844]{definition:com.apple.Batteries.BatteriesAvocadoWidgetExtension[extension][client]};4914-4955-624:Taking assertion for pid 5117;4914-4955-625:[Batteries.BatteriesAvocadoWidgetExtension-7FBFB7EB80C8];4914-4955-626:[Batteries.BatteriesAvocadoWidgetExtension-7FBFB7EB80C8]
2026-07-02 00:07:31.362778+0200 0x12e8b    Activity    0x9caf9              5035   0    SpringBoard: (RunningBoardServices) observedProcessStatesDidChange
2026-07-02 00:07:31.362850+0200 0x12e8b    Default     0x9caf9              5035   0    SpringBoard: (RunningBoardServices) [com.apple.runningboard:monitor] Received state update for 5117 (xpcservice<com.apple.Batteries.BatteriesAvocadoWidgetExtension([osservice<com.apple.chronod>:4955])>{vt hash: 224486580}[uuid:8A6239E6-FA8A-48CB-B1D0-C8CCBB6EA844]{definition:com.apple.Batteries.BatteriesAvocadoWidgetExtension[extension][client]}, running-active-NotVisible
2026-07-02 00:07:31.363429+0200 0x12e71    Activity    0x9cf9c              4914   0    runningboardd: (RunningBoard) invalidateAssertionWithIdentifier
2026-07-02 00:07:31.363439+0200 0x12e71    Default     0x9cf9c              4914   7    runningboardd: (RunningBoard) [com.apple.runningboard:ttl] Invalidating assertion 4914-4955-624 (target:[xpcservice<com.apple.Batteries.BatteriesAvocadoWidgetExtension([osservice<com.apple.chronod>:4955])>{vt hash: 224486580}[uuid:8A6239E6-FA8A-48CB-B1D0-C8CCBB6EA844]{definition:com.apple.Batteries.BatteriesAvocadoWidgetExtension[extension][client]}:5117]) from originator [osservice<com.apple.chronod>:4955]
2026-07-02 00:07:31.363643+0200 0x12e71    Activity    0x9cf9d              4914   0    runningboardd: (RunningBoard) acquireAssertionWithDescriptor
2026-07-02 00:07:31.363677+0200 0x12e71    Default     0x9cf9d              4914   7    runningboardd: (RunningBoard) [com.apple.runningboard:ttl] Acquiring assertion targeting [app<com.apple.chrono.WidgetRenderer-Default((null))>:5062] from originator [osservice<com.apple.chronod>:4955] with description <RBSAssertionDescriptor| "Event delivery" ID:4914-4955-627 target:5062 attributes:[
	<RBSDomainAttribute| domain:"com.apple.chronod" name:"DeliverEvent" sourceEnvironment:"(null)">
	]>
2026-07-02 00:07:31.363706+0200 0x12e71    Default     0x9cf9d              4914   7    runningboardd: (RunningBoard) [com.apple.runningboard:ttl] Assertion 4914-4955-627 (target:[app<com.apple.chrono.WidgetRenderer-Default((null))>:5062]) will be created as active
2026-07-02 00:07:31.363745+0200 0x12e70    Activity    0x9cf9e              4914   0    runningboardd: (RunningBoard) state update
2026-07-02 00:07:31.363815+0200 0x12e71    Default     0x0                  4914   0    runningboardd: (RunningBoard) [com.apple.runningboard:message] PERF: Received lookupHandleForPredicate request from [osservice<com.apple.chronod>:4955] (euid 501, auid 501) (persona (null))
2026-07-02 00:07:31.363820+0200 0x12e71    Activity    0x9cf9f              4914   0    runningboardd: (RunningBoard) lookupHandleForPredicate
2026-07-02 00:07:31.363829+0200 0x12e70    Default     0x9cf9d              4914   0    runningboardd: (RunningBoard) [com.apple.runningboard:monitor] Calculated state for app<com.apple.chrono.WidgetRenderer-Default((null))>: running-active (role: Background) (endowments: (null))
2026-07-02 00:07:31.363836+0200 0x12da4    Default     0x9cf9d              4914   7    runningboardd: (RunningBoard) [com.apple.runningboard:ttl] [app<com.apple.chrono.WidgetRenderer-Default((null))>:5062] Resuming task.
2026-07-02 00:07:31.363996+0200 0x12e69    Activity    0x9cafa              5035   0    SpringBoard: (RunningBoardServices) observedProcessStatesDidChange
2026-07-02 00:07:31.364035+0200 0x12e69    Default     0x9cafa              5035   0    SpringBoard: (RunningBoardServices) [com.apple.runningboard:monitor] Received state update for 5062 (app<com.apple.chrono.WidgetRenderer-Default((null))>, running-active-NotVisible
2026-07-02 00:07:31.364116+0200 0x12e71    Activity    0x9cfe0              4914   0    runningboardd: (RunningBoard) statesForPredicate
2026-07-02 00:07:31.364339+0200 0x12e8b    Default     0x9cafa              5035   0    SpringBoard: (FrontBoard) [com.apple.FrontBoard:Process] [app<com.apple.chrono.WidgetRenderer-Default>:5062] Setting process task state to: Running
2026-07-02 00:07:31.364387+0200 0x127e2    Default     0x9cafa              5035   0    SpringBoard: (SpringBoard) [com.apple.SpringBoard:Common] Application process state changed for com.apple.chrono.WidgetRenderer-Default: <SBApplicationProcessState: 0x11eede3c0; pid: 5062; taskState: Running; visibility: Background>
2026-07-02 00:07:31.364522+0200 0x128aa    Default     0x9cafa              5035   2    SpringBoard: (UserNotificationsCore) [com.apple.UserNotifications:RemoteNotifications] [com.apple.chrono.WidgetRenderer-Default] com.apple.chrono.WidgetRenderer-Default application state changed to <RBSProcessState| task:running-active debug:none>
2026-07-02 00:07:31.366135+0200 0x12da4    Error       0x9cf9d              4914   0    runningboardd: (RunningBoard) [com.apple.runningboard:process] [app<com.apple.chrono.WidgetRenderer-Default((null))>:5062] pid_resume() returned error 1: Operation not permitted
2026-07-02 00:07:31.366149+0200 0x12da4    Default     0x9cf9d              4914   7    runningboardd: (RunningBoard) [com.apple.runningboard:ttl] [app<com.apple.chrono.WidgetRenderer-Default((null))>:5062] Set darwin role to: Background
2026-07-02 00:07:31.468172+0200 0x12e71    Default     0x9cf9b              4914   0    runningboardd: (RunningBoard) [com.apple.runningboard:assertion] Removed last relative-start-date-defining assertion for process xpcservice<com.apple.Batteries.BatteriesAvocadoWidgetExtension([osservice<com.apple.chronod>:4955])>{vt hash: 224486580}[uuid:8A6239E6-FA8A-48CB-B1D0-C8CCBB6EA844]{definition:com.apple.Batteries.BatteriesAvocadoWidgetExtension[extension][client]}
2026-07-02 00:07:31.468186+0200 0x12e71    Activity    0x9cfe1              4914   0    runningboardd: (RunningBoard) state update
2026-07-02 00:07:31.468239+0200 0x12e71    Activity    0x9cfe2              4914   0    runningboardd: (RunningBoard) state notification
2026-07-02 00:07:31.468289+0200 0x12e68    Default     0x9cfe2              4914   7    runningboardd: (RunningBoard) [com.apple.runningboard:ttl] Attempting to rename power assertion 65535 for target xpcservice<com.apple.Batteries.BatteriesAvocadoWidgetExtension([osservice<com.apple.chronod>:4955])>{vt hash: 224486580}[uuid:8A6239E6-FA8A-48CB-B1D0-C8CCBB6EA844]{definition:com.apple.Batteries.BatteriesAvocadoWidgetExtension[extension][client]} to xpcservice<com.apple.Batteries.BatteriesAvocadoWidgetExtension([osservice<com.apple.chronod>:4955])>{vt hash: 224486580}[uuid:8A6239E6-FA8A-48CB-B1D0-C8CCBB6EA844]{definition:com.apple.Batteries.BatteriesAvocadoWidgetExtension[extension][client]}4914-4955-626:[Batteries.BatteriesAvocadoWidgetExtension-7FBFB7EB80C8]
2026-07-02 00:07:31.468295+0200 0x12e71    Default     0x9cfe2              4914   0    runningboardd: (RunningBoard) [com.apple.runningboard:monitor] Calculated state for xpcservice<com.apple.Batteries.BatteriesAvocadoWidgetExtension([osservice<com.apple.chronod>:4955])>{vt hash: 224486580}[uuid:8A6239E6-FA8A-48CB-B1D0-C8CCBB6EA844]{definition:com.apple.Batteries.BatteriesAvocadoWidgetExtension[extension][client]}: running-suspended (role: None) (endowments: (null))
2026-07-02 00:07:31.468326+0200 0x12da5    Default     0x9cfe2              4914   7    runningboardd: (RunningBoard) [com.apple.runningboard:ttl] [xpcservice<com.apple.Batteries.BatteriesAvocadoWidgetExtension([osservice<com.apple.chronod>:4955])>{vt hash: 224486580}[uuid:8A6239E6-FA8A-48CB-B1D0-C8CCBB6EA844]{definition:com.apple.Batteries.BatteriesAvocadoWidgetExtension[extension][client]}:5117] Suspending task.
2026-07-02 00:07:31.468364+0200 0x128aa    Activity    0x9cafb              5035   0    SpringBoard: (RunningBoardServices) observedProcessStatesDidChange
2026-07-02 00:07:31.468398+0200 0x128aa    Default     0x9cafb              5035   0    SpringBoard: (RunningBoardServices) [com.apple.runningboard:monitor] Received state update for 5117 (xpcservice<com.apple.Batteries.BatteriesAvocadoWidgetExtension([osservice<com.apple.chronod>:4955])>{vt hash: 224486580}[uuid:8A6239E6-FA8A-48CB-B1D0-C8CCBB6EA844]{definition:com.apple.Batteries.BatteriesAvocadoWidgetExtension[extension][client]}, running-suspended-NotVisible
2026-07-02 00:07:31.468503+0200 0x12e68    Activity    0x9cfe3              4914   0    runningboardd: (RunningBoard) statesForPredicate
2026-07-02 00:07:31.468572+0200 0x12e68    Activity    0x9cfe4              4914   0    runningboardd: (RunningBoard) invalidateAssertionWithIdentifier
2026-07-02 00:07:31.468579+0200 0x12e68    Default     0x9cfe4              4914   7    runningboardd: (RunningBoard) [com.apple.runningboard:ttl] Invalidating assertion 4914-4955-626 (target:[xpcservice<com.apple.Batteries.BatteriesAvocadoWidgetExtension([osservice<com.apple.chronod>:4955])>{vt hash: 224486580}[uuid:8A6239E6-FA8A-48CB-B1D0-C8CCBB6EA844]{definition:com.apple.Batteries.BatteriesAvocadoWidgetExtension[extension][client]}:5117]) from originator [osservice<com.apple.chronod>:4955]
2026-07-02 00:07:31.468710+0200 0x12e8b    Default     0x9cafb              5035   0    SpringBoard: (FrontBoard) [com.apple.FrontBoard:Process] [xpcservice<com.apple.Batteries.BatteriesAvocadoWidgetExtension>:5117] Setting process task state to: Suspended
2026-07-02 00:07:31.470264+0200 0x12da5    Error       0x9cfe2              4914   0    runningboardd: (RunningBoard) [com.apple.runningboard:process] [xpcservice<com.apple.Batteries.BatteriesAvocadoWidgetExtension([osservice<com.apple.chronod>:4955])>{vt hash: 224486580}[uuid:8A6239E6-FA8A-48CB-B1D0-C8CCBB6EA844]{definition:com.apple.Batteries.BatteriesAvocadoWidgetExtension[extension][client]}:5117] pid_suspend() failed with error 1: Operation not permitted
2026-07-02 00:07:31.470279+0200 0x12da5    Default     0x9cfe2              4914   7    runningboardd: (RunningBoard) [com.apple.runningboard:ttl] [xpcservice<com.apple.Batteries.BatteriesAvocadoWidgetExtension([osservice<com.apple.chronod>:4955])>{vt hash: 224486580}[uuid:8A6239E6-FA8A-48CB-B1D0-C8CCBB6EA844]{definition:com.apple.Batteries.BatteriesAvocadoWidgetExtension[extension][client]}:5117] Set darwin role to: None
2026-07-02 00:07:31.574879+0200 0x12e68    Activity    0x9cfe5              4914   0    runningboardd: (RunningBoard) state update
2026-07-02 00:07:31.575060+0200 0x12e68    Activity    0x9cfe6              4914   0    runningboardd: (RunningBoard) state notification
2026-07-02 00:07:31.575235+0200 0x12e71    Default     0x9cfe6              4914   7    runningboardd: (RunningBoard) [com.apple.runningboard:ttl] Released power assertion with ID 65535
2026-07-02 00:07:31.575247+0200 0x12da5    Default     0x9cfe6              4914   0    runningboardd: (RunningBoard) [com.apple.runningboard:monitor] Calculated state for xpcservice<com.apple.Batteries.BatteriesAvocadoWidgetExtension([osservice<com.apple.chronod>:4955])>{vt hash: 224486580}[uuid:8A6239E6-FA8A-48CB-B1D0-C8CCBB6EA844]{definition:com.apple.Batteries.BatteriesAvocadoWidgetExtension[extension][client]}: running-suspended (role: None) (endowments: (null))
2026-07-02 00:07:31.575526+0200 0x12e8b    Activity    0x9cafc              5035   0    SpringBoard: (RunningBoardServices) observedProcessStatesDidChange
2026-07-02 00:07:31.575661+0200 0x12e8b    Default     0x9cafc              5035   0    SpringBoard: (RunningBoardServices) [com.apple.runningboard:monitor] Received state update for 5117 (xpcservice<com.apple.Batteries.BatteriesAvocadoWidgetExtension([osservice<com.apple.chronod>:4955])>{vt hash: 224486580}[uuid:8A6239E6-FA8A-48CB-B1D0-C8CCBB6EA844]{definition:com.apple.Batteries.BatteriesAvocadoWidgetExtension[extension][client]}, running-suspended-NotVisible
2026-07-02 00:07:33.369169+0200 0x128aa    Default     0x0                  5035   0    SpringBoard: (BoardServices) [com.apple.BoardServices:XPCErrors] [S:3c] Alloc com.apple.frontboard.systemappservices
2026-07-02 00:07:33.369235+0200 0x128aa    Default     0x0                  5035   0    SpringBoard: (libxpc.dylib) [com.apple.xpc:connection] [0x11a994900] activating connection: mach=false listener=false peer=true name=com.apple.frontboard.systemappservices.peer[5116].0x11a994900
2026-07-02 00:07:33.369481+0200 0x128aa    Default     0x0                  5035   0    SpringBoard: (FrontBoard) [com.apple.FrontBoard:Process] Asked to bootstrap a new process for handle: [xpcservice<com.apple.Maps.GeneralMapsWidget([osservice<com.apple.chronod>:4955])>{vt hash: 65357341}[uuid:8A6239E6-FA8A-48CB-B1D0-C8CCBB6EA844]{definition:com.apple.Maps.GeneralMapsWidget[extension][client]}:5116]
2026-07-02 00:07:33.369502+0200 0x128aa    Default     0x0                  5035   0    SpringBoard: (FrontBoard) [com.apple.FrontBoard:Process] Creating process (sync=true) for handle: [xpcservice<com.apple.Maps.GeneralMapsWidget([osservice<com.apple.chronod>:4955])>{vt hash: 65357341}[uuid:8A6239E6-FA8A-48CB-B1D0-C8CCBB6EA844]{definition:com.apple.Maps.GeneralMapsWidget[extension][client]}:5116]
2026-07-02 00:07:33.370430+0200 0x128aa    Default     0x0                  5035   0    SpringBoard: (FrontBoard) [com.apple.FrontBoard:ProcessWorkspace] [xpcservice<com.apple.Maps.GeneralMapsWidget>:5116] Registering event dispatcher at init
2026-07-02 00:07:33.370462+0200 0x128aa    Default     0x0                  5035   0    SpringBoard: (FrontBoard) [com.apple.FrontBoard:ProcessWorkspace] Registering Source for 5116 : <FBWorkspaceEventDispatcherSource: 0x11ef770f0>
2026-07-02 00:07:33.370498+0200 0x128aa    Default     0x0                  5035   0    SpringBoard: (FrontBoard) [com.apple.FrontBoard:ProcessWorkspace] Created <FBWorkspace: 0x10d164640; <FBExtensionProcess: 0x11a8de840; xpcservice<com.apple.Maps.GeneralMapsWidget>:5116(v3921); typeID: com.apple.widgetkit-extension>>
2026-07-02 00:07:33.370513+0200 0x128aa    Default     0x0                  5035   0    SpringBoard: (FrontBoard) [com.apple.FrontBoard:Process] Bootstrapping xpcservice<com.apple.Maps.GeneralMapsWidget>
2026-07-02 00:07:33.372726+0200 0x12e68    Activity    0x9cfe7              4914   0    runningboardd: (RunningBoard) executeLaunchRequest
2026-07-02 00:07:33.372880+0200 0x12e68    Error       0x9cfe7              4914   0    runningboardd: (RunningBoard) [com.apple.runningboard:connection] Rejecting launch request because [osservice<com.apple.SpringBoard>:5035] is not entitled to launch processes
2026-07-02 00:07:33.373173+0200 0x12e68    Default     0x0                  4914   0    runningboardd: (RunningBoard) [com.apple.runningboard:message] PERF: Received lookupHandleForPredicate request from [osservice<com.apple.SpringBoard>:5035] (euid 501, auid 501) (persona (null))
2026-07-02 00:07:33.373182+0200 0x12e68    Activity    0x9cfe8              4914   0    runningboardd: (RunningBoard) lookupHandleForPredicate
2026-07-02 00:07:33.373393+0200 0x128aa    Default     0x0                  5035   0    SpringBoard: (FrontBoard) [com.apple.FrontBoard:Process] [xpcservice<com.apple.Maps.GeneralMapsWidget>:5116] Bootstrap success!
2026-07-02 00:07:33.373525+0200 0x12e68    Activity    0x9cfe9              4914   0    runningboardd: (RunningBoard) statesForPredicate
2026-07-02 00:07:33.373814+0200 0x128aa    Default     0x0                  5035   0    SpringBoard: (RunningBoardServices) [com.apple.runningboard:process] Starting death monitoring for handle [xpcservice<com.apple.Maps.GeneralMapsWidget([osservice<com.apple.chronod>:4955])>{vt hash: 65357341}[uuid:8A6239E6-FA8A-48CB-B1D0-C8CCBB6EA844]{definition:com.apple.Maps.GeneralMapsWidget[extension][client]}:5116]
2026-07-02 00:07:33.373905+0200 0x12da5    Activity    0x9cfea              4914   0    runningboardd: (RunningBoard) subscribeToProcessDeath
2026-07-02 00:07:33.373946+0200 0x128aa    Default     0x0                  5035   0    SpringBoard: (FrontBoard) [com.apple.FrontBoard:Process] Adding: <FBExtensionProcess: 0x11a8de840; xpcservice<com.apple.Maps.GeneralMapsWidget>:5116(v3921)>
2026-07-02 00:07:33.408739+0200 0x12da5    Activity    0x9cfeb              4914   0    runningboardd: (RunningBoard) statesForPredicate
2026-07-02 00:07:33.408948+0200 0x12da5    Activity    0x9cfec              4914   0    runningboardd: (RunningBoard) incoming connection
2026-07-02 00:07:33.408956+0200 0x12da5    Default     0x9cfec              4914   0    runningboardd: (RunningBoard) [com.apple.runningboard:connection] Incoming connection from 5116, user 501/501
2026-07-02 00:07:33.408968+0200 0x12da5    Default     0x9cfec              4914   0    runningboardd: (libxpc.dylib) [com.apple.xpc:connection] [0x1058e7c00] activating connection: mach=false listener=false peer=true name=com.apple.runningboard.peer[5116].0x1058e7c00
2026-07-02 00:07:33.408994+0200 0x12da5    Activity    0x9cfed              4914   0    runningboardd: (RunningBoard) lookupHandleForKey
2026-07-02 00:07:33.409338+0200 0x12da5    Activity    0x9cfee              4914   0    runningboardd: (RunningBoard) subscribeToProcessStateChangesWithConfiguration
2026-07-02 00:07:33.409386+0200 0x12da5    Default     0x9cfee              4914   0    runningboardd: (RunningBoard) [com.apple.runningboard:general] Monitor HWM C 102(102) P 123(123) A 35(174) M 18(18)
2026-07-02 00:07:33.934762+0200 0x12da5    Activity    0x9cfef              4914   0    runningboardd: (RunningBoard) unsubscribeFromProcessStateChangesWithIdentifier
2026-07-02 00:07:34.004928+0200 0x12e68    Activity    0x9d090              4914   0    runningboardd: (RunningBoard) statesForPredicate
2026-07-02 00:07:34.005220+0200 0x12e68    Activity    0x9d091              4914   0    runningboardd: (RunningBoard) subscribeToProcessStateChangesWithConfiguration
2026-07-02 00:07:34.289094+0200 0x12da5    Activity    0x9d092              4914   0    runningboardd: (RunningBoard) unsubscribeFromProcessStateChangesWithIdentifier
2026-07-02 00:07:34.295821+0200 0x12e68    Activity    0x9d093              4914   0    runningboardd: (RunningBoard) acquireAssertionWithDescriptor
2026-07-02 00:07:34.295872+0200 0x12e68    Default     0x9d093              4914   7    runningboardd: (RunningBoard) [com.apple.runningboard:ttl] Acquiring assertion targeting [xpcservice<com.apple.Maps.GeneralMapsWidget([osservice<com.apple.chronod>:4955])>{vt hash: 65357341}[uuid:8A6239E6-FA8A-48CB-B1D0-C8CCBB6EA844]{definition:com.apple.Maps.GeneralMapsWidget[extension][client]}:5116] from originator [osservice<com.apple.chronod>:4955] with description <RBSAssertionDescriptor| "[Maps.GeneralMapsWidget-23E13A1757A3]" ID:4914-4955-628 target:5116 attributes:[
	<RBSDomainAttribute| domain:"com.apple.chronod" name:"WaitForWidgetSuspension" sourceEnvironment:"(null)">
	]>
2026-07-02 00:07:34.295912+0200 0x12e68    Default     0x9d093              4914   7    runningboardd: (RunningBoard) [com.apple.runningboard:ttl] Assertion 4914-4955-628 (target:[xpcservice<com.apple.Maps.GeneralMapsWidget([osservice<com.apple.chronod>:4955])>{vt hash: 65357341}[uuid:8A6239E6-FA8A-48CB-B1D0-C8CCBB6EA844]{definition:com.apple.Maps.GeneralMapsWidget[extension][client]}:5116]) will be created as active
2026-07-02 00:07:34.295960+0200 0x12da5    Activity    0x9d094              4914   0    runningboardd: (RunningBoard) state update
2026-07-02 00:07:34.295998+0200 0x12e71    Activity    0x9d095              4914   0    runningboardd: (RunningBoard) invalidateAssertionWithIdentifier
2026-07-02 00:07:34.296035+0200 0x12e71    Default     0x9d095              4914   7    runningboardd: (RunningBoard) [com.apple.runningboard:ttl] Invalidating assertion 4914-4955-623 (target:[xpcservice<com.apple.Maps.GeneralMapsWidget([osservice<com.apple.chronod>:4955])>{vt hash: 65357341}[uuid:8A6239E6-FA8A-48CB-B1D0-C8CCBB6EA844]{definition:com.apple.Maps.GeneralMapsWidget[extension][client]}:5116]) from originator [osservice<com.apple.chronod>:4955]
2026-07-02 00:07:34.296068+0200 0x12e70    Default     0x9d093              4914   0    runningboardd: (RunningBoard) [com.apple.runningboard:monitor] Calculated state for xpcservice<com.apple.Maps.GeneralMapsWidget([osservice<com.apple.chronod>:4955])>{vt hash: 65357341}[uuid:8A6239E6-FA8A-48CB-B1D0-C8CCBB6EA844]{definition:com.apple.Maps.GeneralMapsWidget[extension][client]}: running-active (role: LaunchTAL) (endowments: (null))
2026-07-02 00:07:34.296077+0200 0x12da5    Default     0x9d093              4914   7    runningboardd: (RunningBoard) [com.apple.runningboard:ttl] Attempting to rename power assertion 65535 for target xpcservice<com.apple.Maps.GeneralMapsWidget([osservice<com.apple.chronod>:4955])>{vt hash: 65357341}[uuid:8A6239E6-FA8A-48CB-B1D0-C8CCBB6EA844]{definition:com.apple.Maps.GeneralMapsWidget[extension][client]} to xpcservice<com.apple.Maps.GeneralMapsWidget([osservice<com.apple.chronod>:4955])>{vt hash: 65357341}[uuid:8A6239E6-FA8A-48CB-B1D0-C8CCBB6EA844]{definition:com.apple.Maps.GeneralMapsWidget[extension][client]};4914-4955-621:Taking assertion for pid 5116;4914-4955-623:[Maps.GeneralMapsWidget-23E13A1757A3];4914-4955-628:[Maps.GeneralMapsWidget-23E13A1757A3]
2026-07-02 00:07:34.296241+0200 0x128aa    Activity    0x9cafd              5035   0    SpringBoard: (RunningBoardServices) observedProcessStatesDidChange
2026-07-02 00:07:34.296315+0200 0x128aa    Default     0x9cafd              5035   0    SpringBoard: (RunningBoardServices) [com.apple.runningboard:monitor] Received state update for 5116 (xpcservice<com.apple.Maps.GeneralMapsWidget([osservice<com.apple.chronod>:4955])>{vt hash: 65357341}[uuid:8A6239E6-FA8A-48CB-B1D0-C8CCBB6EA844]{definition:com.apple.Maps.GeneralMapsWidget[extension][client]}, running-active-NotVisible
2026-07-02 00:07:34.297185+0200 0x12da5    Activity    0x9d096              4914   0    runningboardd: (RunningBoard) invalidateAssertionWithIdentifier
2026-07-02 00:07:34.297195+0200 0x12da5    Default     0x9d096              4914   7    runningboardd: (RunningBoard) [com.apple.runningboard:ttl] Invalidating assertion 4914-4955-621 (target:[xpcservice<com.apple.Maps.GeneralMapsWidget([osservice<com.apple.chronod>:4955])>{vt hash: 65357341}[uuid:8A6239E6-FA8A-48CB-B1D0-C8CCBB6EA844]{definition:com.apple.Maps.GeneralMapsWidget[extension][client]}:5116]) from originator [osservice<com.apple.chronod>:4955]
2026-07-02 00:07:34.297468+0200 0x12da5    Default     0x0                  4914   0    runningboardd: (RunningBoard) [com.apple.runningboard:message] PERF: Received lookupHandleForPredicate request from [osservice<com.apple.chronod>:4955] (euid 501, auid 501) (persona (null))
2026-07-02 00:07:34.297472+0200 0x12da5    Activity    0x9d097              4914   0    runningboardd: (RunningBoard) lookupHandleForPredicate
2026-07-02 00:07:34.298182+0200 0x12da5    Activity    0x9d098              4914   0    runningboardd: (RunningBoard) acquireAssertionWithDescriptor
2026-07-02 00:07:34.298218+0200 0x12da5    Default     0x9d098              4914   7    runningboardd: (RunningBoard) [com.apple.runningboard:ttl] Acquiring assertion targeting [app<com.apple.chrono.WidgetRenderer-Default((null))>:5062] from originator [app<com.apple.chrono.WidgetRenderer-Default((null))>:5062] with description <RBSAssertionDescriptor| "Timeline archive file reading" ID:4914-5062-629 target:5062 attributes:[
	<RBSDomainAttribute| domain:"com.apple.chronod" name:"DeliverEvent" sourceEnvironment:"(null)">
	]>
2026-07-02 00:07:34.298256+0200 0x12da5    Default     0x9d098              4914   7    runningboardd: (RunningBoard) [com.apple.runningboard:ttl] Assertion 4914-5062-629 (target:[app<com.apple.chrono.WidgetRenderer-Default((null))>:5062]) will be created as active
2026-07-02 00:07:34.298309+0200 0x12e70    Activity    0x9d099              4914   0    runningboardd: (RunningBoard) state update
2026-07-02 00:07:34.298384+0200 0x12e68    Default     0x9d098              4914   0    runningboardd: (RunningBoard) [com.apple.runningboard:monitor] Calculated state for app<com.apple.chrono.WidgetRenderer-Default((null))>: running-active (role: Background) (endowments: (null))
2026-07-02 00:07:34.298460+0200 0x12e8c    Activity    0x9cafe              5035   0    SpringBoard: (RunningBoardServices) observedProcessStatesDidChange
2026-07-02 00:07:34.298488+0200 0x12e8c    Default     0x9cafe              5035   0    SpringBoard: (RunningBoardServices) [com.apple.runningboard:monitor] Received state update for 5062 (app<com.apple.chrono.WidgetRenderer-Default((null))>, running-active-NotVisible
2026-07-02 00:07:34.361795+0200 0x12e68    Activity    0x9d09a              4914   0    runningboardd: (RunningBoard) timer
2026-07-02 00:07:34.401514+0200 0x12e68    Default     0x9d095              4914   0    runningboardd: (RunningBoard) [com.apple.runningboard:assertion] Removed last relative-start-date-defining assertion for process xpcservice<com.apple.Maps.GeneralMapsWidget([osservice<com.apple.chronod>:4955])>{vt hash: 65357341}[uuid:8A6239E6-FA8A-48CB-B1D0-C8CCBB6EA844]{definition:com.apple.Maps.GeneralMapsWidget[extension][client]}
2026-07-02 00:07:34.401525+0200 0x12e68    Activity    0x9d09b              4914   0    runningboardd: (RunningBoard) state update
2026-07-02 00:07:34.401573+0200 0x12e68    Activity    0x9d09c              4914   0    runningboardd: (RunningBoard) state notification
2026-07-02 00:07:34.401627+0200 0x12da4    Default     0x9d09c              4914   0    runningboardd: (RunningBoard) [com.apple.runningboard:monitor] Calculated state for xpcservice<com.apple.Maps.GeneralMapsWidget([osservice<com.apple.chronod>:4955])>{vt hash: 65357341}[uuid:8A6239E6-FA8A-48CB-B1D0-C8CCBB6EA844]{definition:com.apple.Maps.GeneralMapsWidget[extension][client]}: running-suspended (role: None) (endowments: (null))
2026-07-02 00:07:34.401629+0200 0x12e68    Default     0x9d09c              4914   7    runningboardd: (RunningBoard) [com.apple.runningboard:ttl] Attempting to rename power assertion 65535 for target xpcservice<com.apple.Maps.GeneralMapsWidget([osservice<com.apple.chronod>:4955])>{vt hash: 65357341}[uuid:8A6239E6-FA8A-48CB-B1D0-C8CCBB6EA844]{definition:com.apple.Maps.GeneralMapsWidget[extension][client]} to xpcservice<com.apple.Maps.GeneralMapsWidget([osservice<com.apple.chronod>:4955])>{vt hash: 65357341}[uuid:8A6239E6-FA8A-48CB-B1D0-C8CCBB6EA844]{definition:com.apple.Maps.GeneralMapsWidget[extension][client]}4914-4955-628:[Maps.GeneralMapsWidget-23E13A1757A3]
2026-07-02 00:07:34.401648+0200 0x12e70    Default     0x9d09c              4914   7    runningboardd: (RunningBoard) [com.apple.runningboard:ttl] [xpcservice<com.apple.Maps.GeneralMapsWidget([osservice<com.apple.chronod>:4955])>{vt hash: 65357341}[uuid:8A6239E6-FA8A-48CB-B1D0-C8CCBB6EA844]{definition:com.apple.Maps.GeneralMapsWidget[extension][client]}:5116] Suspending task.
2026-07-02 00:07:34.401689+0200 0x128aa    Activity    0x9caff              5035   0    SpringBoard: (RunningBoardServices) observedProcessStatesDidChange
2026-07-02 00:07:34.401719+0200 0x128aa    Default     0x9caff              5035   0    SpringBoard: (RunningBoardServices) [com.apple.runningboard:monitor] Received state update for 5116 (xpcservice<com.apple.Maps.GeneralMapsWidget([osservice<com.apple.chronod>:4955])>{vt hash: 65357341}[uuid:8A6239E6-FA8A-48CB-B1D0-C8CCBB6EA844]{definition:com.apple.Maps.GeneralMapsWidget[extension][client]}, running-suspended-NotVisible
2026-07-02 00:07:34.401823+0200 0x12da5    Activity    0x9d09d              4914   0    runningboardd: (RunningBoard) statesForPredicate
2026-07-02 00:07:34.401892+0200 0x12da5    Activity    0x9d09e              4914   0    runningboardd: (RunningBoard) invalidateAssertionWithIdentifier
2026-07-02 00:07:34.402019+0200 0x12e8c    Default     0x9caff              5035   0    SpringBoard: (FrontBoard) [com.apple.FrontBoard:Process] [xpcservice<com.apple.Maps.GeneralMapsWidget>:5116] Setting process task state to: Suspended
2026-07-02 00:07:34.402031+0200 0x12da5    Default     0x9d09e              4914   7    runningboardd: (RunningBoard) [com.apple.runningboard:ttl] Invalidating assertion 4914-4955-628 (target:[xpcservice<com.apple.Maps.GeneralMapsWidget([osservice<com.apple.chronod>:4955])>{vt hash: 65357341}[uuid:8A6239E6-FA8A-48CB-B1D0-C8CCBB6EA844]{definition:com.apple.Maps.GeneralMapsWidget[extension][client]}:5116]) from originator [osservice<com.apple.chronod>:4955]
2026-07-02 00:07:34.403828+0200 0x12e70    Error       0x9d09c              4914   0    runningboardd: (RunningBoard) [com.apple.runningboard:process] [xpcservice<com.apple.Maps.GeneralMapsWidget([osservice<com.apple.chronod>:4955])>{vt hash: 65357341}[uuid:8A6239E6-FA8A-48CB-B1D0-C8CCBB6EA844]{definition:com.apple.Maps.GeneralMapsWidget[extension][client]}:5116] pid_suspend() failed with error 1: Operation not permitted
2026-07-02 00:07:34.403845+0200 0x12e70    Default     0x9d09c              4914   7    runningboardd: (RunningBoard) [com.apple.runningboard:ttl] [xpcservice<com.apple.Maps.GeneralMapsWidget([osservice<com.apple.chronod>:4955])>{vt hash: 65357341}[uuid:8A6239E6-FA8A-48CB-B1D0-C8CCBB6EA844]{definition:com.apple.Maps.GeneralMapsWidget[extension][client]}:5116] Set darwin role to: None
2026-07-02 00:07:34.497582+0200 0x12e70    Activity    0x9d09f              4914   0    runningboardd: (RunningBoard) invalidateAssertionWithIdentifier
2026-07-02 00:07:34.497616+0200 0x12e70    Default     0x9d09f              4914   7    runningboardd: (RunningBoard) [com.apple.runningboard:ttl] Invalidating assertion 4914-5062-629 (target:[app<com.apple.chrono.WidgetRenderer-Default((null))>:5062]) from originator [app<com.apple.chrono.WidgetRenderer-Default((null))>:5062]
2026-07-02 00:07:34.508152+0200 0x12e68    Activity    0x9d0d0              4914   0    runningboardd: (RunningBoard) state update
2026-07-02 00:07:34.508422+0200 0x12e68    Activity    0x9d0d1              4914   0    runningboardd: (RunningBoard) state notification
2026-07-02 00:07:34.508635+0200 0x12e68    Default     0x9d0d1              4914   7    runningboardd: (RunningBoard) [com.apple.runningboard:ttl] Released power assertion with ID 65535
2026-07-02 00:07:34.508645+0200 0x12da4    Default     0x9d0d1              4914   0    runningboardd: (RunningBoard) [com.apple.runningboard:monitor] Calculated state for xpcservice<com.apple.Maps.GeneralMapsWidget([osservice<com.apple.chronod>:4955])>{vt hash: 65357341}[uuid:8A6239E6-FA8A-48CB-B1D0-C8CCBB6EA844]{definition:com.apple.Maps.GeneralMapsWidget[extension][client]}: running-suspended (role: None) (endowments: (null))
2026-07-02 00:07:34.508788+0200 0x12da4    Default     0x9d0d1              4914   0    runningboardd: (RunningBoard) [com.apple.runningboard:monitor] Calculated state for app<com.apple.chrono.WidgetRenderer-Default((null))>: running-active (role: Background) (endowments: (null))
2026-07-02 00:07:34.508915+0200 0x128aa    Activity    0x9d0a0              5035   0    SpringBoard: (RunningBoardServices) observedProcessStatesDidChange
2026-07-02 00:07:34.509063+0200 0x128aa    Default     0x9d0a0              5035   0    SpringBoard: (RunningBoardServices) [com.apple.runningboard:monitor] Received state update for 5116 (xpcservice<com.apple.Maps.GeneralMapsWidget([osservice<com.apple.chronod>:4955])>{vt hash: 65357341}[uuid:8A6239E6-FA8A-48CB-B1D0-C8CCBB6EA844]{definition:com.apple.Maps.GeneralMapsWidget[extension][client]}, running-suspended-NotVisible
2026-07-02 00:07:34.509326+0200 0x128aa    Activity    0x9d0a1              5035   0    SpringBoard: (RunningBoardServices) observedProcessStatesDidChange
2026-07-02 00:07:34.509435+0200 0x128aa    Default     0x9d0a1              5035   0    SpringBoard: (RunningBoardServices) [com.apple.runningboard:monitor] Received state update for 5062 (app<com.apple.chrono.WidgetRenderer-Default((null))>, running-active-NotVisible
2026-07-02 00:07:36.577392+0200 0x12e8c    Default     0x0                  5035   0    SpringBoard: (libxpc.dylib) [com.apple.xpc:connection] [0x11a994f00] invalidated because the client process (pid 5117) either cancelled the connection or exited
2026-07-02 00:07:36.577492+0200 0x12e8c    Error       0x0                  5035   0    SpringBoard: (BoardServices) [com.apple.BoardServices:XPCErrors] [S:3b] Error received: Connection invalidated.
2026-07-02 00:07:37.292680+0200 0x12e70    Activity    0x9d0d2              4914   0    runningboardd: (RunningBoard) timer
2026-07-02 00:07:38.312829+0200 0x12da4    Default     0x0                  4914   0    runningboardd: (RunningBoard) [com.apple.runningboard:message] PERF: Received lookupHandleForPredicate request from [xpcservice<com.apple.extensionkitservice([osservice<com.apple.chronod>:4955])>{vt hash: 0}{definition:com.apple.extensionkitservice[standard][client]}:5054:5054] (euid 501, auid 501) (persona (null))
2026-07-02 00:07:38.312836+0200 0x12da4    Activity    0x9d0d3              4914   0    runningboardd: (RunningBoard) lookupHandleForPredicate
2026-07-02 00:07:38.316031+0200 0x12da4    Activity    0x9d0d4              4914   0    runningboardd: (RunningBoard) executeLaunchRequest
2026-07-02 00:07:38.316126+0200 0x12da4    Default     0x9d0d4              4914   7    runningboardd: (RunningBoard) [com.apple.runningboard:ttl] Executing launch request for xpcservice<com.apple.news.widget([osservice<com.apple.chronod>:4955])>{vt hash: 21824429}[uuid:8A6239E6-FA8A-48CB-B1D0-C8CCBB6EA844]{definition:com.apple.news.widget[extension][client]} (Launching extension com.apple.news.widget(358EBBE5-82FF-42F0-B0FF-A81DF4DE7F03 for host 4955) from requestor: [xpcservice<com.apple.extensionkitservice([osservice<com.apple.chronod>:4955])>{vt hash: 0}{definition:com.apple.extensionkitservice[standard][client]}:5054:5054]
2026-07-02 00:07:38.316133+0200 0x12da4    Default     0x9d0d4              4914   0    runningboardd: (RunningBoard) [com.apple.runningboard:process] Checking PreventLaunch: global:0 exPath:(null) predicates:(null) allow:(null)
2026-07-02 00:07:38.316148+0200 0x12da4    Default     0x9d0d4              4914   0    runningboardd: (RunningBoard) [com.apple.runningboard:job] Creating and launching job for: xpcservice<com.apple.news.widget([osservice<com.apple.chronod>:4955])>{vt hash: 21824429}[uuid:8A6239E6-FA8A-48CB-B1D0-C8CCBB6EA844]{definition:com.apple.news.widget[extension][client]}
2026-07-02 00:07:38.316209+0200 0x12e70    Default     0x9d0d4              4914   0    runningboardd: (RunningBoard) [com.apple.runningboard:job_oversize] '8A6239E6-FA8A-48CB-B1D0-C8CCBB6EA844' Submitting extension overlay (host PID 4955, path /Library/Developer/CoreSimulator/Volumes/iOS_23F77/Library/Developer/CoreSimulator/Profiles/Runtimes/iOS 26.5.simruntime/Contents/Resources/RuntimeRoot/Applications/News.app/PlugIns/NewsToday2.appex/NewsToday2):
<dictionary: 0x1058c3ba0> { count = 2, transaction: 0, voucher = 0x0, contents =
	"XPCService" => <dictionary: 0x1058c0120> { count = 16, transaction: 0, voucher = 0x0, contents =
		"_ManagedBy" => <string: 0x1058ed860> { string cache = 0x0, length = 22, contents = "com.apple.runningboard" }
		"RunLoopType" => <string: 0x1058eefa0> { string cache = 0x0, length = 9, contents = "NSRunLoop" }
		"Platform" => <int64: 0x9ee0c886ab443377>: 7
		"JoinExistingSession" => <bool: 0x1e6e64560>: false
		"_SandboxProfile" => <string: 0x1058edda0> { string cache = 0x0, length = 6, contents = "plugin" }
		"_LaunchWatchdogTimeOut" => <int64: 0x9ee0c886ab44334f>: 0
		"_AdditionalSubServices" => <dictionary: 0x1058c0f00> { count = 1, transaction: 0, voucher = 0x0, contents =
			"xpc-session" => <bool: 0x1e6e64540>: true
		}
		"_ProcessType" => <string: 0x1058ec210> { string cache = 0x0, length = 8, contents = "AppNonUI" }
		"_AdditionalProperties" => <dictionary: 0x1058c0f60> { count = 1, transaction: 0, voucher = 0x0, contents =
			"RunningBoard" => <dictionary: 0x1058c2ee0> { count = 3, transaction: 0, voucher = 0x0, contents =
				"RunningBoardLaunchedIdentity" => <dictionary: 0x1058c39c0> { count = 6, transaction: 0, voucher = 0x0, contents =
					"TYPE" => <int64: 0x9ee0c886ab44336f>: 4
					"v" => <data: 0x101c51500>: { length = 80 bytes, contents = 0x7b226164646974696f6e616c456e7669726f6e6d656e7456... }
					"h" => <int64: 0x9ee0c886ab44a997>: 4955
					"i" => <string: 0x1058edad0> { string cache = 0x0, length = 21, contents = "com.apple.news.widget" }
					"r" => <int64: 0x9ee0c886ab44335f>: 2
					"H" => <dictionary: 0x1058c3660> { count = 4, transaction: 0, voucher = 0x0, contents =
						"l" => <string: 0x1058ef750> { string cache = 0x0, length = 17, contents = "com.apple.chronod" }
						"t" => <int64: 0x9ee0c886ab44335f>: 2
						"TYPE" => <int64: 0x9ee0c886ab44337f>: 6
						"p" => <int64: 0x9ee0c886ab44334f>: 0
					}
				}
				"RunningBoardLaunched" => <bool: 0x1e6e64540>: true
				"LaunchRequestEndpointIdentifiers" => <dictionary: 0x1058c3a80> { count = 2, transaction: 0, voucher = 0x0, contents =
					"com.apple.news.widget" => <bool: 0x1e6e64540>: true
					"com.apple.news.widget.xpc-session" => <bool: 0x1e6e64540>: true
				}
			}
		}
		"EnvironmentVariables" => <dictionary: 0x1058c2640> { count = 2, transaction: 0, voucher = 0x0, contents =
			"EXTENSION_KIT_EXTENSION_TYPE" => <string: 0x1058eef10> { string cache = 0x0, length = 1, contents = "1" }
			"BSServiceDomains" => <string: 0x1058ec390> { string cache = 0x0, length = 46, contents = "{"XPCService":{"Services":{"MainService":{}}}}" }
		}
		"_OmitSandboxParameters" => <bool: 0x1e6e64560>: false
		"_AbandonCoalition" => <bool: 0x1e6e64540>: true
		"_MultipleInstances" => <bool: 0x1e6e64540>: true
		"ServiceType" => <string: 0x1058ecf30> { string cache = 0x0, length = 11, contents = "Application" }
		"_ManagedBy_Services" => <array: 0x1058edc80> { count = 2, capacity = 8, contents =
			0: <string: 0x1058ed380> { string cache = 0x0, length = 21, contents = "com.apple.news.widget" }
			1: <string: 0x1058ed2f0> { string cache = 0x0, length = 33, contents = "com.apple.news.widget.xpc-session" }
		}
		"ProgramArguments" => <array: 0x1058efea0> { count = 3, capacity = 8, contents =
			0: <string: 0x1058ed770> { string cache = 0x0, length = 209, contents = "/Library/Developer/CoreSimulator/Volumes/iOS_23F77/Library/Developer/CoreSimulator/Profiles/Runtimes/iOS 26.5.simruntime/Contents/Resources/RuntimeRoot/Applications/News.app/PlugIns/NewsToday2.appex/NewsToday2" }
			1: <string: 0x1058ee280> { string cache = 0x0, length = 16, contents = "-LaunchArguments" }
			2: <string: 0x1058ec3f0> { string cache = 0x0, length = 100, contents = "eyJ0eXBlIjoxLCJlbmhhbmNlZFNlY3VyaXR5IjpmYWxzZSwic2VydmljZU5hbWUiOiJjb20uYXBwbGUubmV3cy53aWRnZXQifQ==" }
		}
	}
	"CFBundlePackageType" => <string: 0x1058ee8e0> { string cache = 0x0, length = 4, contents = "XPC!" }
}
2026-07-02 00:07:38.316425+0200 0x12da4    Default     0x9d0d4              4914   0    runningboardd: (AppServerSupport) [com.apple.libxpc.OSLaunchdJob:all] <OSLaunchdJob | handle=E1804C33-8078-4086-A32F-285F9A88FACB>: submitExtension created a job
2026-07-02 00:07:38.316498+0200 0x12da4    Default     0x9d0d4              4914   0    runningboardd: (AppServerSupport) [com.apple.libxpc.OSLaunchdJob:all] <OSLaunchdJob | handle=E1804C33-8078-4086-A32F-285F9A88FACB>: createInstance created a job <OSLaunchdJob | handle=E6F5E191-E52A-4B39-8F64-BFE5600B0EC4>
2026-07-02 00:07:38.386738+0200 0x12da4    Default     0x9d0d4              4914   0    runningboardd: (AppServerSupport) [com.apple.libxpc.OSLaunchdJob:all] <OSLaunchdJob | handle=E6F5E191-E52A-4B39-8F64-BFE5600B0EC4>: start succeeded, info=running, pid=5127
2026-07-02 00:07:38.386991+0200 0x12da4    Default     0x9d0d4              4914   7    runningboardd: (RunningBoard) [com.apple.runningboard:ttl] existingInstance is: (null)
2026-07-02 00:07:38.387173+0200 0x12da4    Error       0x9d0d4              4914   0    runningboardd: (RunningBoard) [com.apple.runningboard:jetsam] memorystatus_control error: MEMORYSTATUS_CMD_CONVERT_MEMLIMIT_MB(-1) returned -1 1 (Operation not permitted)
2026-07-02 00:07:38.387182+0200 0x12da4    Error       0x9d0d4              4914   0    runningboardd: (RunningBoard) [com.apple.runningboard:jetsam] memorystatus_control error: MEMORYSTATUS_CMD_CONVERT_MEMLIMIT_MB(0) returned -1 1 (Operation not permitted)
2026-07-02 00:07:38.387189+0200 0x12da4    Error       0x9d0d4              4914   0    runningboardd: (RunningBoard) [com.apple.runningboard:jetsam] memorystatus_control error: MEMORYSTATUS_CMD_CONVERT_MEMLIMIT_MB(-1) returned -1 1 (Operation not permitted)
2026-07-02 00:07:38.387193+0200 0x12da4    Error       0x9d0d4              4914   0    runningboardd: (RunningBoard) [com.apple.runningboard:jetsam] memorystatus_control error: MEMORYSTATUS_CMD_CONVERT_MEMLIMIT_MB(0) returned -1 1 (Operation not permitted)
2026-07-02 00:07:38.387215+0200 0x12da4    Default     0x9d0d4              4914   0    runningboardd: (RunningBoardServices) [com.apple.runningboard:general] Full encoding handle [xpcservice<com.apple.news.widget([osservice<com.apple.chronod>:4955])>{vt hash: 21824429}[uuid:8A6239E6-FA8A-48CB-B1D0-C8CCBB6EA844]{definition:com.apple.news.widget[extension][client]}:5127], with data f946ce1700001407, and pid 5127
2026-07-02 00:07:38.387284+0200 0x12da4    Default     0x9d0d4              4914   0    runningboardd: (RunningBoard) [com.apple.runningboard:process] [xpcservice<com.apple.news.widget([osservice<com.apple.chronod>:4955])>{vt hash: 21824429}[uuid:8A6239E6-FA8A-48CB-B1D0-C8CCBB6EA844]{definition:com.apple.news.widget[extension][client]}:5127] Memory Limits: active 0 inactive 0
 <RBJetsamProperties| tasklimit=0
(null)>
2026-07-02 00:07:38.387290+0200 0x12da4    Default     0x9d0d4              4914   0    runningboardd: (RunningBoard) [com.apple.runningboard:process] [xpcservice<com.apple.news.widget([osservice<com.apple.chronod>:4955])>{vt hash: 21824429}[uuid:8A6239E6-FA8A-48CB-B1D0-C8CCBB6EA844]{definition:com.apple.news.widget[extension][client]}:5127] This process will be managed.
2026-07-02 00:07:38.387294+0200 0x12da4    Error       0x9d0d4              4914   0    runningboardd: (RunningBoard) [com.apple.runningboard:process] [xpcservice<com.apple.news.widget([osservice<com.apple.chronod>:4955])>{vt hash: 21824429}[uuid:8A6239E6-FA8A-48CB-B1D0-C8CCBB6EA844]{definition:com.apple.news.widget[extension][client]}:5127] Memorystatus failed with unexpected error: Operation not permitted (1)
2026-07-02 00:07:38.387298+0200 0x12da4    Default     0x9d0d4              4914   0    runningboardd: (RunningBoard) [com.apple.runningboard:process] [xpcservice<com.apple.news.widget([osservice<com.apple.chronod>:4955])>{vt hash: 21824429}[uuid:8A6239E6-FA8A-48CB-B1D0-C8CCBB6EA844]{definition:com.apple.news.widget[extension][client]}:5127] is not freezer eligible, disabling freezing.
2026-07-02 00:07:38.387302+0200 0x12da4    Error       0x9d0d4              4914   0    runningboardd: (RunningBoard) [com.apple.runningboard:process] [xpcservice<com.apple.news.widget([osservice<com.apple.chronod>:4955])>{vt hash: 21824429}[uuid:8A6239E6-FA8A-48CB-B1D0-C8CCBB6EA844]{definition:com.apple.news.widget[extension][client]}:5127] Memorystatus failed with unexpected error: Invalid argument (22)
2026-07-02 00:07:38.387306+0200 0x12da4    Default     0x9d0d4              4914   7    runningboardd: (RunningBoard) [com.apple.runningboard:ttl] Now tracking process: [xpcservice<com.apple.news.widget([osservice<com.apple.chronod>:4955])>{vt hash: 21824429}[uuid:8A6239E6-FA8A-48CB-B1D0-C8CCBB6EA844]{definition:com.apple.news.widget[extension][client]}:5127]
2026-07-02 00:07:38.387343+0200 0x12da4    Default     0x9d0d4              4914   7    runningboardd: (RunningBoard) [com.apple.runningboard:ttl] Existing process in RBProcessIndex is: (null)
2026-07-02 00:07:38.387364+0200 0x12da4    Default     0x9d0d4              4914   7    runningboardd: (RunningBoard) [com.apple.runningboard:ttl] existingProcess in RBProcessManager is: (null)
2026-07-02 00:07:38.387381+0200 0x12da4    Default     0x9d0d4              4914   0    runningboardd: (RunningBoard) [com.apple.runningboard:general] Process HWM C 102(102) P 124(124) A 33(174) M 17(18)
2026-07-02 00:07:38.387407+0200 0x12da4    Default     0x9d0d4              4914   7    runningboardd: (RunningBoard) [com.apple.runningboard:ttl] Existing process in RBProcessIndex is: (null)
2026-07-02 00:07:38.387449+0200 0x12e68    Default     0x9d0d4              4914   7    runningboardd: (RunningBoard) [com.apple.runningboard:ttl] Existing process in RBProcessIndex is: (null)
2026-07-02 00:07:38.387458+0200 0x12e68    Default     0x9d0d4              4914   0    runningboardd: (RunningBoard) [com.apple.runningboard:monitor] Calculated state for xpcservice<com.apple.news.widget([osservice<com.apple.chronod>:4955])>{vt hash: 21824429}[uuid:8A6239E6-FA8A-48CB-B1D0-C8CCBB6EA844]{definition:com.apple.news.widget[extension][client]}: running-suspended (role: None) (endowments: (null))
2026-07-02 00:07:38.387466+0200 0x12da4    Default     0x9d0d4              4914   7    runningboardd: (RunningBoard) [com.apple.runningboard:ttl] Existing process in RBProcessIndex is: (null)
2026-07-02 00:07:38.387604+0200 0x12da5    Default     0x9d0d4              4914   0    runningboardd: (AppServerSupport) [com.apple.libxpc.OSLaunchdJob:all] <OSLaunchdJob | handle=E6F5E191-E52A-4B39-8F64-BFE5600B0EC4>: monitor initial info is running, pid=5127
2026-07-02 00:07:38.387626+0200 0x12da5    Default     0x9d0d4              4914   0    runningboardd: (RunningBoard) [com.apple.runningboard:general] [xpcservice<com.apple.news.widget([osservice<com.apple.chronod>:4955])>{vt hash: 21824429}[uuid:8A6239E6-FA8A-48CB-B1D0-C8CCBB6EA844]{definition:com.apple.news.widget[extension][client]}:5127] reported to RB as running
2026-07-02 00:07:38.387632+0200 0x12da5    Default     0x9d0d4              4914   0    runningboardd: (AppServerSupport) [com.apple.libxpc.OSLaunchdJob:all] <OSLaunchdJob | handle=E6F5E191-E52A-4B39-8F64-BFE5600B0EC4>: starting monitoring
2026-07-02 00:07:38.387863+0200 0x12da5    Activity    0x9d0d5              4914   0    runningboardd: (RunningBoard) hostProcessForInstance
2026-07-02 00:07:38.388090+0200 0x12da5    Activity    0x9d0d6              4914   0    runningboardd: (RunningBoard) acquireAssertionWithDescriptor
2026-07-02 00:07:38.388131+0200 0x12da5    Default     0x9d0d6              4914   7    runningboardd: (RunningBoard) [com.apple.runningboard:ttl] Acquiring assertion targeting [xpcservice<com.apple.news.widget([osservice<com.apple.chronod>:4955])>{vt hash: 21824429}[uuid:8A6239E6-FA8A-48CB-B1D0-C8CCBB6EA844]{definition:com.apple.news.widget[extension][client]}:5127] from originator [xpcservice<com.apple.extensionkitservice([osservice<com.apple.chronod>:4955])>{vt hash: 0}{definition:com.apple.extensionkitservice[standard][client]}:5054:5054] with description <RBSAssertionDescriptor| "Taking assertion for pid 5127" ID:4914-5054-630 target:5127 attributes:[
	<RBSDomainAttribute| domain:"com.apple.chronod" name:"WidgetExtensionRun-QOS-Utility" sourceEnvironment:"(null)">
	]>
2026-07-02 00:07:38.388905+0200 0x12da5    Default     0x9d0d6              4914   7    runningboardd: (RunningBoard) [com.apple.runningboard:ttl] Assertion 4914-5054-630 (target:[xpcservice<com.apple.news.widget([osservice<com.apple.chronod>:4955])>{vt hash: 21824429}[uuid:8A6239E6-FA8A-48CB-B1D0-C8CCBB6EA844]{definition:com.apple.news.widget[extension][client]}:5127]) will be created as active
2026-07-02 00:07:38.388911+0200 0x128aa    Activity    0x9d0a2              5035   0    SpringBoard: (RunningBoardServices) observedProcessStatesDidChange
2026-07-02 00:07:38.388958+0200 0x12da4    Activity    0x9d0d7              4914   0    runningboardd: (RunningBoard) state update
2026-07-02 00:07:38.388972+0200 0x12e68    Activity    0x9d0d8              4914   0    runningboardd: (RunningBoard) lookupHandleForKey
2026-07-02 00:07:38.389056+0200 0x12da5    Default     0x9d0d6              4914   0    runningboardd: (RunningBoard) [com.apple.runningboard:monitor] Calculated state for xpcservice<com.apple.news.widget([osservice<com.apple.chronod>:4955])>{vt hash: 21824429}[uuid:8A6239E6-FA8A-48CB-B1D0-C8CCBB6EA844]{definition:com.apple.news.widget[extension][client]}: running-active (role: LaunchTAL) (endowments: (null))
2026-07-02 00:07:38.389057+0200 0x12e68    Default     0x9d0d6              4914   7    runningboardd: (RunningBoard) [com.apple.runningboard:ttl] [xpcservice<com.apple.news.widget([osservice<com.apple.chronod>:4955])>{vt hash: 21824429}[uuid:8A6239E6-FA8A-48CB-B1D0-C8CCBB6EA844]{definition:com.apple.news.widget[extension][client]}:5127] Resuming task.
2026-07-02 00:07:38.389078+0200 0x12e70    Default     0x9d0d6              4914   0    runningboardd: (RunningBoard) [com.apple.runningboard:power] Acquired process power assertion with ID 65535 for pid 5127
2026-07-02 00:07:38.389175+0200 0x128aa    Default     0x9d0a2              5035   0    SpringBoard: (RunningBoardServices) [com.apple.runningboard:process] Hit the server for a process handle 1946ce1700001407 that resolved to: [xpcservice<com.apple.news.widget([osservice<com.apple.chronod>:4955])>{vt hash: 21824429}[uuid:8A6239E6-FA8A-48CB-B1D0-C8CCBB6EA844]{definition:com.apple.news.widget[extension][client]}:5127]
2026-07-02 00:07:38.389260+0200 0x12e71    Activity    0x9d0d9              4914   0    runningboardd: (RunningBoard) lookupHandleForKey
2026-07-02 00:07:38.389352+0200 0x128aa    Default     0x9d0a2              5035   0    SpringBoard: (RunningBoardServices) [com.apple.runningboard:monitor] Received state update for 5127 (xpcservice<com.apple.news.widget([osservice<com.apple.chronod>:4955])>{vt hash: 21824429}[uuid:8A6239E6-FA8A-48CB-B1D0-C8CCBB6EA844]{definition:com.apple.news.widget[extension][client]}, running-suspended-NotVisible
2026-07-02 00:07:38.389432+0200 0x128aa    Activity    0x9d0a3              5035   0    SpringBoard: (RunningBoardServices) observedProcessStatesDidChange
2026-07-02 00:07:38.389455+0200 0x12e70    Activity    0x9d0da              4914   0    runningboardd: (RunningBoard) lookupHandleForKey
2026-07-02 00:07:38.389481+0200 0x128aa    Default     0x9d0a3              5035   0    SpringBoard: (RunningBoardServices) [com.apple.runningboard:monitor] Received state update for 5127 (xpcservice<com.apple.news.widget([osservice<com.apple.chronod>:4955])>{vt hash: 21824429}[uuid:8A6239E6-FA8A-48CB-B1D0-C8CCBB6EA844]{definition:com.apple.news.widget[extension][client]}, running-active-NotVisible
2026-07-02 00:07:38.389490+0200 0x12e70    Activity    0x9d0db              4914   0    runningboardd: (RunningBoard) statesForPredicate
2026-07-02 00:07:38.389733+0200 0x12da4    Activity    0x9d0dc              4914   0    runningboardd: (RunningBoard) invalidateAssertionWithIdentifier
2026-07-02 00:07:38.389745+0200 0x12da4    Default     0x9d0dc              4914   7    runningboardd: (RunningBoard) [com.apple.runningboard:ttl] Invalidating assertion 4914-5054-630 (target:[xpcservice<com.apple.news.widget([osservice<com.apple.chronod>:4955])>{vt hash: 21824429}[uuid:8A6239E6-FA8A-48CB-B1D0-C8CCBB6EA844]{definition:com.apple.news.widget[extension][client]}:5127]) from originator [xpcservice<com.apple.extensionkitservice([osservice<com.apple.chronod>:4955])>{vt hash: 0}{definition:com.apple.extensionkitservice[standard][client]}:5054:5054]
2026-07-02 00:07:38.389852+0200 0x12da4    Activity    0x9d0dd              4914   0    runningboardd: (RunningBoard) statesForPredicate
2026-07-02 00:07:38.389964+0200 0x12da4    Activity    0x9d0de              4914   0    runningboardd: (RunningBoard) hostProcessForInstance
2026-07-02 00:07:38.390195+0200 0x12da4    Activity    0x9d0df              4914   0    runningboardd: (RunningBoard) lookupHandleForKey
2026-07-02 00:07:38.390384+0200 0x12da4    Activity    0x9d270              4914   0    runningboardd: (RunningBoard) subscribeToProcessDeath
2026-07-02 00:07:38.390670+0200 0x12e70    Activity    0x9d271              4914   0    runningboardd: (RunningBoard) acquireAssertionWithDescriptor
2026-07-02 00:07:38.390762+0200 0x12e70    Default     0x9d271              4914   7    runningboardd: (RunningBoard) [com.apple.runningboard:ttl] Acquiring assertion targeting [xpcservice<com.apple.news.widget([osservice<com.apple.chronod>:4955])>{vt hash: 21824429}[uuid:8A6239E6-FA8A-48CB-B1D0-C8CCBB6EA844]{definition:com.apple.news.widget[extension][client]}:5127] from originator [osservice<com.apple.chronod>:4955] with description <RBSAssertionDescriptor| "Taking assertion for pid 5127" ID:4914-4955-631 target:5127 attributes:[
	<RBSDomainAttribute| domain:"com.apple.chronod" name:"WidgetExtensionRun-QOS-Utility" sourceEnvironment:"(null)">
	]>
2026-07-02 00:07:38.390838+0200 0x12e70    Default     0x9d271              4914   7    runningboardd: (RunningBoard) [com.apple.runningboard:ttl] Assertion 4914-4955-631 (target:[xpcservice<com.apple.news.widget([osservice<com.apple.chronod>:4955])>{vt hash: 21824429}[uuid:8A6239E6-FA8A-48CB-B1D0-C8CCBB6EA844]{definition:com.apple.news.widget[extension][client]}:5127]) will be created as active
2026-07-02 00:07:38.391027+0200 0x12da5    Activity    0x9d272              4914   0    runningboardd: (RunningBoard) state update
2026-07-02 00:07:38.391263+0200 0x12da5    Default     0x9d271              4914   7    runningboardd: (RunningBoard) [com.apple.runningboard:ttl] Attempting to rename power assertion 65535 for target xpcservice<com.apple.news.widget([osservice<com.apple.chronod>:4955])>{vt hash: 21824429}[uuid:8A6239E6-FA8A-48CB-B1D0-C8CCBB6EA844]{definition:com.apple.news.widget[extension][client]} to xpcservice<com.apple.news.widget([osservice<com.apple.chronod>:4955])>{vt hash: 21824429}[uuid:8A6239E6-FA8A-48CB-B1D0-C8CCBB6EA844]{definition:com.apple.news.widget[extension][client]};4914-4955-631:Taking assertion for pid 5127;4914-5054-630:Taking assertion for pid 5127
2026-07-02 00:07:38.391418+0200 0x12e67    Activity    0x9d273              4914   0    runningboardd: (RunningBoard) acquireAssertionWithDescriptor
2026-07-02 00:07:38.391547+0200 0x12e67    Default     0x9d273              4914   7    runningboardd: (RunningBoard) [com.apple.runningboard:ttl] Acquiring assertion targeting [xpcservice<com.apple.news.widget([osservice<com.apple.chronod>:4955])>{vt hash: 21824429}[uuid:8A6239E6-FA8A-48CB-B1D0-C8CCBB6EA844]{definition:com.apple.news.widget[extension][client]}:5127] from originator [osservice<com.apple.chronod>:4955] with description <RBSAssertionDescriptor| "[news.widget-3DD7F3665693]" ID:4914-4955-632 target:5127 attributes:[
	<RBSDomainAttribute| domain:"com.apple.chronod" name:"WidgetExtensionRun-QOS-Utility" sourceEnvironment:"(null)">
	]>
2026-07-02 00:07:38.391588+0200 0x12e67    Default     0x9d273              4914   7    runningboardd: (RunningBoard) [com.apple.runningboard:ttl] Assertion 4914-4955-632 (target:[xpcservice<com.apple.news.widget([osservice<com.apple.chronod>:4955])>{vt hash: 21824429}[uuid:8A6239E6-FA8A-48CB-B1D0-C8CCBB6EA844]{definition:com.apple.news.widget[extension][client]}:5127]) will be created as active
2026-07-02 00:07:38.391655+0200 0x12da5    Activity    0x9d274              4914   0    runningboardd: (RunningBoard) state update
2026-07-02 00:07:38.391846+0200 0x12da5    Default     0x9d273              4914   0    runningboardd: (RunningBoard) [com.apple.runningboard:monitor] Calculated state for xpcservice<com.apple.news.widget([osservice<com.apple.chronod>:4955])>{vt hash: 21824429}[uuid:8A6239E6-FA8A-48CB-B1D0-C8CCBB6EA844]{definition:com.apple.news.widget[extension][client]}: running-active (role: LaunchTAL) (endowments: (null))
2026-07-02 00:07:38.391859+0200 0x12e67    Default     0x9d273              4914   7    runningboardd: (RunningBoard) [com.apple.runningboard:ttl] Attempting to rename power assertion 65535 for target xpcservice<com.apple.news.widget([osservice<com.apple.chronod>:4955])>{vt hash: 21824429}[uuid:8A6239E6-FA8A-48CB-B1D0-C8CCBB6EA844]{definition:com.apple.news.widget[extension][client]} to xpcservice<com.apple.news.widget([osservice<com.apple.chronod>:4955])>{vt hash: 21824429}[uuid:8A6239E6-FA8A-48CB-B1D0-C8CCBB6EA844]{definition:com.apple.news.widget[extension][client]};4914-4955-631:Taking assertion for pid 5127;4914-4955-632:[news.widget-3DD7F3665693];4914-5054-630:Taking assertion for pid 5127
2026-07-02 00:07:38.392009+0200 0x12e68    Default     0x9d0d6              4914   7    runningboardd: (RunningBoard) [com.apple.runningboard:ttl] [xpcservice<com.apple.news.widget([osservice<com.apple.chronod>:4955])>{vt hash: 21824429}[uuid:8A6239E6-FA8A-48CB-B1D0-C8CCBB6EA844]{definition:com.apple.news.widget[extension][client]}:5127] Set darwin role to: LaunchTAL
2026-07-02 00:07:38.392026+0200 0x12e68    Error       0x9d0d6              4914   0    runningboardd: (RunningBoard) [com.apple.runningboard:process] 5127 Error setting Darwin GPU to "Denys" (2): Operation not permitted
2026-07-02 00:07:38.392071+0200 0x12e68    Error       0x9d0d6              4914   0    runningboardd: (RunningBoard) [com.apple.runningboard:process] [xpcservice<com.apple.news.widget([osservice<com.apple.chronod>:4955])>{vt hash: 21824429}[uuid:8A6239E6-FA8A-48CB-B1D0-C8CCBB6EA844]{definition:com.apple.news.widget[extension][client]}:5127] Error 1 setting Carplay mode to 0: Operation not permitted
2026-07-02 00:07:38.407528+0200 0x12e68    Activity    0x9d275              4914   0    runningboardd: (RunningBoard) incoming connection
2026-07-02 00:07:38.407555+0200 0x12e68    Default     0x9d275              4914   0    runningboardd: (RunningBoard) [com.apple.runningboard:connection] Incoming connection from 5072, user 501/501
2026-07-02 00:07:38.407673+0200 0x12e68    Default     0x9d275              4914   0    runningboardd: (RunningBoard) [com.apple.runningboard:process] _resolveProcessWithIdentifier pid 5072 euid 501 auid 501
2026-07-02 00:07:38.407683+0200 0x12e68    Default     0x9d275              4914   0    runningboardd: (RunningBoard) [com.apple.runningboard:process] Resolved pid 5072 to [osservice<com.apple.installcoordinationd>:5072]
2026-07-02 00:07:38.407696+0200 0x12e68    Default     0x9d275              4914   7    runningboardd: (RunningBoard) [com.apple.runningboard:ttl] existingInstance is: (null)
2026-07-02 00:07:38.407714+0200 0x12e68    Error       0x9d275              4914   0    runningboardd: (RunningBoard) [com.apple.runningboard:jetsam] memorystatus_control error: MEMORYSTATUS_CMD_CONVERT_MEMLIMIT_MB(-1) returned -1 1 (Operation not permitted)
2026-07-02 00:07:38.407721+0200 0x12e68    Error       0x9d275              4914   0    runningboardd: (RunningBoard) [com.apple.runningboard:jetsam] memorystatus_control error: MEMORYSTATUS_CMD_CONVERT_MEMLIMIT_MB(0) returned -1 1 (Operation not permitted)
2026-07-02 00:07:38.408054+0200 0x12e68    Default     0x9d275              4914   0    runningboardd: (RunningBoardServices) [com.apple.runningboard:general] Full encoding handle [osservice<com.apple.installcoordinationd>:5072], with data 54ad2379000013d0, and pid 5072
2026-07-02 00:07:38.408103+0200 0x12e68    Default     0x9d275              4914   0    runningboardd: (RunningBoard) [com.apple.runningboard:process] [osservice<com.apple.installcoordinationd>:5072] is not RunningBoard jetsam managed.
2026-07-02 00:07:38.408111+0200 0x12e68    Default     0x9d275              4914   0    runningboardd: (RunningBoard) [com.apple.runningboard:process] [osservice<com.apple.installcoordinationd>:5072] This process will not be managed.
2026-07-02 00:07:38.408116+0200 0x12e68    Default     0x9d275              4914   7    runningboardd: (RunningBoard) [com.apple.runningboard:ttl] Now tracking process: [osservice<com.apple.installcoordinationd>:5072]
2026-07-02 00:07:38.408121+0200 0x12e68    Default     0x9d275              4914   7    runningboardd: (RunningBoard) [com.apple.runningboard:ttl] Existing process in RBProcessIndex is: (null)
2026-07-02 00:07:38.408126+0200 0x12e68    Default     0x9d275              4914   7    runningboardd: (RunningBoard) [com.apple.runningboard:ttl] existingProcess in RBProcessManager is: (null)
2026-07-02 00:07:38.408133+0200 0x12e68    Default     0x9d275              4914   0    runningboardd: (RunningBoard) [com.apple.runningboard:general] Process HWM C 102(102) P 125(125) A 36(174) M 17(18)
2026-07-02 00:07:38.408142+0200 0x12e68    Default     0x9d275              4914   7    runningboardd: (RunningBoard) [com.apple.runningboard:ttl] Existing process in RBProcessIndex is: (null)
2026-07-02 00:07:38.408187+0200 0x12e70    Default     0x9d275              4914   7    runningboardd: (RunningBoard) [com.apple.runningboard:ttl] Existing process in RBProcessIndex is: (null)
2026-07-02 00:07:38.408188+0200 0x12e68    Default     0x9d275              4914   7    runningboardd: (RunningBoard) [com.apple.runningboard:ttl] Existing process in RBProcessIndex is: (null)
2026-07-02 00:07:38.408274+0200 0x12e68    Default     0x9d275              4914   0    runningboardd: (AppServerSupport) [com.apple.libxpc.OSLaunchdJob:all] <OSLaunchdJob | handle=571F96FC-2006-4DEF-A729-7229766D57F2>: copyJobWithPid:5072 created a job
2026-07-02 00:07:38.408394+0200 0x12e70    Default     0x9d275              4914   0    runningboardd: (AppServerSupport) [com.apple.libxpc.OSLaunchdJob:all] <OSLaunchdJob | handle=571F96FC-2006-4DEF-A729-7229766D57F2>: monitor initial info is running, pid=5072
2026-07-02 00:07:38.408423+0200 0x12e70    Default     0x9d275              4914   0    runningboardd: (RunningBoard) [com.apple.runningboard:general] [osservice<com.apple.installcoordinationd>:5072] reported to RB as running
2026-07-02 00:07:38.408441+0200 0x12e70    Default     0x9d275              4914   0    runningboardd: (AppServerSupport) [com.apple.libxpc.OSLaunchdJob:all] <OSLaunchdJob | handle=571F96FC-2006-4DEF-A729-7229766D57F2>: starting monitoring
2026-07-02 00:07:38.408448+0200 0x128aa    Activity    0x9d0a4              5035   0    SpringBoard: (RunningBoardServices) observedProcessStatesDidChange
2026-07-02 00:07:38.408505+0200 0x12e70    Activity    0x9d276              4914   0    runningboardd: (RunningBoard) lookupHandleForKey
2026-07-02 00:07:38.408572+0200 0x128aa    Default     0x9d0a4              5035   0    SpringBoard: (RunningBoardServices) [com.apple.runningboard:process] Hit the server for a process handle 14ad2379000013d0 that resolved to: [osservice<com.apple.installcoordinationd>:5072]
2026-07-02 00:07:38.408577+0200 0x12e68    Default     0x9d275              4914   0    runningboardd: (RunningBoard) [com.apple.runningboard:general] Client HWM C 103(103) P 125(125) A 36(174) M 17(18)
2026-07-02 00:07:38.408593+0200 0x128aa    Default     0x9d0a4              5035   0    SpringBoard: (RunningBoardServices) [com.apple.runningboard:monitor] Received state update for 5072 (osservice<com.apple.installcoordinationd>, running-NotVisible
2026-07-02 00:07:38.408595+0200 0x12e68    Default     0x9d275              4914   0    runningboardd: (libxpc.dylib) [com.apple.xpc:connection] [0x105885380] activating connection: mach=false listener=false peer=true name=com.apple.runningboard.peer[5072].0x105885380
2026-07-02 00:07:38.408659+0200 0x12e67    Activity    0x9d277              4914   0    runningboardd: (RunningBoard) handshakeWithRequest
2026-07-02 00:07:38.408669+0200 0x12e67    Default     0x9d277              4914   0    runningboardd: (RunningBoard) [com.apple.runningboard:connection] Setting client for [osservice<com.apple.installcoordinationd>:5072] as ready
2026-07-02 00:07:38.408680+0200 0x12e67    Default     0x9d277              4914   0    runningboardd: (RunningBoard) [com.apple.runningboard:connection] Received handshake request from 5072 with 0 assertion descriptors
2026-07-02 00:07:38.408691+0200 0x12e67    Default     0x9d277              4914   0    runningboardd: (RunningBoard) [com.apple.runningboard:connection] Handshake successful with 5072; sending response
2026-07-02 00:07:38.408726+0200 0x12e67    Activity    0x9d278              4914   0    runningboardd: (RunningBoard) statesForPredicate
2026-07-02 00:07:38.409092+0200 0x12e67    Activity    0x9d279              4914   0    runningboardd: (RunningBoard) subscribeToProcessStateChangesWithConfiguration
2026-07-02 00:07:38.409283+0200 0x12e68    Activity    0x9d27a              4914   0    runningboardd: (RunningBoard) executeTerminateRequest
2026-07-02 00:07:38.409318+0200 0x12e68    Default     0x9d27a              4914   0    runningboardd: (RunningBoard) [com.apple.runningboard:connection] Received termination request from [osservice<com.apple.installcoordinationd>:5072] on <RBSProcessPredicate <RBSProcessBundleIdentifierPredicate "MJR-Labs.Aura-Health">> with context <RBSTerminateContext| explanation:installcoordinationd app:[MJR-Labs.Aura-Health/Invalid/[system-defined]] uuid:94A56C46-C1ED-468F-8FF3-6F4347B1C166 isPlaceholder:Y reportType:None maxTerminationResistance:Absolute attrs:[
	<RBSPreventLaunchLimitation| <RBSProcessPredicate <RBSProcessBundleIdentifierPredicate "MJR-Labs.Aura-Health">> allow:(null)>
	]>
2026-07-02 00:07:38.409392+0200 0x12e68    Default     0x9d27a              4914   0    runningboardd: (RunningBoardServices) [com.apple.runningboard:general] failed to get LSApplicationRecord for MJR-Labs.Aura-Health - probably OK
2026-07-02 00:07:38.409491+0200 0x12e68    Default     0x9d27a              4914   0    runningboardd: (RunningBoard) [com.apple.runningboard:connection] skipping plugin hold for uninstalled proxy MJR-Labs.Aura-Health
2026-07-02 00:07:38.409517+0200 0x12e68    Default     0x9d27a              4914   7    runningboardd: (RunningBoard) [com.apple.runningboard:ttl] Acquiring assertion targeting system from originator [osservice<com.apple.installcoordinationd>:5072] with description <RBSAssertionDescriptor| "installcoordinationd app:[MJR-Labs.Aura-Health/Invalid/[system-defined]] uuid:94A56C46-C1ED-468F-8FF3-6F4347B1C166 isPlaceholder:Y" ID:4914-5072-633 target:system attributes:[
	<RBSPreventLaunchLimitation| <RBSProcessPredicate <RBSProcessBundleIdentifierPredicate "MJR-Labs.Aura-Health">> allow:(null)>
	]>
2026-07-02 00:07:38.409539+0200 0x12e68    Default     0x9d27a              4914   7    runningboardd: (RunningBoard) [com.apple.runningboard:ttl] Assertion 4914-5072-633 (target:system) will be created as active
2026-07-02 00:07:38.409565+0200 0x12e68    Activity    0x9d27b              4914   0    runningboardd: (RunningBoard) state update
2026-07-02 00:07:38.409650+0200 0x12e68    Default     0x9d27a              4914   0    runningboardd: (RunningBoard) [com.apple.runningboard:process] Executing termination request for: <RBSProcessPredicate <RBSProcessBundleIdentifierPredicate "MJR-Labs.Aura-Health">>
2026-07-02 00:07:38.409670+0200 0x12e68    Default     0x9d27a              4914   0    runningboardd: (RunningBoard) [com.apple.runningboard:process] Found 0 processes to terminate
2026-07-02 00:07:38.409746+0200 0x12e69    Activity    0x9d0a5              5035   0    SpringBoard: (RunningBoardServices) observedPreventLaunchPredicatesUpdate
2026-07-02 00:07:38.409792+0200 0x127e2    Default     0x9d0a5              5035   0    SpringBoard: (SpringBoard) [com.apple.SpringBoard:Common] termination assertion acquired for MJR-Labs.Aura-Health (app not found)
2026-07-02 00:07:38.409929+0200 0x12e67    Activity    0x9d27c              4914   0    runningboardd: (RunningBoard) unsubscribeFromProcessStateChangesWithIdentifier
2026-07-02 00:07:38.492742+0200 0x128aa    Activity    0x9d0a6              5035   0    SpringBoard: (RunningBoardServices) observedProcessStatesDidChange
2026-07-02 00:07:38.492787+0200 0x128aa    Default     0x9d0a6              5035   0    SpringBoard: (RunningBoardServices) [com.apple.runningboard:monitor] Received state update for 5127 (xpcservice<com.apple.news.widget([osservice<com.apple.chronod>:4955])>{vt hash: 21824429}[uuid:8A6239E6-FA8A-48CB-B1D0-C8CCBB6EA844]{definition:com.apple.news.widget[extension][client]}, running-active-NotVisible
2026-07-02 00:07:38.495517+0200 0x12e68    Activity    0x9d27d              4914   0    runningboardd: (RunningBoard) state update
2026-07-02 00:07:38.495581+0200 0x12e68    Activity    0x9d27e              4914   0    runningboardd: (RunningBoard) state notification
2026-07-02 00:07:38.495641+0200 0x12e67    Default     0x9d27e              4914   7    runningboardd: (RunningBoard) [com.apple.runningboard:ttl] Attempting to rename power assertion 65535 for target xpcservice<com.apple.news.widget([osservice<com.apple.chronod>:4955])>{vt hash: 21824429}[uuid:8A6239E6-FA8A-48CB-B1D0-C8CCBB6EA844]{definition:com.apple.news.widget[extension][client]} to xpcservice<com.apple.news.widget([osservice<com.apple.chronod>:4955])>{vt hash: 21824429}[uuid:8A6239E6-FA8A-48CB-B1D0-C8CCBB6EA844]{definition:com.apple.news.widget[extension][client]};4914-4955-631:Taking assertion for pid 5127;4914-4955-632:[news.widget-3DD7F3665693]
2026-07-02 00:07:38.626052+0200 0x12e69    Default     0x0                  5035   0    SpringBoard: (libxpc.dylib) [com.apple.xpc:connection] [0x11a994900] invalidated because the client process (pid 5116) either cancelled the connection or exited
2026-07-02 00:07:38.626084+0200 0x12e69    Error       0x0                  5035   0    SpringBoard: (BoardServices) [com.apple.BoardServices:XPCErrors] [S:3c] Error received: Connection invalidated.
2026-07-02 00:07:38.829539+0200 0x12e67    Activity    0x9d27f              4914   0    runningboardd: (RunningBoard) incoming connection
2026-07-02 00:07:38.829554+0200 0x12e67    Default     0x9d27f              4914   0    runningboardd: (RunningBoard) [com.apple.runningboard:connection] Incoming connection from 5127, user 501/501
2026-07-02 00:07:38.829706+0200 0x12e67    Default     0x9d27f              4914   0    runningboardd: (RunningBoard) [com.apple.runningboard:general] Client HWM C 104(104) P 125(125) A 36(174) M 17(18)
2026-07-02 00:07:38.829718+0200 0x12e67    Default     0x9d27f              4914   0    runningboardd: (libxpc.dylib) [com.apple.xpc:connection] [0x105938000] activating connection: mach=false listener=false peer=true name=com.apple.runningboard.peer[5127].0x105938000
2026-07-02 00:07:38.829755+0200 0x12e67    Activity    0x9d280              4914   0    runningboardd: (RunningBoard) handshakeWithRequest
2026-07-02 00:07:38.829764+0200 0x12e67    Default     0x9d280              4914   0    runningboardd: (RunningBoard) [com.apple.runningboard:connection] Setting client for [xpcservice<com.apple.news.widget([osservice<com.apple.chronod>:4955])>{vt hash: 21824429}[uuid:8A6239E6-FA8A-48CB-B1D0-C8CCBB6EA844]{definition:com.apple.news.widget[extension][client]}:5127] as ready
2026-07-02 00:07:38.829775+0200 0x12e67    Default     0x9d280              4914   0    runningboardd: (RunningBoard) [com.apple.runningboard:connection] Received handshake request from 5127 with 0 assertion descriptors
2026-07-02 00:07:38.829788+0200 0x12e67    Default     0x9d280              4914   0    runningboardd: (RunningBoard) [com.apple.runningboard:connection] Handshake successful with 5127; sending response
2026-07-02 00:07:38.830435+0200 0x12e67    Activity    0x9d281              4914   0    runningboardd: (RunningBoard) hostProcessForInstance
2026-07-02 00:07:38.920732+0200 0x12e69    Default     0x0                  5035   0    SpringBoard: (BoardServices) [com.apple.BoardServices:XPCErrors] [S:3d] Alloc com.apple.frontboard.systemappservices
2026-07-02 00:07:38.920771+0200 0x12e69    Default     0x0                  5035   0    SpringBoard: (libxpc.dylib) [com.apple.xpc:connection] [0x11a994900] activating connection: mach=false listener=false peer=true name=com.apple.frontboard.systemappservices.peer[5127].0x11a994900
2026-07-02 00:07:38.920921+0200 0x128aa    Default     0x0                  5035   0    SpringBoard: (FrontBoard) [com.apple.FrontBoard:Process] Asked to bootstrap a new process for handle: [xpcservice<com.apple.news.widget([osservice<com.apple.chronod>:4955])>{vt hash: 21824429}[uuid:8A6239E6-FA8A-48CB-B1D0-C8CCBB6EA844]{definition:com.apple.news.widget[extension][client]}:5127]
2026-07-02 00:07:38.920935+0200 0x128aa    Default     0x0                  5035   0    SpringBoard: (FrontBoard) [com.apple.FrontBoard:Process] Creating process (sync=true) for handle: [xpcservice<com.apple.news.widget([osservice<com.apple.chronod>:4955])>{vt hash: 21824429}[uuid:8A6239E6-FA8A-48CB-B1D0-C8CCBB6EA844]{definition:com.apple.news.widget[extension][client]}:5127]
2026-07-02 00:07:38.921500+0200 0x128aa    Default     0x0                  5035   0    SpringBoard: (FrontBoard) [com.apple.FrontBoard:ProcessWorkspace] [xpcservice<com.apple.news.widget>:5127] Registering event dispatcher at init
2026-07-02 00:07:38.921513+0200 0x128aa    Default     0x0                  5035   0    SpringBoard: (FrontBoard) [com.apple.FrontBoard:ProcessWorkspace] Registering Source for 5127 : <FBWorkspaceEventDispatcherSource: 0x11ef75e90>
2026-07-02 00:07:38.921534+0200 0x128aa    Default     0x0                  5035   0    SpringBoard: (FrontBoard) [com.apple.FrontBoard:ProcessWorkspace] Created <FBWorkspace: 0x12006f5c0; <FBExtensionProcess: 0x11a8dc1c0; xpcservice<com.apple.news.widget>:5127(v393F); typeID: com.apple.widgetkit-extension>>
2026-07-02 00:07:38.921541+0200 0x128aa    Default     0x0                  5035   0    SpringBoard: (FrontBoard) [com.apple.FrontBoard:Process] Bootstrapping xpcservice<com.apple.news.widget>
2026-07-02 00:07:38.922345+0200 0x12e67    Activity    0x9d282              4914   0    runningboardd: (RunningBoard) executeLaunchRequest
2026-07-02 00:07:38.922429+0200 0x12e67    Error       0x9d282              4914   0    runningboardd: (RunningBoard) [com.apple.runningboard:connection] Rejecting launch request because [osservice<com.apple.SpringBoard>:5035] is not entitled to launch processes
2026-07-02 00:07:38.922579+0200 0x12e67    Default     0x0                  4914   0    runningboardd: (RunningBoard) [com.apple.runningboard:message] PERF: Received lookupHandleForPredicate request from [osservice<com.apple.SpringBoard>:5035] (euid 501, auid 501) (persona (null))
2026-07-02 00:07:38.922584+0200 0x12e67    Activity    0x9d283              4914   0    runningboardd: (RunningBoard) lookupHandleForPredicate
2026-07-02 00:07:38.922686+0200 0x128aa    Default     0x0                  5035   0    SpringBoard: (FrontBoard) [com.apple.FrontBoard:Process] [xpcservice<com.apple.news.widget>:5127] Bootstrap success!
2026-07-02 00:07:38.922759+0200 0x12e67    Activity    0x9d284              4914   0    runningboardd: (RunningBoard) statesForPredicate
2026-07-02 00:07:38.922907+0200 0x128aa    Default     0x0                  5035   0    SpringBoard: (RunningBoardServices) [com.apple.runningboard:process] Starting death monitoring for handle [xpcservice<com.apple.news.widget([osservice<com.apple.chronod>:4955])>{vt hash: 21824429}[uuid:8A6239E6-FA8A-48CB-B1D0-C8CCBB6EA844]{definition:com.apple.news.widget[extension][client]}:5127]
2026-07-02 00:07:38.922955+0200 0x12da5    Activity    0x9d285              4914   0    runningboardd: (RunningBoard) subscribeToProcessDeath
2026-07-02 00:07:38.922976+0200 0x128aa    Default     0x0                  5035   0    SpringBoard: (FrontBoard) [com.apple.FrontBoard:Process] Adding: <FBExtensionProcess: 0x11a8dc1c0; xpcservice<com.apple.news.widget>:5127(v393F)>
2026-07-02 00:07:39.261636+0200 0x12da5    Activity    0x9d286              4914   0    runningboardd: (RunningBoard) subscribeToProcessStateChangesWithConfiguration
2026-07-02 00:07:39.261872+0200 0x12da5    Activity    0x9d287              4914   0    runningboardd: (RunningBoard) lookupHandleForKey
2026-07-02 00:07:39.262314+0200 0x12da5    Activity    0x9d288              4914   0    runningboardd: (RunningBoard) statesForPredicate
2026-07-02 00:07:39.262605+0200 0x12da5    Activity    0x9d289              4914   0    runningboardd: (RunningBoard) acquireAssertionWithDescriptor
2026-07-02 00:07:39.262649+0200 0x12da5    Default     0x9d289              4914   7    runningboardd: (RunningBoard) [com.apple.runningboard:ttl] Acquiring assertion targeting [xpcservice<com.apple.news.widget([osservice<com.apple.chronod>:4955])>{vt hash: 21824429}[uuid:8A6239E6-FA8A-48CB-B1D0-C8CCBB6EA844]{definition:com.apple.news.widget[extension][client]}:5127] from originator [osservice<com.apple.FileCoordination>:5108] with description <RBSAssertionDescriptor| "File Coordination Claim E7034BE7-324E-4915-99A6-8F00353531D0" ID:4914-5108-634 target:5127 attributes:[
	<RBSLegacyAttribute| requestedReason:FinishTask reason:FinishTask flags:( PreventTaskSuspend PreventTaskThrottleDown )>,
	<RBSAcquisitionCompletionAttribute| policy:AfterValidation>
	]>
2026-07-02 00:07:39.262676+0200 0x12da5    Default     0x9d289              4914   7    runningboardd: (RunningBoard) [com.apple.runningboard:ttl] Assertion 4914-5108-634 (target:[xpcservice<com.apple.news.widget([osservice<com.apple.chronod>:4955])>{vt hash: 21824429}[uuid:8A6239E6-FA8A-48CB-B1D0-C8CCBB6EA844]{definition:com.apple.news.widget[extension][client]}:5127]) will be created as inactive as start-time-defining assertions exist
2026-07-02 00:07:39.262726+0200 0x12da5    Activity    0x9d28a              4914   0    runningboardd: (RunningBoard) state update
2026-07-02 00:07:39.263167+0200 0x12da5    Activity    0x9d28b              4914   0    runningboardd: (RunningBoard) subscribeToProcessStateChangesWithConfiguration
2026-07-02 00:07:39.263277+0200 0x12da5    Activity    0x9d28c              4914   0    runningboardd: (RunningBoard) invalidateAssertionWithIdentifier
2026-07-02 00:07:39.263285+0200 0x12da5    Default     0x9d28c              4914   7    runningboardd: (RunningBoard) [com.apple.runningboard:ttl] Invalidating assertion 4914-5108-634 (target:[xpcservice<com.apple.news.widget([osservice<com.apple.chronod>:4955])>{vt hash: 21824429}[uuid:8A6239E6-FA8A-48CB-B1D0-C8CCBB6EA844]{definition:com.apple.news.widget[extension][client]}:5127]) from originator [osservice<com.apple.FileCoordination>:5108]
2026-07-02 00:07:39.265923+0200 0x12e70    Activity    0x9d28d              4914   0    runningboardd: (RunningBoard) subscribeToProcessStateChangesWithConfiguration
2026-07-02 00:07:39.266346+0200 0x12e70    Activity    0x9d28e              4914   0    runningboardd: (RunningBoard) statesForPredicate
2026-07-02 00:07:39.266745+0200 0x12e70    Activity    0x9d28f              4914   0    runningboardd: (RunningBoard) acquireAssertionWithDescriptor
2026-07-02 00:07:39.266809+0200 0x12e70    Default     0x9d28f              4914   7    runningboardd: (RunningBoard) [com.apple.runningboard:ttl] Acquiring assertion targeting [xpcservice<com.apple.news.widget([osservice<com.apple.chronod>:4955])>{vt hash: 21824429}[uuid:8A6239E6-FA8A-48CB-B1D0-C8CCBB6EA844]{definition:com.apple.news.widget[extension][client]}:5127] from originator [osservice<com.apple.FileCoordination>:5108] with description <RBSAssertionDescriptor| "File Coordination Claim AC9D60B9-30B6-4867-88CF-CE6500BC8002" ID:4914-5108-635 target:5127 attributes:[
	<RBSLegacyAttribute| requestedReason:FinishTask reason:FinishTask flags:( PreventTaskSuspend PreventTaskThrottleDown )>,
	<RBSAcquisitionCompletionAttribute| policy:AfterValidation>
	]>
2026-07-02 00:07:39.266847+0200 0x12e70    Default     0x9d28f              4914   7    runningboardd: (RunningBoard) [com.apple.runningboard:ttl] Assertion 4914-5108-635 (target:[xpcservice<com.apple.news.widget([osservice<com.apple.chronod>:4955])>{vt hash: 21824429}[uuid:8A6239E6-FA8A-48CB-B1D0-C8CCBB6EA844]{definition:com.apple.news.widget[extension][client]}:5127]) will be created as inactive as start-time-defining assertions exist
2026-07-02 00:07:39.266912+0200 0x12e67    Activity    0x9d2e0              4914   0    runningboardd: (RunningBoard) state update
2026-07-02 00:07:39.267188+0200 0x12e70    Activity    0x9d2e1              4914   0    runningboardd: (RunningBoard) subscribeToProcessStateChangesWithConfiguration
2026-07-02 00:07:39.267296+0200 0x12e70    Activity    0x9d2e2              4914   0    runningboardd: (RunningBoard) invalidateAssertionWithIdentifier
2026-07-02 00:07:39.267304+0200 0x12e70    Default     0x9d2e2              4914   7    runningboardd: (RunningBoard) [com.apple.runningboard:ttl] Invalidating assertion 4914-5108-635 (target:[xpcservice<com.apple.news.widget([osservice<com.apple.chronod>:4955])>{vt hash: 21824429}[uuid:8A6239E6-FA8A-48CB-B1D0-C8CCBB6EA844]{definition:com.apple.news.widget[extension][client]}:5127]) from originator [osservice<com.apple.FileCoordination>:5108]
2026-07-02 00:07:39.284323+0200 0x12e70    Activity    0x9d2e3              4914   0    runningboardd: (RunningBoard) acquireAssertionWithDescriptor
2026-07-02 00:07:39.284379+0200 0x12e70    Default     0x9d2e3              4914   7    runningboardd: (RunningBoard) [com.apple.runningboard:ttl] Acquiring assertion targeting [xpcservice<com.apple.news.widget([osservice<com.apple.chronod>:4955])>{vt hash: 21824429}[uuid:8A6239E6-FA8A-48CB-B1D0-C8CCBB6EA844]{definition:com.apple.news.widget[extension][client]}:5127] from originator [xpcservice<com.apple.news.widget([osservice<com.apple.chronod>:4955])>{vt hash: 21824429}[uuid:8A6239E6-FA8A-48CB-B1D0-C8CCBB6EA844]{definition:com.apple.news.widget[extension][client]}:5127] with description <RBSAssertionDescriptor| "com.apple.CFNetwork.StorageDB" ID:4914-5127-636 target:5127 attributes:[
	<RBSDomainAttribute| domain:"com.apple.common" name:"FinishTaskUninterruptable" sourceEnvironment:"(null)">,
	<RBSAcquisitionCompletionAttribute| policy:AfterApplication>
	]>
2026-07-02 00:07:39.284426+0200 0x12e70    Default     0x9d2e3              4914   7    runningboardd: (RunningBoard) [com.apple.runningboard:ttl] Assertion 4914-5127-636 (target:[xpcservice<com.apple.news.widget([osservice<com.apple.chronod>:4955])>{vt hash: 21824429}[uuid:8A6239E6-FA8A-48CB-B1D0-C8CCBB6EA844]{definition:com.apple.news.widget[extension][client]}:5127]) will be created as inactive as start-time-defining assertions exist
2026-07-02 00:07:39.284474+0200 0x12e70    Activity    0x9d2e4              4914   0    runningboardd: (RunningBoard) state update
2026-07-02 00:07:39.284707+0200 0x12e70    Activity    0x9d2e5              4914   0    runningboardd: (RunningBoard) limitationsForInstance
2026-07-02 00:07:39.368231+0200 0x12e70    Activity    0x9d2e6              4914   0    runningboardd: (RunningBoard) state update
2026-07-02 00:07:39.368298+0200 0x12e70    Activity    0x9d2e7              4914   0    runningboardd: (RunningBoard) state notification
2026-07-02 00:07:39.514621+0200 0x12e70    Activity    0x9d2e8              4914   0    runningboardd: (RunningBoard) acquireAssertionWithDescriptor
2026-07-02 00:07:39.514680+0200 0x12e70    Default     0x9d2e8              4914   7    runningboardd: (RunningBoard) [com.apple.runningboard:ttl] Acquiring assertion targeting [xpcservice<com.apple.news.widget([osservice<com.apple.chronod>:4955])>{vt hash: 21824429}[uuid:8A6239E6-FA8A-48CB-B1D0-C8CCBB6EA844]{definition:com.apple.news.widget[extension][client]}:5127] from originator [xpcservice<com.apple.news.widget([osservice<com.apple.chronod>:4955])>{vt hash: 21824429}[uuid:8A6239E6-FA8A-48CB-B1D0-C8CCBB6EA844]{definition:com.apple.news.widget[extension][client]}:5127] with description <RBSAssertionDescriptor| "TeaDB sqlite statement execution" ID:4914-5127-637 target:5127 attributes:[
	<RBSDomainAttribute| domain:"com.apple.common" name:"FinishTaskUninterruptable" sourceEnvironment:"(null)">,
	<RBSAcquisitionCompletionAttribute| policy:AfterApplication>
	]>
2026-07-02 00:07:39.514726+0200 0x12e70    Default     0x9d2e8              4914   7    runningboardd: (RunningBoard) [com.apple.runningboard:ttl] Assertion 4914-5127-637 (target:[xpcservice<com.apple.news.widget([osservice<com.apple.chronod>:4955])>{vt hash: 21824429}[uuid:8A6239E6-FA8A-48CB-B1D0-C8CCBB6EA844]{definition:com.apple.news.widget[extension][client]}:5127]) will be created as inactive as start-time-defining assertions exist
2026-07-02 00:07:39.514787+0200 0x12da5    Activity    0x9d2e9              4914   0    runningboardd: (RunningBoard) state update
2026-07-02 00:07:39.667922+0200 0x12da5    Activity    0x9d2ea              4914   0    runningboardd: (RunningBoard) incoming connection
2026-07-02 00:07:39.667939+0200 0x12da5    Default     0x9d2ea              4914   0    runningboardd: (RunningBoard) [com.apple.runningboard:connection] Incoming connection from 5130, user 501/501
2026-07-02 00:07:39.668109+0200 0x12da5    Default     0x9d2ea              4914   0    runningboardd: (RunningBoard) [com.apple.runningboard:process] _resolveProcessWithIdentifier pid 5130 euid 501 auid 501
2026-07-02 00:07:39.668117+0200 0x12da5    Default     0x9d2ea              4914   0    runningboardd: (RunningBoard) [com.apple.runningboard:process] Resolved pid 5130 to [osservice<com.apple.newsd>:5130]
2026-07-02 00:07:39.668129+0200 0x12da5    Default     0x9d2ea              4914   7    runningboardd: (RunningBoard) [com.apple.runningboard:ttl] existingInstance is: (null)
2026-07-02 00:07:39.668146+0200 0x12da5    Error       0x9d2ea              4914   0    runningboardd: (RunningBoard) [com.apple.runningboard:jetsam] memorystatus_control error: MEMORYSTATUS_CMD_CONVERT_MEMLIMIT_MB(-1) returned -1 1 (Operation not permitted)
2026-07-02 00:07:39.668154+0200 0x12da5    Error       0x9d2ea              4914   0    runningboardd: (RunningBoard) [com.apple.runningboard:jetsam] memorystatus_control error: MEMORYSTATUS_CMD_CONVERT_MEMLIMIT_MB(0) returned -1 1 (Operation not permitted)
2026-07-02 00:07:39.668406+0200 0x12da5    Default     0x9d2ea              4914   0    runningboardd: (RunningBoard) [com.apple.runningboard:general] _bundleMatchesProcessWithExecutablePath using realpath and comparing /Library/Developer/CoreSimulator/Volumes/iOS_23F77/Library/Developer/CoreSimulator/Profiles/Runtimes/iOS 26.5.simruntime/Contents/Resources/RuntimeRoot/System/Library/PrivateFrameworks/NewsDaemon.framework/newsd and /Library/Developer/CoreSimulator/Volumes/iOS_23F77/Library/Developer/CoreSimulator/Profiles/Runtimes/iOS 26.5.simruntime/Contents/Resources/RuntimeRoot/System/Library/PrivateFrameworks/NewsDaemon.framework/NewsDaemon
2026-07-02 00:07:39.668555+0200 0x12da5    Default     0x9d2ea              4914   0    runningboardd: (RunningBoardServices) [com.apple.runningboard:general] Full encoding handle [osservice<com.apple.newsd>:5130], with data 479ecc820000140a, and pid 5130
2026-07-02 00:07:39.668609+0200 0x12da5    Default     0x9d2ea              4914   0    runningboardd: (RunningBoard) [com.apple.runningboard:process] [osservice<com.apple.newsd>:5130] is not RunningBoard jetsam managed.
2026-07-02 00:07:39.668615+0200 0x12da5    Default     0x9d2ea              4914   0    runningboardd: (RunningBoard) [com.apple.runningboard:process] [osservice<com.apple.newsd>:5130] This process will not be managed.
2026-07-02 00:07:39.668619+0200 0x12da5    Default     0x9d2ea              4914   7    runningboardd: (RunningBoard) [com.apple.runningboard:ttl] Now tracking process: [osservice<com.apple.newsd>:5130]
2026-07-02 00:07:39.668624+0200 0x12da5    Default     0x9d2ea              4914   7    runningboardd: (RunningBoard) [com.apple.runningboard:ttl] Existing process in RBProcessIndex is: (null)
2026-07-02 00:07:39.668628+0200 0x12da5    Default     0x9d2ea              4914   7    runningboardd: (RunningBoard) [com.apple.runningboard:ttl] existingProcess in RBProcessManager is: (null)
2026-07-02 00:07:39.668632+0200 0x12da5    Default     0x9d2ea              4914   0    runningboardd: (RunningBoard) [com.apple.runningboard:general] Process HWM C 104(104) P 126(126) A 38(174) M 17(18)
2026-07-02 00:07:39.668641+0200 0x12da5    Default     0x9d2ea              4914   7    runningboardd: (RunningBoard) [com.apple.runningboard:ttl] Existing process in RBProcessIndex is: (null)
2026-07-02 00:07:39.668665+0200 0x12e68    Default     0x9d2ea              4914   7    runningboardd: (RunningBoard) [com.apple.runningboard:ttl] Existing process in RBProcessIndex is: (null)
2026-07-02 00:07:39.668705+0200 0x12da5    Default     0x9d2ea              4914   7    runningboardd: (RunningBoard) [com.apple.runningboard:ttl] Existing process in RBProcessIndex is: (null)
2026-07-02 00:07:39.668886+0200 0x12e8b    Activity    0x9d0a7              5035   0    SpringBoard: (RunningBoardServices) observedProcessStatesDidChange
2026-07-02 00:07:39.668946+0200 0x12e67    Activity    0x9d2eb              4914   0    runningboardd: (RunningBoard) lookupHandleForKey
2026-07-02 00:07:39.669022+0200 0x12da5    Default     0x9d2ea              4914   0    runningboardd: (AppServerSupport) [com.apple.libxpc.OSLaunchdJob:all] <OSLaunchdJob | handle=8B2533CF-CCEA-4DE6-80C9-50624681BDAB>: copyJobWithPid:5130 created a job
2026-07-02 00:07:39.669061+0200 0x12e8b    Default     0x9d0a7              5035   0    SpringBoard: (RunningBoardServices) [com.apple.runningboard:process] Hit the server for a process handle 79ecc820000140a that resolved to: [osservice<com.apple.newsd>:5130]
2026-07-02 00:07:39.669084+0200 0x12e8b    Default     0x9d0a7              5035   0    SpringBoard: (RunningBoardServices) [com.apple.runningboard:monitor] Received state update for 5130 (osservice<com.apple.newsd>, running-NotVisible
2026-07-02 00:07:39.669149+0200 0x12e67    Activity    0x9d2ec              4914   0    runningboardd: (RunningBoard) statesForPredicate
2026-07-02 00:07:39.669162+0200 0x12e68    Default     0x9d2ea              4914   0    runningboardd: (AppServerSupport) [com.apple.libxpc.OSLaunchdJob:all] <OSLaunchdJob | handle=8B2533CF-CCEA-4DE6-80C9-50624681BDAB>: monitor initial info is running, pid=5130
2026-07-02 00:07:39.669183+0200 0x12e68    Default     0x9d2ea              4914   0    runningboardd: (RunningBoard) [com.apple.runningboard:general] [osservice<com.apple.newsd>:5130] reported to RB as running
2026-07-02 00:07:39.669191+0200 0x12e68    Default     0x9d2ea              4914   0    runningboardd: (AppServerSupport) [com.apple.libxpc.OSLaunchdJob:all] <OSLaunchdJob | handle=8B2533CF-CCEA-4DE6-80C9-50624681BDAB>: starting monitoring
2026-07-02 00:07:39.669353+0200 0x12da5    Default     0x9d2ea              4914   0    runningboardd: (RunningBoard) [com.apple.runningboard:general] Client HWM C 105(105) P 126(126) A 38(174) M 17(18)
2026-07-02 00:07:39.669360+0200 0x12da5    Default     0x9d2ea              4914   0    runningboardd: (libxpc.dylib) [com.apple.xpc:connection] [0x105938180] activating connection: mach=false listener=false peer=true name=com.apple.runningboard.peer[5130].0x105938180
2026-07-02 00:07:39.669391+0200 0x12da5    Activity    0x9d2ed              4914   0    runningboardd: (RunningBoard) handshakeWithRequest
2026-07-02 00:07:39.669398+0200 0x12da5    Default     0x9d2ed              4914   0    runningboardd: (RunningBoard) [com.apple.runningboard:connection] Setting client for [osservice<com.apple.newsd>:5130] as ready
2026-07-02 00:07:39.669407+0200 0x12da5    Default     0x9d2ed              4914   0    runningboardd: (RunningBoard) [com.apple.runningboard:connection] Received handshake request from 5130 with 0 assertion descriptors
2026-07-02 00:07:39.669468+0200 0x12da5    Default     0x9d2ed              4914   0    runningboardd: (RunningBoard) [com.apple.runningboard:connection] Handshake successful with 5130; sending response
2026-07-02 00:07:39.689485+0200 0x12da5    Activity    0x9d2ee              4914   0    runningboardd: (RunningBoard) acquireAssertionWithDescriptor
2026-07-02 00:07:39.689545+0200 0x12da5    Default     0x9d2ee              4914   7    runningboardd: (RunningBoard) [com.apple.runningboard:ttl] Acquiring assertion targeting [osservice<com.apple.newsd>:5130] from originator [osservice<com.apple.newsd>:5130] with description <RBSAssertionDescriptor| "com.apple.CFNetwork.StorageDB" ID:4914-5130-638 target:5130 attributes:[
	<RBSDomainAttribute| domain:"com.apple.common" name:"FinishTaskUninterruptable" sourceEnvironment:"(null)">,
	<RBSAcquisitionCompletionAttribute| policy:AfterApplication>
	]>
2026-07-02 00:07:39.689589+0200 0x12da5    Default     0x9d2ee              4914   7    runningboardd: (RunningBoard) [com.apple.runningboard:ttl] Assertion 4914-5130-638 (target:[osservice<com.apple.newsd>:5130]) will be created as active as no start-time-defining assertions exist
2026-07-02 00:07:39.689637+0200 0x12da5    Activity    0x9d2ef              4914   0    runningboardd: (RunningBoard) state update
2026-07-02 00:07:39.689716+0200 0x12e67    Default     0x9d2ee              4914   0    runningboardd: (RunningBoard) [com.apple.runningboard:process] [osservice<com.apple.newsd>:5130] Ignoring jetsam update because this process is not memory-managed
2026-07-02 00:07:39.689725+0200 0x12e67    Default     0x9d2ee              4914   0    runningboardd: (RunningBoard) [com.apple.runningboard:process] [osservice<com.apple.newsd>:5130] Ignoring suspend because this process is not lifecycle managed
2026-07-02 00:07:39.689731+0200 0x12e67    Default     0x9d2ee              4914   0    runningboardd: (RunningBoard) [com.apple.runningboard:process] [osservice<com.apple.newsd>:5130] Ignoring role changes because this process is not role managed
2026-07-02 00:07:39.689736+0200 0x12e67    Default     0x9d2ee              4914   0    runningboardd: (RunningBoard) [com.apple.runningboard:process] [osservice<com.apple.newsd>:5130] Ignoring GPU update because this process is not GPU managed
2026-07-02 00:07:39.689742+0200 0x12e67    Default     0x9d2ee              4914   0    runningboardd: (RunningBoard) [com.apple.runningboard:process] [osservice<com.apple.newsd>:5130] Ignoring memory limit update because this process is not memory-managed
2026-07-02 00:07:39.689744+0200 0x12e68    Default     0x9d2ee              4914   0    runningboardd: (RunningBoard) [com.apple.runningboard:power] Acquired process power assertion with ID 65535 for pid 5130
2026-07-02 00:07:39.689969+0200 0x12e70    Activity    0x9d370              4914   0    runningboardd: (RunningBoard) limitationsForInstance
2026-07-02 00:07:39.771448+0200 0x128aa    Activity    0x9d0a8              5035   0    SpringBoard: (RunningBoardServices) observedProcessStatesDidChange
2026-07-02 00:07:39.771495+0200 0x128aa    Default     0x9d0a8              5035   0    SpringBoard: (RunningBoardServices) [com.apple.runningboard:monitor] Received state update for 5130 (osservice<com.apple.newsd>, running-NotVisible
2026-07-02 00:07:40.308330+0200 0x12e67    Activity    0x9d371              4914   0    runningboardd: (RunningBoard) subscribeToProcessStateChangesWithConfiguration
2026-07-02 00:07:40.308698+0200 0x12e67    Activity    0x9d372              4914   0    runningboardd: (RunningBoard) statesForPredicate
2026-07-02 00:07:40.309272+0200 0x12e67    Activity    0x9d373              4914   0    runningboardd: (RunningBoard) acquireAssertionWithDescriptor
2026-07-02 00:07:40.309315+0200 0x12e67    Default     0x9d373              4914   7    runningboardd: (RunningBoard) [com.apple.runningboard:ttl] Acquiring assertion targeting [xpcservice<com.apple.news.widget([osservice<com.apple.chronod>:4955])>{vt hash: 21824429}[uuid:8A6239E6-FA8A-48CB-B1D0-C8CCBB6EA844]{definition:com.apple.news.widget[extension][client]}:5127] from originator [osservice<com.apple.FileCoordination>:5108] with description <RBSAssertionDescriptor| "File Coordination Claim 417A2A85-32D1-4F3A-AECC-ADAA3BD9C875" ID:4914-5108-639 target:5127 attributes:[
	<RBSLegacyAttribute| requestedReason:FinishTask reason:FinishTask flags:( PreventTaskSuspend PreventTaskThrottleDown )>,
	<RBSAcquisitionCompletionAttribute| policy:AfterValidation>
	]>
2026-07-02 00:07:40.309343+0200 0x12e67    Default     0x9d373              4914   7    runningboardd: (RunningBoard) [com.apple.runningboard:ttl] Assertion 4914-5108-639 (target:[xpcservice<com.apple.news.widget([osservice<com.apple.chronod>:4955])>{vt hash: 21824429}[uuid:8A6239E6-FA8A-48CB-B1D0-C8CCBB6EA844]{definition:com.apple.news.widget[extension][client]}:5127]) will be created as inactive as start-time-defining assertions exist
2026-07-02 00:07:40.309401+0200 0x12e68    Activity    0x9d374              4914   0    runningboardd: (RunningBoard) state update
2026-07-02 00:07:40.309866+0200 0x12e70    Activity    0x9d375              4914   0    runningboardd: (RunningBoard) subscribeToProcessStateChangesWithConfiguration
2026-07-02 00:07:40.310069+0200 0x12e70    Activity    0x9d376              4914   0    runningboardd: (RunningBoard) invalidateAssertionWithIdentifier
2026-07-02 00:07:40.310079+0200 0x12e70    Default     0x9d376              4914   7    runningboardd: (RunningBoard) [com.apple.runningboard:ttl] Invalidating assertion 4914-5108-639 (target:[xpcservice<com.apple.news.widget([osservice<com.apple.chronod>:4955])>{vt hash: 21824429}[uuid:8A6239E6-FA8A-48CB-B1D0-C8CCBB6EA844]{definition:com.apple.news.widget[extension][client]}:5127]) from originator [osservice<com.apple.FileCoordination>:5108]
2026-07-02 00:07:40.310790+0200 0x12e67    Activity    0x9d377              4914   0    runningboardd: (RunningBoard) subscribeToProcessStateChangesWithConfiguration
2026-07-02 00:07:40.311187+0200 0x12e67    Activity    0x9d378              4914   0    runningboardd: (RunningBoard) statesForPredicate
2026-07-02 00:07:40.311564+0200 0x12e67    Activity    0x9d379              4914   0    runningboardd: (RunningBoard) acquireAssertionWithDescriptor
2026-07-02 00:07:40.311600+0200 0x12e67    Default     0x9d379              4914   7    runningboardd: (RunningBoard) [com.apple.runningboard:ttl] Acquiring assertion targeting [xpcservice<com.apple.news.widget([osservice<com.apple.chronod>:4955])>{vt hash: 21824429}[uuid:8A6239E6-FA8A-48CB-B1D0-C8CCBB6EA844]{definition:com.apple.news.widget[extension][client]}:5127] from originator [osservice<com.apple.FileCoordination>:5108] with description <RBSAssertionDescriptor| "File Coordination Claim 504FF031-2566-42E2-A2EE-1E2EAB717C59" ID:4914-5108-640 target:5127 attributes:[
	<RBSLegacyAttribute| requestedReason:FinishTask reason:FinishTask flags:( PreventTaskSuspend PreventTaskThrottleDown )>,
	<RBSAcquisitionCompletionAttribute| policy:AfterValidation>
	]>
2026-07-02 00:07:40.311624+0200 0x12e67    Default     0x9d379              4914   7    runningboardd: (RunningBoard) [com.apple.runningboard:ttl] Assertion 4914-5108-640 (target:[xpcservice<com.apple.news.widget([osservice<com.apple.chronod>:4955])>{vt hash: 21824429}[uuid:8A6239E6-FA8A-48CB-B1D0-C8CCBB6EA844]{definition:com.apple.news.widget[extension][client]}:5127]) will be created as inactive as start-time-defining assertions exist
2026-07-02 00:07:40.311668+0200 0x12e70    Activity    0x9d37a              4914   0    runningboardd: (RunningBoard) state update
2026-07-02 00:07:40.311955+0200 0x12e67    Activity    0x9d37b              4914   0    runningboardd: (RunningBoard) subscribeToProcessStateChangesWithConfiguration
2026-07-02 00:07:40.312080+0200 0x12e67    Activity    0x9d37c              4914   0    runningboardd: (RunningBoard) invalidateAssertionWithIdentifier
2026-07-02 00:07:40.312087+0200 0x12e67    Default     0x9d37c              4914   7    runningboardd: (RunningBoard) [com.apple.runningboard:ttl] Invalidating assertion 4914-5108-640 (target:[xpcservice<com.apple.news.widget([osservice<com.apple.chronod>:4955])>{vt hash: 21824429}[uuid:8A6239E6-FA8A-48CB-B1D0-C8CCBB6EA844]{definition:com.apple.news.widget[extension][client]}:5127]) from originator [osservice<com.apple.FileCoordination>:5108]
2026-07-02 00:07:40.339093+0200 0x12e67    Activity    0x9d37d              4914   0    runningboardd: (RunningBoard) invalidateAssertionWithIdentifier
2026-07-02 00:07:40.339111+0200 0x12e67    Default     0x9d37d              4914   7    runningboardd: (RunningBoard) [com.apple.runningboard:ttl] Invalidating assertion 4914-5127-636 (target:[xpcservice<com.apple.news.widget([osservice<com.apple.chronod>:4955])>{vt hash: 21824429}[uuid:8A6239E6-FA8A-48CB-B1D0-C8CCBB6EA844]{definition:com.apple.news.widget[extension][client]}:5127]) from originator [xpcservice<com.apple.news.widget([osservice<com.apple.chronod>:4955])>{vt hash: 21824429}[uuid:8A6239E6-FA8A-48CB-B1D0-C8CCBB6EA844]{definition:com.apple.news.widget[extension][client]}:5127]
2026-07-02 00:07:40.411463+0200 0x12e67    Activity    0x9d37e              4914   0    runningboardd: (RunningBoard) state update
2026-07-02 00:07:40.411536+0200 0x12e67    Activity    0x9d37f              4914   0    runningboardd: (RunningBoard) state notification
2026-07-02 00:07:40.648788+0200 0x12e70    Activity    0x9d460              4914   0    runningboardd: (RunningBoard) acquireAssertionWithDescriptor
2026-07-02 00:07:40.648850+0200 0x12e70    Default     0x9d460              4914   7    runningboardd: (RunningBoard) [com.apple.runningboard:ttl] Acquiring assertion targeting [xpcservice<com.apple.news.widget([osservice<com.apple.chronod>:4955])>{vt hash: 21824429}[uuid:8A6239E6-FA8A-48CB-B1D0-C8CCBB6EA844]{definition:com.apple.news.widget[extension][client]}:5127] from originator [osservice<com.apple.chronod>:4955] with description <RBSAssertionDescriptor| "[news.widget-3DD7F3665693]" ID:4914-4955-641 target:5127 attributes:[
	<RBSDomainAttribute| domain:"com.apple.chronod" name:"WaitForWidgetSuspension" sourceEnvironment:"(null)">
	]>
2026-07-02 00:07:40.648900+0200 0x12e70    Default     0x9d460              4914   7    runningboardd: (RunningBoard) [com.apple.runningboard:ttl] Assertion 4914-4955-641 (target:[xpcservice<com.apple.news.widget([osservice<com.apple.chronod>:4955])>{vt hash: 21824429}[uuid:8A6239E6-FA8A-48CB-B1D0-C8CCBB6EA844]{definition:com.apple.news.widget[extension][client]}:5127]) will be created as active
2026-07-02 00:07:40.648961+0200 0x12e68    Activity    0x9d461              4914   0    runningboardd: (RunningBoard) state update
2026-07-02 00:07:40.649007+0200 0x12e67    Activity    0x9d462              4914   0    runningboardd: (RunningBoard) invalidateAssertionWithIdentifier
2026-07-02 00:07:40.649055+0200 0x12e67    Default     0x9d462              4914   7    runningboardd: (RunningBoard) [com.apple.runningboard:ttl] Invalidating assertion 4914-4955-632 (target:[xpcservice<com.apple.news.widget([osservice<com.apple.chronod>:4955])>{vt hash: 21824429}[uuid:8A6239E6-FA8A-48CB-B1D0-C8CCBB6EA844]{definition:com.apple.news.widget[extension][client]}:5127]) from originator [osservice<com.apple.chronod>:4955]
2026-07-02 00:07:40.649058+0200 0x12e68    Default     0x9d460              4914   0    runningboardd: (RunningBoard) [com.apple.runningboard:monitor] Calculated state for xpcservice<com.apple.news.widget([osservice<com.apple.chronod>:4955])>{vt hash: 21824429}[uuid:8A6239E6-FA8A-48CB-B1D0-C8CCBB6EA844]{definition:com.apple.news.widget[extension][client]}: running-active (role: LaunchTAL) (endowments: (null))
2026-07-02 00:07:40.649083+0200 0x12da4    Default     0x9d460              4914   7    runningboardd: (RunningBoard) [com.apple.runningboard:ttl] Attempting to rename power assertion 65535 for target xpcservice<com.apple.news.widget([osservice<com.apple.chronod>:4955])>{vt hash: 21824429}[uuid:8A6239E6-FA8A-48CB-B1D0-C8CCBB6EA844]{definition:com.apple.news.widget[extension][client]} to xpcservice<com.apple.news.widget([osservice<com.apple.chronod>:4955])>{vt hash: 21824429}[uuid:8A6239E6-FA8A-48CB-B1D0-C8CCBB6EA844]{definition:com.apple.news.widget[extension][client]};4914-4955-631:Taking assertion for pid 5127;4914-4955-632:[news.widget-3DD7F3665693];4914-4955-641:[news.widget-3DD7F3665693]
2026-07-02 00:07:40.649277+0200 0x12e8b    Activity    0x9d0a9              5035   0    SpringBoard: (RunningBoardServices) observedProcessStatesDidChange
2026-07-02 00:07:40.649353+0200 0x12e8b    Default     0x9d0a9              5035   0    SpringBoard: (RunningBoardServices) [com.apple.runningboard:monitor] Received state update for 5127 (xpcservice<com.apple.news.widget([osservice<com.apple.chronod>:4955])>{vt hash: 21824429}[uuid:8A6239E6-FA8A-48CB-B1D0-C8CCBB6EA844]{definition:com.apple.news.widget[extension][client]}, running-active-NotVisible
2026-07-02 00:07:40.650087+0200 0x12e68    Activity    0x9d463              4914   0    runningboardd: (RunningBoard) invalidateAssertionWithIdentifier
2026-07-02 00:07:40.650098+0200 0x12e68    Default     0x9d463              4914   7    runningboardd: (RunningBoard) [com.apple.runningboard:ttl] Invalidating assertion 4914-4955-631 (target:[xpcservice<com.apple.news.widget([osservice<com.apple.chronod>:4955])>{vt hash: 21824429}[uuid:8A6239E6-FA8A-48CB-B1D0-C8CCBB6EA844]{definition:com.apple.news.widget[extension][client]}:5127]) from originator [osservice<com.apple.chronod>:4955]
2026-07-02 00:07:40.650406+0200 0x12e68    Default     0x0                  4914   0    runningboardd: (RunningBoard) [com.apple.runningboard:message] PERF: Received lookupHandleForPredicate request from [osservice<com.apple.chronod>:4955] (euid 501, auid 501) (persona (null))
2026-07-02 00:07:40.650410+0200 0x12e68    Activity    0x9d464              4914   0    runningboardd: (RunningBoard) lookupHandleForPredicate
2026-07-02 00:07:40.753204+0200 0x12e68    Default     0x9d462              4914   0    runningboardd: (RunningBoard) [com.apple.runningboard:assertion] Removed last relative-start-date-defining assertion for process xpcservice<com.apple.news.widget([osservice<com.apple.chronod>:4955])>{vt hash: 21824429}[uuid:8A6239E6-FA8A-48CB-B1D0-C8CCBB6EA844]{definition:com.apple.news.widget[extension][client]}
2026-07-02 00:07:40.753215+0200 0x12e68    Default     0x9d462              4914   7    runningboardd: (RunningBoard) [com.apple.runningboard:ttl] Activating delayed assertion 4914-5127-637 (target:[xpcservice<com.apple.news.widget([osservice<com.apple.chronod>:4955])>{vt hash: 21824429}[uuid:8A6239E6-FA8A-48CB-B1D0-C8CCBB6EA844]{definition:com.apple.news.widget[extension][client]}:5127])
2026-07-02 00:07:40.753225+0200 0x12e68    Activity    0x9d465              4914   0    runningboardd: (RunningBoard) state update
2026-07-02 00:07:40.753315+0200 0x12e68    Activity    0x9d466              4914   0    runningboardd: (RunningBoard) state notification
2026-07-02 00:07:40.753375+0200 0x12e70    Default     0x9d466              4914   0    runningboardd: (RunningBoard) [com.apple.runningboard:monitor] Calculated state for xpcservice<com.apple.news.widget([osservice<com.apple.chronod>:4955])>{vt hash: 21824429}[uuid:8A6239E6-FA8A-48CB-B1D0-C8CCBB6EA844]{definition:com.apple.news.widget[extension][client]}: running-active (role: Background) (endowments: (null))
2026-07-02 00:07:40.753378+0200 0x12da4    Default     0x9d466              4914   7    runningboardd: (RunningBoard) [com.apple.runningboard:ttl] Attempting to rename power assertion 65535 for target xpcservice<com.apple.news.widget([osservice<com.apple.chronod>:4955])>{vt hash: 21824429}[uuid:8A6239E6-FA8A-48CB-B1D0-C8CCBB6EA844]{definition:com.apple.news.widget[extension][client]} to xpcservice<com.apple.news.widget([osservice<com.apple.chronod>:4955])>{vt hash: 21824429}[uuid:8A6239E6-FA8A-48CB-B1D0-C8CCBB6EA844]{definition:com.apple.news.widget[extension][client]};4914-4955-641:[news.widget-3DD7F3665693];4914-5127-637:TeaDB sqlite statement execution
2026-07-02 00:07:40.753404+0200 0x12da5    Default     0x9d466              4914   7    runningboardd: (RunningBoard) [com.apple.runningboard:ttl] [xpcservice<com.apple.news.widget([osservice<com.apple.chronod>:4955])>{vt hash: 21824429}[uuid:8A6239E6-FA8A-48CB-B1D0-C8CCBB6EA844]{definition:com.apple.news.widget[extension][client]}:5127] Set darwin role to: Background
2026-07-02 00:07:40.753500+0200 0x128aa    Activity    0x9d0aa              5035   0    SpringBoard: (RunningBoardServices) observedProcessStatesDidChange
2026-07-02 00:07:40.753547+0200 0x128aa    Default     0x9d0aa              5035   0    SpringBoard: (RunningBoardServices) [com.apple.runningboard:monitor] Received state update for 5127 (xpcservice<com.apple.news.widget([osservice<com.apple.chronod>:4955])>{vt hash: 21824429}[uuid:8A6239E6-FA8A-48CB-B1D0-C8CCBB6EA844]{definition:com.apple.news.widget[extension][client]}, running-active-NotVisible
2026-07-02 00:07:40.755525+0200 0x12da4    Activity    0x9d467              4914   0    runningboardd: (RunningBoard) invalidateAssertionWithIdentifier
2026-07-02 00:07:40.755538+0200 0x12da4    Default     0x9d467              4914   7    runningboardd: (RunningBoard) [com.apple.runningboard:ttl] Invalidating assertion 4914-5130-638 (target:[osservice<com.apple.newsd>:5130]) from originator [osservice<com.apple.newsd>:5130]
2026-07-02 00:07:40.861562+0200 0x12da5    Activity    0x9d468              4914   0    runningboardd: (RunningBoard) state update
2026-07-02 00:07:40.861689+0200 0x12da5    Activity    0x9d469              4914   0    runningboardd: (RunningBoard) state notification
2026-07-02 00:07:40.861777+0200 0x12e70    Default     0x9d469              4914   0    runningboardd: (RunningBoard) [com.apple.runningboard:process] [osservice<com.apple.newsd>:5130] Ignoring jetsam update because this process is not memory-managed
2026-07-02 00:07:40.861781+0200 0x12e68    Default     0x9d469              4914   7    runningboardd: (RunningBoard) [com.apple.runningboard:ttl] Released power assertion with ID 65535
2026-07-02 00:07:40.861795+0200 0x12e70    Default     0x9d469              4914   0    runningboardd: (RunningBoard) [com.apple.runningboard:process] [osservice<com.apple.newsd>:5130] Ignoring suspend because this process is not lifecycle managed
2026-07-02 00:07:40.861812+0200 0x12e70    Default     0x9d469              4914   0    runningboardd: (RunningBoard) [com.apple.runningboard:process] [osservice<com.apple.newsd>:5130] Ignoring role changes because this process is not role managed
2026-07-02 00:07:40.861819+0200 0x12e70    Default     0x9d469              4914   0    runningboardd: (RunningBoard) [com.apple.runningboard:process] [osservice<com.apple.newsd>:5130] Ignoring GPU update because this process is not GPU managed
2026-07-02 00:07:40.861835+0200 0x12e70    Default     0x9d469              4914   0    runningboardd: (RunningBoard) [com.apple.runningboard:process] [osservice<com.apple.newsd>:5130] Ignoring memory limit update because this process is not memory-managed
2026-07-02 00:07:40.861870+0200 0x12e8b    Activity    0x9d0ab              5035   0    SpringBoard: (RunningBoardServices) observedProcessStatesDidChange
2026-07-02 00:07:40.861915+0200 0x12e8b    Default     0x9d0ab              5035   0    SpringBoard: (RunningBoardServices) [com.apple.runningboard:monitor] Received state update for 5130 (osservice<com.apple.newsd>, running-NotVisible
2026-07-02 00:07:40.924061+0200 0x12e68    Activity    0x9d46a              4914   0    runningboardd: (RunningBoard) invalidateAssertionWithIdentifier
2026-07-02 00:07:40.924097+0200 0x12e68    Default     0x9d46a              4914   7    runningboardd: (RunningBoard) [com.apple.runningboard:ttl] Invalidating assertion 4914-5127-637 (target:[xpcservice<com.apple.news.widget([osservice<com.apple.chronod>:4955])>{vt hash: 21824429}[uuid:8A6239E6-FA8A-48CB-B1D0-C8CCBB6EA844]{definition:com.apple.news.widget[extension][client]}:5127]) from originator [xpcservice<com.apple.news.widget([osservice<com.apple.chronod>:4955])>{vt hash: 21824429}[uuid:8A6239E6-FA8A-48CB-B1D0-C8CCBB6EA844]{definition:com.apple.news.widget[extension][client]}:5127]
2026-07-02 00:07:41.120970+0200 0x12e70    Activity    0x9d46b              4914   0    runningboardd: (RunningBoard) state update
2026-07-02 00:07:41.121293+0200 0x12e70    Activity    0x9d46c              4914   0    runningboardd: (RunningBoard) state notification
2026-07-02 00:07:41.121437+0200 0x12e68    Default     0x9d46c              4914   7    runningboardd: (RunningBoard) [com.apple.runningboard:ttl] [xpcservice<com.apple.news.widget([osservice<com.apple.chronod>:4955])>{vt hash: 21824429}[uuid:8A6239E6-FA8A-48CB-B1D0-C8CCBB6EA844]{definition:com.apple.news.widget[extension][client]}:5127] Suspending task.
2026-07-02 00:07:41.121449+0200 0x12da4    Default     0x9d46c              4914   7    runningboardd: (RunningBoard) [com.apple.runningboard:ttl] Attempting to rename power assertion 65535 for target xpcservice<com.apple.news.widget([osservice<com.apple.chronod>:4955])>{vt hash: 21824429}[uuid:8A6239E6-FA8A-48CB-B1D0-C8CCBB6EA844]{definition:com.apple.news.widget[extension][client]} to xpcservice<com.apple.news.widget([osservice<com.apple.chronod>:4955])>{vt hash: 21824429}[uuid:8A6239E6-FA8A-48CB-B1D0-C8CCBB6EA844]{definition:com.apple.news.widget[extension][client]}4914-4955-641:[news.widget-3DD7F3665693]
2026-07-02 00:07:41.121618+0200 0x12e70    Default     0x9d46c              4914   0    runningboardd: (RunningBoard) [com.apple.runningboard:monitor] Calculated state for xpcservice<com.apple.news.widget([osservice<com.apple.chronod>:4955])>{vt hash: 21824429}[uuid:8A6239E6-FA8A-48CB-B1D0-C8CCBB6EA844]{definition:com.apple.news.widget[extension][client]}: running-suspended (role: None) (endowments: (null))
2026-07-02 00:07:41.121974+0200 0x128aa    Activity    0x9d0ac              5035   0    SpringBoard: (RunningBoardServices) observedProcessStatesDidChange
2026-07-02 00:07:41.122071+0200 0x128aa    Default     0x9d0ac              5035   0    SpringBoard: (RunningBoardServices) [com.apple.runningboard:monitor] Received state update for 5127 (xpcservice<com.apple.news.widget([osservice<com.apple.chronod>:4955])>{vt hash: 21824429}[uuid:8A6239E6-FA8A-48CB-B1D0-C8CCBB6EA844]{definition:com.apple.news.widget[extension][client]}, running-suspended-NotVisible
2026-07-02 00:07:41.122270+0200 0x12e71    Activity    0x9d46d              4914   0    runningboardd: (RunningBoard) invalidateAssertionWithIdentifier
2026-07-02 00:07:41.122308+0200 0x12e71    Default     0x9d46d              4914   7    runningboardd: (RunningBoard) [com.apple.runningboard:ttl] Invalidating assertion 4914-4955-641 (target:[xpcservice<com.apple.news.widget([osservice<com.apple.chronod>:4955])>{vt hash: 21824429}[uuid:8A6239E6-FA8A-48CB-B1D0-C8CCBB6EA844]{definition:com.apple.news.widget[extension][client]}:5127]) from originator [osservice<com.apple.chronod>:4955]
2026-07-02 00:07:41.122379+0200 0x12e71    Activity    0x9d46e              4914   0    runningboardd: (RunningBoard) statesForPredicate
2026-07-02 00:07:41.122922+0200 0x12e8b    Default     0x9d0ac              5035   0    SpringBoard: (FrontBoard) [com.apple.FrontBoard:Process] [xpcservice<com.apple.news.widget>:5127] Setting process task state to: Suspended
2026-07-02 00:07:41.126745+0200 0x12e68    Error       0x9d46c              4914   0    runningboardd: (RunningBoard) [com.apple.runningboard:process] [xpcservice<com.apple.news.widget([osservice<com.apple.chronod>:4955])>{vt hash: 21824429}[uuid:8A6239E6-FA8A-48CB-B1D0-C8CCBB6EA844]{definition:com.apple.news.widget[extension][client]}:5127] pid_suspend() failed with error 1: Operation not permitted
2026-07-02 00:07:41.126792+0200 0x12e68    Default     0x9d46c              4914   7    runningboardd: (RunningBoard) [com.apple.runningboard:ttl] [xpcservice<com.apple.news.widget([osservice<com.apple.chronod>:4955])>{vt hash: 21824429}[uuid:8A6239E6-FA8A-48CB-B1D0-C8CCBB6EA844]{definition:com.apple.news.widget[extension][client]}:5127] Set darwin role to: None
2026-07-02 00:07:41.227261+0200 0x12e68    Activity    0x9d46f              4914   0    runningboardd: (RunningBoard) state update
2026-07-02 00:07:41.227389+0200 0x12e68    Activity    0x9d490              4914   0    runningboardd: (RunningBoard) state notification
2026-07-02 00:07:41.227505+0200 0x12e70    Default     0x9d490              4914   7    runningboardd: (RunningBoard) [com.apple.runningboard:ttl] Released power assertion with ID 65535
2026-07-02 00:07:41.227515+0200 0x12e71    Default     0x9d490              4914   0    runningboardd: (RunningBoard) [com.apple.runningboard:monitor] Calculated state for xpcservice<com.apple.news.widget([osservice<com.apple.chronod>:4955])>{vt hash: 21824429}[uuid:8A6239E6-FA8A-48CB-B1D0-C8CCBB6EA844]{definition:com.apple.news.widget[extension][client]}: running-suspended (role: None) (endowments: (null))
2026-07-02 00:07:41.309556+0200 0x12e71    Activity    0x9d491              4914   0    runningboardd: (RunningBoard) invalidateAssertionWithIdentifier
2026-07-02 00:07:41.309572+0200 0x12e71    Default     0x9d491              4914   7    runningboardd: (RunningBoard) [com.apple.runningboard:ttl] Invalidating assertion 4914-5072-633 (target:system) from originator [osservice<com.apple.installcoordinationd>:5072]
2026-07-02 00:07:41.309607+0200 0x12e71    Activity    0x9d492              4914   0    runningboardd: (RunningBoard) state update
2026-07-02 00:07:41.309646+0200 0x12e71    Activity    0x9d493              4914   0    runningboardd: (RunningBoard) state notification
2026-07-02 00:07:41.309747+0200 0x12e8b    Activity    0x9d0ad              5035   0    SpringBoard: (RunningBoardServices) observedPreventLaunchPredicatesUpdate
2026-07-02 00:07:41.309837+0200 0x127e2    Default     0x9d0ad              5035   0    SpringBoard: (SpringBoard) [com.apple.SpringBoard:Common] termination assertion released for MJR-Labs.Aura-Health (app not found)
2026-07-02 00:07:41.319426+0200 0x128aa    Activity    0x9d0ae              5035   0    SpringBoard: (RunningBoardServices) observedProcessStatesDidChange
2026-07-02 00:07:41.319489+0200 0x128aa    Default     0x9d0ae              5035   0    SpringBoard: (RunningBoardServices) [com.apple.runningboard:monitor] Received state update for 5127 (xpcservice<com.apple.news.widget([osservice<com.apple.chronod>:4955])>{vt hash: 21824429}[uuid:8A6239E6-FA8A-48CB-B1D0-C8CCBB6EA844]{definition:com.apple.news.widget[extension][client]}, running-suspended-NotVisible
2026-07-02 00:07:41.336886+0200 0x12e68    Default     0x0                  4914   5    runningboardd: (CoreServices) [com.apple.launchservices:db] NotifyToken::RegisterDispatch(com.apple.LaunchServices.database) fired for session key LSSessionKey(system: 0 uid: 501)
2026-07-02 00:07:41.337444+0200 0x12e8b    Default     0x0                  5035   5    SpringBoard: (CoreServices) [com.apple.launchservices:db] NotifyToken::RegisterDispatch(com.apple.LaunchServices.database) fired for session key LSSessionKey(system: 0 uid: 501)
2026-07-02 00:07:41.337950+0200 0x128aa    Default     0x0                  5035   5    SpringBoard: (CoreServices) [com.apple.launchservices:appinstallation] LaunchServices observer: NetworkUsageChanged using network: YES
2026-07-02 00:07:41.338127+0200 0x127e2    Default     0x0                  5035   0    SpringBoard: (SpringBoard) [com.apple.SpringBoard:StatusBarish] activity is unchanged, still enabled
2026-07-02 00:07:41.338144+0200 0x127e2    Default     0x0                  5035   0    SpringBoard: (SpringBoard) [com.apple.SpringBoard:StatusBarish] activity info changed to slow=0 sync=0 identifier=
2026-07-02 00:07:41.338858+0200 0x127e2    Default     0x0                  5035   0    SpringBoard: (UIKitCore) [com.apple.UIKit:_UIVisualStyleRegistry] Note: no default visual style class registered as fallback for stylable class UIActivityIndicatorView
2026-07-02 00:07:41.338888+0200 0x127e2    Default     0x0                  5035   0    SpringBoard: (UIKitCore) [com.apple.UIKit:_UIVisualStyleRegistry] Note: no default visual style class registered as fallback for stylable class UIActivityIndicatorView
2026-07-02 00:07:41.340376+0200 0x12e8b    Default     0x0                  5035   5    SpringBoard: (CoreServices) [com.apple.launchservices:appinstallation] LaunchServices observer: InstallsStarted (
    "<LSApplicationProxy: 0x120247840> MJR-Labs.Aura-Health file:///Users/miguelito/Library/Developer/CoreSimulator/Devices/A0AA6D6A-0B56-46BF-ACF4-378FDCADA106/data/Containers/Bundle/Application/152BB046-A902-49FB-8DBF-7298A8332442/Aura%20Health.app/ <MJR-Labs.Aura-Health <placeholder >:1>"
)
2026-07-02 00:07:41.340427+0200 0x12e8b    Default     0x0                  5035   0    SpringBoard: (FrontBoardServices) [com.apple.frontboard.ApplicationLibrary:observer] -[FBSApplicationLibrary applicationInstallsDidStart:] MJR-Labs.Aura-Health
2026-07-02 00:07:41.340534+0200 0x12e8b    Default     0x0                  5035   0    SpringBoard: (FrontBoardServices) [com.apple.frontboard.ApplicationLibrary:default] Added placeholder: <SBApplicationPlaceholderProxy: 0x12012e500; MJR-Labs.Aura-Health (Aura Health); LSInstallType: StoreDownload>
2026-07-02 00:07:41.340676+0200 0x127e2    Default     0x0                  5035   0    SpringBoard: (SpringBoard) [com.apple.frontboard.ApplicationLibrary:sb.placeholder] App placeholder proxies added: (
    "<SBApplicationPlaceholderProxy: 0x12012e500; MJR-Labs.Aura-Health (Aura Health); LSInstallType: StoreDownload>"
), currentlyKnownExistingPlaceholders: {
}
2026-07-02 00:07:41.340703+0200 0x127e2    Default     0x0                  5035   14   SpringBoard: (MobileInstallation) [com.apple.appinstallation:TransactionLog] MJR-Labs.Aura-Health/Unknown Persona:10:0:1:1:Placeholder add BEGIN
2026-07-02 00:07:41.340782+0200 0x12e69    Default     0x0                  5035   0    SpringBoard: (libxpc.dylib) [com.apple.xpc:connection] [0x11ae683c0] activating connection: mach=true listener=false peer=false name=com.apple.ProgressReporting
2026-07-02 00:07:41.341180+0200 0x12e69    Default     0x0                  5035   2    SpringBoard: (CoreServices) [com.apple.launchservices:progress] #LSInstallProgressList add subscriber: <_NSProgressSubscriber: 0x1178093e0> publishingString: MJR-Labs.Aura-Health
2026-07-02 00:07:41.341202+0200 0x12e69    Default     0x0                  5035   2    SpringBoard: (CoreServices) [com.apple.launchservices:progress] Subscribing to progress for app MJR-Labs.Aura-Health,
2026-07-02 00:07:41.341229+0200 0x12e69    Error       0x0                  5035   0    SpringBoard: (FrontBoardServices) [com.apple.frontboard.ApplicationLibrary:placeholder] Non-demoted placeholder for MJR-Labs.Aura-Health has no associated NSProgress!
2026-07-02 00:07:41.341466+0200 0x128aa    Default     0x0                  5035   0    SpringBoard: (SpringBoardHome) [com.apple.SpringBoard:ProactiveAppLibrary] Accumulating pending requests: (
    "<SBHLibraryCategoryMapProviderRefreshRequest: 0x11aeac480; requestReason: -[SBHLibraryCategoryMapProvider requestLibraryCategoryMapUpdateWithRefreshOptions:source:SBHLibraryCategoryMapProviderDefaultSource]> options = {\n    startFromScratch = 0;\n    refreshNow = 0;\n    fetch proactive categories = 1;\n    fetch categories = 1;\n}"
) / Current Request Queue: (
)
2026-07-02 00:07:41.342032+0200 0x12da4    Default     0x0                  4914   5    runningboardd: (CoreServices) [com.apple.launchservices:appinstallation] LaunchServices observer: InstallsStarted (
    "<LSApplicationProxy: 0x101da4000> MJR-Labs.Aura-Health file:///Users/miguelito/Library/Developer/CoreSimulator/Devices/A0AA6D6A-0B56-46BF-ACF4-378FDCADA106/data/Containers/Bundle/Application/152BB046-A902-49FB-8DBF-7298A8332442/Aura%20Health.app/ <MJR-Labs.Aura-Health <placeholder >:1>"
)
2026-07-02 00:07:41.343379+0200 0x12da4    Activity    0x9d494              4914   0    runningboardd: (RunningBoard) subscribeToProcessStateChangesWithConfiguration
2026-07-02 00:07:41.343627+0200 0x12e68    Activity    0x9d495              4914   0    runningboardd: (RunningBoard) executeTerminateRequest
2026-07-02 00:07:41.343661+0200 0x12e68    Default     0x9d495              4914   0    runningboardd: (RunningBoard) [com.apple.runningboard:connection] Received termination request from [osservice<com.apple.installcoordinationd>:5072] on <RBSProcessPredicate <RBSProcessBundleIdentifierPredicate "MJR-Labs.Aura-Health">> with context <RBSTerminateContext| explanation:installcoordinationd app:[MJR-Labs.Aura-Health/Invalid/[system-defined]] uuid:94A56C46-C1ED-468F-8FF3-6F4347B1C166 isPlaceholder:N reportType:None maxTerminationResistance:Absolute attrs:[
	<RBSPreventLaunchLimitation| <RBSProcessPredicate <RBSProcessBundleIdentifierPredicate "MJR-Labs.Aura-Health">> allow:(null)>
	]>
2026-07-02 00:07:41.344774+0200 0x12e68    Default     0x9d495              4914   0    runningboardd: (RunningBoardServices) [com.apple.runningboard:general] failed to get LSApplicationRecord for MJR-Labs.Aura-Health - probably OK
2026-07-02 00:07:41.344942+0200 0x12e68    Default     0x9d495              4914   0    runningboardd: (RunningBoard) [com.apple.runningboard:connection] skipping plugin hold for uninstalled proxy MJR-Labs.Aura-Health
2026-07-02 00:07:41.344976+0200 0x12e68    Default     0x9d495              4914   7    runningboardd: (RunningBoard) [com.apple.runningboard:ttl] Acquiring assertion targeting system from originator [osservice<com.apple.installcoordinationd>:5072] with description <RBSAssertionDescriptor| "installcoordinationd app:[MJR-Labs.Aura-Health/Invalid/[system-defined]] uuid:94A56C46-C1ED-468F-8FF3-6F4347B1C166 isPlaceholder:N" ID:4914-5072-642 target:system attributes:[
	<RBSPreventLaunchLimitation| <RBSProcessPredicate <RBSProcessBundleIdentifierPredicate "MJR-Labs.Aura-Health">> allow:(null)>
	]>
2026-07-02 00:07:41.345001+0200 0x12e68    Default     0x9d495              4914   7    runningboardd: (RunningBoard) [com.apple.runningboard:ttl] Assertion 4914-5072-642 (target:system) will be created as active
2026-07-02 00:07:41.345057+0200 0x12e68    Activity    0x9d496              4914   0    runningboardd: (RunningBoard) state update
2026-07-02 00:07:41.345101+0200 0x12e68    Default     0x9d495              4914   0    runningboardd: (RunningBoard) [com.apple.runningboard:process] Executing termination request for: <RBSProcessPredicate <RBSProcessBundleIdentifierPredicate "MJR-Labs.Aura-Health">>
2026-07-02 00:07:41.345127+0200 0x12e68    Default     0x9d495              4914   0    runningboardd: (RunningBoard) [com.apple.runningboard:process] Found 0 processes to terminate
2026-07-02 00:07:41.345294+0200 0x12e8b    Activity    0x9d0af              5035   0    SpringBoard: (RunningBoardServices) observedPreventLaunchPredicatesUpdate
2026-07-02 00:07:41.345362+0200 0x12e71    Activity    0x9d497              4914   0    runningboardd: (RunningBoard) unsubscribeFromProcessStateChangesWithIdentifier
2026-07-02 00:07:41.351018+0200 0x127e2    Default     0x0                  5035   0    SpringBoard: (SpringBoardHome) [com.apple.SpringBoard:Icon] <<SBLeafIcon:0x120246040 [MJR-Labs.Aura-Health]>> Changing active data source: <SBApplicationIcon: 0x120246040; nodeID: MJR-Labs.Aura-Health; bundleID: MJR-Labs.Aura-Health>
2026-07-02 00:07:41.351037+0200 0x127e2    Default     0x0                  5035   0    SpringBoard: (SpringBoardHome) [com.apple.SpringBoard:Icon] <<SBLeafIcon:0x120246040 [MJR-Labs.Aura-Health]>> Changing from data souce: (null) to data source:MJR-Labs.Aura-Health.
2026-07-02 00:07:41.351211+0200 0x127e2    Default     0x0                  5035   0    SpringBoard: (SpringBoardHome) [com.apple.SpringBoard:Icon] icon model preparing to add icon to designated location: <SBApplicationIcon: 0x120246040; nodeID: MJR-Labs.Aura-Health; bundleID: MJR-Labs.Aura-Health>
2026-07-02 00:07:41.351512+0200 0x127e2    Default     0x0                  5035   0    SpringBoard: (SpringBoardHome) [com.apple.SpringBoard:Widgets] Widget com.apple.weather.widget 0852C256-2E58-4031-9FA9-A75EC29DD951 created from arhive.
2026-07-02 00:07:41.351562+0200 0x127e2    Default     0x0                  5035   0    SpringBoard: (SpringBoardHome) [com.apple.SpringBoard:Icon] <<SBLeafIcon:0x120244240 [(null)]>> Changing active data source: <SBWidgetIcon: 0x120244240; nodeID: F82FD002-B7BE-459D-AF94-B80C6B24A099; gridSizeClass: small>
2026-07-02 00:07:41.351573+0200 0x127e2    Default     0x0                  5035   0    SpringBoard: (SpringBoardHome) [com.apple.SpringBoard:Icon] <<SBLeafIcon:0x120244240 [(null)]>> Changing from data souce: (null) to data source:0852C256-2E58-4031-9FA9-A75EC29DD951.
2026-07-02 00:07:41.351642+0200 0x127e2    Default     0x0                  5035   0    SpringBoard: (SpringBoardHome) [com.apple.SpringBoard:Widgets] Widget com.apple.Maps.GeneralMapsWidget 2FEBBEA8-1A6A-4601-86DB-1AAA8C424220 created from arhive.
2026-07-02 00:07:41.351717+0200 0x127e2    Default     0x0                  5035   0    SpringBoard: (SpringBoardHome) [com.apple.SpringBoard:Widgets] Widget com.apple.mobilenotes.WidgetExtension 7E6B1539-DE4A-40F4-9730-6F6CB6FC2D19 created from arhive.
2026-07-02 00:07:41.351855+0200 0x127e2    Default     0x0                  5035   0    SpringBoard: (SpringBoard) [com.apple.SpringBoard:WidgetDiscoverability] [ContainerBundleIdentifier debugging] checking widget = com.apple.weather
2026-07-02 00:07:41.351865+0200 0x127e2    Default     0x0                  5035   0    SpringBoard: (SpringBoard) [com.apple.SpringBoard:WidgetDiscoverability] [ContainerBundleIdentifier debugging] applicationIdentifier = com.apple.weather
2026-07-02 00:07:41.352006+0200 0x127e2    Default     0x0                  5035   0    SpringBoard: (SpringBoard) [com.apple.SpringBoard:WidgetDiscoverability] [ContainerBundleIdentifier debugging] all application bundle identifiers = (
    "com.apple.BarcodeScanner",
    "com.apple.Passwords",
    "com.apple.SleepLockScreen",
    "com.apple.MediaRemoteUIService",
    "com.apple.BrowserKitViewService",
    "com.apple.GameCenterRemoteAlert",
    "com.apple.FaceTimeLinkTrampoline",
    "com.apple.shortcuts",
    "com.apple.PeopleViewService",
    "com.apple.PASViewService",
    "com.apple.ActivityProgress.ActivityProgressUI",
    "com.apple.AppSSOUIService",
    "com.apple.BusinessChatViewService",
    "com.apple.systemactions",
    "com.apple.mobilesms.compose",
    "com.apple.AuthenticationServicesUI",
    "com.apple.NetworkEndpointPickerUI",
    "com.apple.AMSUIAuthenticationViewService",
    "com.apple.WorkoutRemoteViewService",
    "com.apple.HearingApp",
    "com.apple.shortcuts.runtime",
    "com.apple.PassbookUISceneService",
    "com.apple.AccessoryNotifications.SourceSelection",
    "com.apple.CredentialSharingService",
    "com.apple.FinanceStub",
    "com.apple.ScreenTimeWidgetApplication",
    "com.apple.SharedWebCreden
2026-07-02 00:07:41.352021+0200 0x127e2    Default     0x0                  5035   0    SpringBoard: (SpringBoard) [com.apple.SpringBoard:WidgetDiscoverability] [ContainerBundleIdentifier debugging] application = (null)
2026-07-02 00:07:41.352027+0200 0x127e2    Default     0x0                  5035   0    SpringBoard: (SpringBoard) [com.apple.SpringBoard:WidgetDiscoverability] [ContainerBundleIdentifier debugging] not valid application
2026-07-02 00:07:41.352141+0200 0x127e2    Default     0x0                  5035   0    SpringBoard: (SpringBoardHome) [com.apple.SpringBoard:Widgets] No widget descriptor found for widget; removing widget: <SBHWidget: 0x1203b8cd0; uniqueIdentifier: 0852C256-2E58-4031-9FA9-A75EC29DD951; kind: com.apple.weather; extensionBundleIdentifier: com.apple.weather.widget; displayName: Esperando…; suggestionSource: 2; supportedGridSizeClasses: gridSizeClasses: newsLargeTall, large, extraLarge, small, medium>
2026-07-02 00:07:41.352236+0200 0x127e2    Default     0x0                  5035   0    SpringBoard: (SpringBoardHome) [com.apple.SpringBoard:Widgets] Removing iconDataSource:<SBHWidget: 0x1203b8cd0; uniqueIdentifier: 0852C256-2E58-4031-9FA9-A75EC29DD951; kind: com.apple.weather; extensionBundleIdentifier: com.apple.weather.widget; displayName: Esperando…; suggestionSource: 2; supportedGridSizeClasses: gridSizeClasses: newsLargeTall, large, extraLarge, small, medium> from widgetIcon:<SBWidgetIcon: 0x120244240; nodeID: F82FD002-B7BE-459D-AF94-B80C6B24A099; gridSizeClass: small; widget: com.apple.weather.widget> as it is no longer valid
2026-07-02 00:07:41.352275+0200 0x127e2    Default     0x0                  5035   0    SpringBoard: (SpringBoardHome) [com.apple.SpringBoard:Icon] <<SBHWidgetStack:0x120244240 count=1, activeWidget=<SBHWidget:0x1203b8cd0 [com.apple.weather.widget:com.apple.weather]>>> Changing active data source: <SBWidgetIcon: 0x120244240; nodeID: F82FD002-B7BE-459D-AF94-B80C6B24A099; gridSizeClass: small>
2026-07-02 00:07:41.352286+0200 0x127e2    Default     0x0                  5035   0    SpringBoard: (SpringBoardHome) [com.apple.SpringBoard:Icon] <<SBHWidgetStack:0x120244240 count=1, activeWidget=<SBHWidget:0x1203b8cd0 [com.apple.weather.widget:com.apple.weather]>>> Changing from data souce: 0852C256-2E58-4031-9FA9-A75EC29DD951 to data source:2FEBBEA8-1A6A-4601-86DB-1AAA8C424220.
2026-07-02 00:07:41.352397+0200 0x127e2    Default     0x0                  5035   0    SpringBoard: (SpringBoard) [com.apple.SpringBoard:WidgetDiscoverability] [ContainerBundleIdentifier debugging] checking widget = com.apple.mobilenotes
2026-07-02 00:07:41.352406+0200 0x127e2    Default     0x0                  5035   0    SpringBoard: (SpringBoard) [com.apple.SpringBoard:WidgetDiscoverability] [ContainerBundleIdentifier debugging] applicationIdentifier = com.apple.mobilenotes
2026-07-02 00:07:41.352532+0200 0x127e2    Default     0x0                  5035   0    SpringBoard: (SpringBoard) [com.apple.SpringBoard:WidgetDiscoverability] [ContainerBundleIdentifier debugging] all application bundle identifiers = (
    "com.apple.BarcodeScanner",
    "com.apple.Passwords",
    "com.apple.SleepLockScreen",
    "com.apple.MediaRemoteUIService",
    "com.apple.BrowserKitViewService",
    "com.apple.GameCenterRemoteAlert",
    "com.apple.FaceTimeLinkTrampoline",
    "com.apple.shortcuts",
    "com.apple.PeopleViewService",
    "com.apple.PASViewService",
    "com.apple.ActivityProgress.ActivityProgressUI",
    "com.apple.AppSSOUIService",
    "com.apple.BusinessChatViewService",
    "com.apple.systemactions",
    "com.apple.mobilesms.compose",
    "com.apple.AuthenticationServicesUI",
    "com.apple.NetworkEndpointPickerUI",
    "com.apple.AMSUIAuthenticationViewService",
    "com.apple.WorkoutRemoteViewService",
    "com.apple.HearingApp",
    "com.apple.shortcuts.runtime",
    "com.apple.PassbookUISceneService",
    "com.apple.AccessoryNotifications.SourceSelection",
    "com.apple.CredentialSharingService",
    "com.apple.FinanceStub",
    "com.apple.ScreenTimeWidgetApplication",
    "com.apple.SharedWebCreden
2026-07-02 00:07:41.352556+0200 0x127e2    Default     0x0                  5035   0    SpringBoard: (SpringBoard) [com.apple.SpringBoard:WidgetDiscoverability] [ContainerBundleIdentifier debugging] application = (null)
2026-07-02 00:07:41.352623+0200 0x127e2    Default     0x0                  5035   0    SpringBoard: (SpringBoard) [com.apple.SpringBoard:WidgetDiscoverability] [ContainerBundleIdentifier debugging] not valid application
2026-07-02 00:07:41.352742+0200 0x127e2    Default     0x0                  5035   0    SpringBoard: (SpringBoardHome) [com.apple.SpringBoard:Widgets] No widget descriptor found for widget; removing widget: <SBHWidget: 0x1203b8d70; uniqueIdentifier: 7E6B1539-DE4A-40F4-9730-6F6CB6FC2D19; kind: com.apple.mobilenotes.FolderWidget; extensionBundleIdentifier: com.apple.mobilenotes.WidgetExtension; displayName: Esperando…; suggestionSource: 2; supportedGridSizeClasses: gridSizeClasses: newsLargeTall, large, extraLarge, small, medium>
2026-07-02 00:07:41.352844+0200 0x127e2    Default     0x0                  5035   0    SpringBoard: (SpringBoardHome) [com.apple.SpringBoard:Widgets] Removing iconDataSource:<SBHWidget: 0x1203b8d70; uniqueIdentifier: 7E6B1539-DE4A-40F4-9730-6F6CB6FC2D19; kind: com.apple.mobilenotes.FolderWidget; extensionBundleIdentifier: com.apple.mobilenotes.WidgetExtension; displayName: Esperando…; suggestionSource: 2; supportedGridSizeClasses: gridSizeClasses: newsLargeTall, large, extraLarge, small, medium> from widgetIcon:<SBWidgetIcon: 0x120244240; nodeID: F82FD002-B7BE-459D-AF94-B80C6B24A099; gridSizeClass: small; widget: com.apple.Maps.GeneralMapsWidget> as it is no longer valid
2026-07-02 00:07:41.353021+0200 0x127e2    Default     0x0                  5035   0    SpringBoard: (SpringBoardHome) [com.apple.SpringBoard:Widgets] Widget com.apple.mobilecal.CalendarWidgetExtension 8627F6BF-F2B4-4F35-A030-DA89601DADEC created from arhive.
2026-07-02 00:07:41.353052+0200 0x127e2    Default     0x0                  5035   0    SpringBoard: (SpringBoardHome) [com.apple.SpringBoard:Icon] <<SBLeafIcon:0x120247b40 [(null)]>> Changing active data source: <SBWidgetIcon: 0x120247b40; nodeID: B567FB27-D443-4AD5-B374-BA71BF44F370; gridSizeClass: small>
2026-07-02 00:07:41.353065+0200 0x127e2    Default     0x0                  5035   0    SpringBoard: (SpringBoardHome) [com.apple.SpringBoard:Icon] <<SBLeafIcon:0x120247b40 [(null)]>> Changing from data souce: (null) to data source:8627F6BF-F2B4-4F35-A030-DA89601DADEC.
2026-07-02 00:07:41.353132+0200 0x127e2    Default     0x0                  5035   0    SpringBoard: (SpringBoardHome) [com.apple.SpringBoard:Widgets] Widget com.apple.news.widget ED40932A-9BB5-45B6-B0E4-AF05B01C229C created from arhive.
2026-07-02 00:07:41.353193+0200 0x127e2    Default     0x0                  5035   0    SpringBoard: (SpringBoardHome) [com.apple.SpringBoard:Widgets] Widget com.apple.mobileslideshow.PhotosReliveWidget ABCB02CB-5C31-444C-8103-3C2BD75B1EB0 created from arhive.
2026-07-02 00:07:41.353404+0200 0x127e2    Default     0x0                  5035   0    SpringBoard: (SpringBoardHome) [com.apple.SpringBoard:Icon] <<SBLeafIcon:0x120247600 [com.apple.facetime]>> Changing active data source: <SBHApplicationIcon: 0x120247600; nodeID: com.apple.facetime; bundleID: com.apple.facetime>
2026-07-02 00:07:41.353421+0200 0x127e2    Default     0x0                  5035   0    SpringBoard: (SpringBoardHome) [com.apple.SpringBoard:Icon] <<SBLeafIcon:0x120247600 [com.apple.facetime]>> Changing from data souce: (null) to data source:(null).
2026-07-02 00:07:41.353498+0200 0x127e2    Default     0x0                  5035   0    SpringBoard: (SpringBoardHome) [com.apple.SpringBoard:Icon] <<SBLeafIcon:0x120244e40 [com.apple.mobilecal]>> Changing active data source: <SBHApplicationIcon: 0x120244e40; nodeID: com.apple.mobilecal; bundleID: com.apple.mobilecal>
2026-07-02 00:07:41.353512+0200 0x127e2    Default     0x0                  5035   0    SpringBoard: (SpringBoardHome) [com.apple.SpringBoard:Icon] <<SBLeafIcon:0x120244e40 [com.apple.mobilecal]>> Changing from data souce: (null) to data source:(null).
2026-07-02 00:07:41.353559+0200 0x127e2    Default     0x0                  5035   0    SpringBoard: (SpringBoardHome) [com.apple.SpringBoard:Icon] <<SBLeafIcon:0x120247480 [com.apple.mobileslideshow]>> Changing active data source: <SBHApplicationIcon: 0x120247480; nodeID: com.apple.mobileslideshow; bundleID: com.apple.mobileslideshow>
2026-07-02 00:07:41.353570+0200 0x127e2    Default     0x0                  5035   0    SpringBoard: (SpringBoardHome) [com.apple.SpringBoard:Icon] <<SBLeafIcon:0x120247480 [com.apple.mobileslideshow]>> Changing from data souce: (null) to data source:(null).
2026-07-02 00:07:41.353597+0200 0x127e2    Default     0x0                  5035   0    SpringBoard: (SpringBoardHome) [com.apple.SpringBoard:Icon] <<SBLeafIcon:0x120246100 [com.apple.camera]>> Changing active data source: <SBHApplicationIcon: 0x120246100; nodeID: com.apple.camera; bundleID: com.apple.camera>
2026-07-02 00:07:41.353621+0200 0x127e2    Default     0x0                  5035   0    SpringBoard: (SpringBoardHome) [com.apple.SpringBoard:Icon] <<SBLeafIcon:0x120246100 [com.apple.camera]>> Changing from data souce: (null) to data source:(null).
2026-07-02 00:07:41.353694+0200 0x127e2    Default     0x0                  5035   0    SpringBoard: (SpringBoardHome) [com.apple.SpringBoard:Icon] <<SBLeafIcon:0x120244600 [com.apple.mobilemail]>> Changing active data source: <SBHApplicationIcon: 0x120244600; nodeID: com.apple.mobilemail; bundleID: com.apple.mobilemail>
2026-07-02 00:07:41.353707+0200 0x127e2    Default     0x0                  5035   0    SpringBoard: (SpringBoardHome) [com.apple.SpringBoard:Icon] <<SBLeafIcon:0x120244600 [com.apple.mobilemail]>> Changing from data souce: (null) to data source:(null).
2026-07-02 00:07:41.353736+0200 0x127e2    Default     0x0                  5035   0    SpringBoard: (SpringBoardHome) [com.apple.SpringBoard:Icon] <<SBLeafIcon:0x120247780 [com.apple.mobilenotes]>> Changing active data source: <SBHApplicationIcon: 0x120247780; nodeID: com.apple.mobilenotes; bundleID: com.apple.mobilenotes>
2026-07-02 00:07:41.353747+0200 0x127e2    Default     0x0                  5035   0    SpringBoard: (SpringBoardHome) [com.apple.SpringBoard:Icon] <<SBLeafIcon:0x120247780 [com.apple.mobilenotes]>> Changing from data souce: (null) to data source:(null).
2026-07-02 00:07:41.353788+0200 0x127e2    Default     0x0                  5035   0    SpringBoard: (SpringBoardHome) [com.apple.SpringBoard:Icon] <<SBLeafIcon:0x120247a80 [com.apple.reminders]>> Changing active data source: <SBHApplicationIcon: 0x120247a80; nodeID: com.apple.reminders; bundleID: com.apple.reminders>
2026-07-02 00:07:41.353798+0200 0x127e2    Default     0x0                  5035   0    SpringBoard: (SpringBoardHome) [com.apple.SpringBoard:Icon] <<SBLeafIcon:0x120247a80 [com.apple.reminders]>> Changing from data souce: (null) to data source:(null).
2026-07-02 00:07:41.353850+0200 0x127e2    Default     0x0                  5035   0    SpringBoard: (SpringBoardHome) [com.apple.SpringBoard:Icon] <<SBLeafIcon:0x120247900 [com.apple.mobiletimer]>> Changing active data source: <SBHApplicationIcon: 0x120247900; nodeID: com.apple.mobiletimer; bundleID: com.apple.mobiletimer>
2026-07-02 00:07:41.353861+0200 0x127e2    Default     0x0                  5035   0    SpringBoard: (SpringBoardHome) [com.apple.SpringBoard:Icon] <<SBLeafIcon:0x120247900 [com.apple.mobiletimer]>> Changing from data souce: (null) to data source:(null).
2026-07-02 00:07:41.353890+0200 0x127e2    Default     0x0                  5035   0    SpringBoard: (SpringBoardHome) [com.apple.SpringBoard:Icon] <<SBLeafIcon:0x120245200 [com.apple.news]>> Changing active data source: <SBHApplicationIcon: 0x120245200; nodeID: com.apple.news; bundleID: com.apple.news>
2026-07-02 00:07:41.353900+0200 0x127e2    Default     0x0                  5035   0    SpringBoard: (SpringBoardHome) [com.apple.SpringBoard:Icon] <<SBLeafIcon:0x120245200 [com.apple.news]>> Changing from data souce: (null) to data source:(null).
2026-07-02 00:07:41.353926+0200 0x127e2    Default     0x0                  5035   0    SpringBoard: (SpringBoardHome) [com.apple.SpringBoard:Icon] <<SBLeafIcon:0x1202452c0 [com.apple.tv]>> Changing active data source: <SBHApplicationIcon: 0x1202452c0; nodeID: com.apple.tv; bundleID: com.apple.tv>
2026-07-02 00:07:41.353936+0200 0x127e2    Default     0x0                  5035   0    SpringBoard: (SpringBoardHome) [com.apple.SpringBoard:Icon] <<SBLeafIcon:0x1202452c0 [com.apple.tv]>> Changing from data souce: (null) to data source:(null).
2026-07-02 00:07:41.353990+0200 0x127e2    Default     0x0                  5035   0    SpringBoard: (SpringBoardHome) [com.apple.SpringBoard:Icon] <<SBLeafIcon:0x120247000 [com.apple.games]>> Changing active data source: <SBHApplicationIcon: 0x120247000; nodeID: com.apple.games; bundleID: com.apple.games>
2026-07-02 00:07:41.354035+0200 0x127e2    Default     0x0                  5035   0    SpringBoard: (SpringBoardHome) [com.apple.SpringBoard:Icon] <<SBLeafIcon:0x120247000 [com.apple.games]>> Changing from data souce: (null) to data source:(null).
2026-07-02 00:07:41.354082+0200 0x127e2    Default     0x0                  5035   0    SpringBoard: (SpringBoardHome) [com.apple.SpringBoard:Icon] <<SBLeafIcon:0x120244000 [com.apple.AppStore]>> Changing active data source: <SBHApplicationIcon: 0x120244000; nodeID: com.apple.AppStore; bundleID: com.apple.AppStore>
2026-07-02 00:07:41.354092+0200 0x127e2    Default     0x0                  5035   0    SpringBoard: (SpringBoardHome) [com.apple.SpringBoard:Icon] <<SBLeafIcon:0x120244000 [com.apple.AppStore]>> Changing from data souce: (null) to data source:(null).
2026-07-02 00:07:41.354160+0200 0x127e2    Default     0x0                  5035   0    SpringBoard: (SpringBoardHome) [com.apple.SpringBoard:Icon] <<SBLeafIcon:0x120246940 [com.apple.Maps]>> Changing active data source: <SBHApplicationIcon: 0x120246940; nodeID: com.apple.Maps; bundleID: com.apple.Maps>
2026-07-02 00:07:41.354171+0200 0x127e2    Default     0x0                  5035   0    SpringBoard: (SpringBoardHome) [com.apple.SpringBoard:Icon] <<SBLeafIcon:0x120246940 [com.apple.Maps]>> Changing from data souce: (null) to data source:(null).
2026-07-02 00:07:41.354231+0200 0x127e2    Default     0x0                  5035   0    SpringBoard: (SpringBoardHome) [com.apple.SpringBoard:Icon] <<SBLeafIcon:0x1202443c0 [com.apple.Health]>> Changing active data source: <SBHApplicationIcon: 0x1202443c0; nodeID: com.apple.Health; bundleID: com.apple.Health>
2026-07-02 00:07:41.354243+0200 0x127e2    Default     0x0                  5035   0    SpringBoard: (SpringBoardHome) [com.apple.SpringBoard:Icon] <<SBLeafIcon:0x1202443c0 [com.apple.Health]>> Changing from data souce: (null) to data source:(null).
2026-07-02 00:07:41.354278+0200 0x127e2    Default     0x0                  5035   0    SpringBoard: (SpringBoardHome) [com.apple.SpringBoard:Icon] <<SBLeafIcon:0x120245c80 [com.apple.Passbook]>> Changing active data source: <SBHApplicationIcon: 0x120245c80; nodeID: com.apple.Passbook; bundleID: com.apple.Passbook>
2026-07-02 00:07:41.354321+0200 0x127e2    Default     0x0                  5035   0    SpringBoard: (SpringBoardHome) [com.apple.SpringBoard:Icon] <<SBLeafIcon:0x120245c80 [com.apple.Passbook]>> Changing from data souce: (null) to data source:(null).
2026-07-02 00:07:41.354370+0200 0x127e2    Default     0x0                  5035   0    SpringBoard: (SpringBoardHome) [com.apple.SpringBoard:Icon] <<SBLeafIcon:0x120244780 [com.apple.Preferences]>> Changing active data source: <SBHApplicationIcon: 0x120244780; nodeID: com.apple.Preferences; bundleID: com.apple.Preferences>
2026-07-02 00:07:41.354420+0200 0x127e2    Default     0x0                  5035   0    SpringBoard: (SpringBoardHome) [com.apple.SpringBoard:Icon] <<SBLeafIcon:0x120244780 [com.apple.Preferences]>> Changing from data souce: (null) to data source:(null).
2026-07-02 00:07:41.355775+0200 0x127e2    Default     0x0                  5035   0    SpringBoard: (SpringBoardHome) [com.apple.SpringBoard:Icon] <<SBLeafIcon:0x120245800 [com.apple.weather]>> Changing active data source: <SBHApplicationIcon: 0x120245800; nodeID: com.apple.weather; bundleID: com.apple.weather>
2026-07-02 00:07:41.355791+0200 0x127e2    Default     0x0                  5035   0    SpringBoard: (SpringBoardHome) [com.apple.SpringBoard:Icon] <<SBLeafIcon:0x120245800 [com.apple.weather]>> Changing from data souce: (null) to data source:(null).
2026-07-02 00:07:41.355819+0200 0x127e2    Default     0x0                  5035   0    SpringBoard: (SpringBoardHome) [com.apple.SpringBoard:Icon] <<SBLeafIcon:0x1202470c0 [com.apple.stocks]>> Changing active data source: <SBHApplicationIcon: 0x1202470c0; nodeID: com.apple.stocks; bundleID: com.apple.stocks>
2026-07-02 00:07:41.355825+0200 0x127e2    Default     0x0                  5035   0    SpringBoard: (SpringBoardHome) [com.apple.SpringBoard:Icon] <<SBLeafIcon:0x1202470c0 [com.apple.stocks]>> Changing from data souce: (null) to data source:(null).
2026-07-02 00:07:41.355839+0200 0x127e2    Default     0x0                  5035   0    SpringBoard: (SpringBoardHome) [com.apple.SpringBoard:Icon] <<SBLeafIcon:0x1202458c0 [com.apple.findmy]>> Changing active data source: <SBHApplicationIcon: 0x1202458c0; nodeID: com.apple.findmy; bundleID: com.apple.findmy>
2026-07-02 00:07:41.355844+0200 0x127e2    Default     0x0                  5035   0    SpringBoard: (SpringBoardHome) [com.apple.SpringBoard:Icon] <<SBLeafIcon:0x1202458c0 [com.apple.findmy]>> Changing from data souce: (null) to data source:(null).
2026-07-02 00:07:41.355857+0200 0x127e2    Default     0x0                  5035   0    SpringBoard: (SpringBoardHome) [com.apple.SpringBoard:Icon] <<SBLeafIcon:0x120247c00 [com.apple.Home]>> Changing active data source: <SBHApplicationIcon: 0x120247c00; nodeID: com.apple.Home; bundleID: com.apple.Home>
2026-07-02 00:07:41.355862+0200 0x127e2    Default     0x0                  5035   0    SpringBoard: (SpringBoardHome) [com.apple.SpringBoard:Icon] <<SBLeafIcon:0x120247c00 [com.apple.Home]>> Changing from data souce: (null) to data source:(null).
2026-07-02 00:07:41.355873+0200 0x127e2    Default     0x0                  5035   0    SpringBoard: (SpringBoardHome) [com.apple.SpringBoard:Icon] <<SBLeafIcon:0x120247540 [com.apple.podcasts]>> Changing active data source: <SBHApplicationIcon: 0x120247540; nodeID: com.apple.podcasts; bundleID: com.apple.podcasts>
2026-07-02 00:07:41.355914+0200 0x127e2    Default     0x0                  5035   0    SpringBoard: (SpringBoardHome) [com.apple.SpringBoard:Icon] <<SBLeafIcon:0x120247540 [com.apple.podcasts]>> Changing from data souce: (null) to data source:(null).
2026-07-02 00:07:41.355956+0200 0x127e2    Default     0x0                  5035   0    SpringBoard: (SpringBoardHome) [com.apple.SpringBoard:Icon] <<SBLeafIcon:0x120244300 [com.apple.iBooks]>> Changing active data source: <SBHApplicationIcon: 0x120244300; nodeID: com.apple.iBooks; bundleID: com.apple.iBooks>
2026-07-02 00:07:41.355997+0200 0x127e2    Default     0x0                  5035   0    SpringBoard: (SpringBoardHome) [com.apple.SpringBoard:Icon] <<SBLeafIcon:0x120244300 [com.apple.iBooks]>> Changing from data souce: (null) to data source:(null).
2026-07-02 00:07:41.356080+0200 0x127e2    Default     0x0                  5035   0    SpringBoard: (SpringBoardHome) [com.apple.SpringBoard:Icon] <<SBLeafIcon:0x120244840 [com.apple.Fitness]>> Changing active data source: <SBHApplicationIcon: 0x120244840; nodeID: com.apple.Fitness; bundleID: com.apple.Fitness>
2026-07-02 00:07:41.356089+0200 0x127e2    Default     0x0                  5035   0    SpringBoard: (SpringBoardHome) [com.apple.SpringBoard:Icon] <<SBLeafIcon:0x120244840 [com.apple.Fitness]>> Changing from data souce: (null) to data source:(null).
2026-07-02 00:07:41.356104+0200 0x127e2    Default     0x0                  5035   0    SpringBoard: (SpringBoardHome) [com.apple.SpringBoard:Icon] <<SBLeafIcon:0x120247180 [com.apple.Bridge]>> Changing active data source: <SBHApplicationIcon: 0x120247180; nodeID: com.apple.Bridge; bundleID: com.apple.Bridge>
2026-07-02 00:07:41.356110+0200 0x127e2    Default     0x0                  5035   0    SpringBoard: (SpringBoardHome) [com.apple.SpringBoard:Icon] <<SBLeafIcon:0x120247180 [com.apple.Bridge]>> Changing from data souce: (null) to data source:(null).
2026-07-02 00:07:41.356131+0200 0x127e2    Default     0x0                  5035   0    SpringBoard: (SpringBoardHome) [com.apple.SpringBoard:Icon] <<SBLeafIcon:0x120245080 [com.apple.MobileAddressBook]>> Changing active data source: <SBHApplicationIcon: 0x120245080; nodeID: com.apple.MobileAddressBook; bundleID: com.apple.MobileAddressBook>
2026-07-02 00:07:41.356141+0200 0x127e2    Default     0x0                  5035   0    SpringBoard: (SpringBoardHome) [com.apple.SpringBoard:Icon] <<SBLeafIcon:0x120245080 [com.apple.MobileAddressBook]>> Changing from data souce: (null) to data source:(null).
2026-07-02 00:07:41.356170+0200 0x127e2    Default     0x0                  5035   0    SpringBoard: (SpringBoardHome) [com.apple.SpringBoard:Icon] <<SBLeafIcon:0x120247f00 [com.apple.DocumentsApp]>> Changing active data source: <SBHApplicationIcon: 0x120247f00; nodeID: com.apple.DocumentsApp; bundleID: com.apple.DocumentsApp>
2026-07-02 00:07:41.356176+0200 0x127e2    Default     0x0                  5035   0    SpringBoard: (SpringBoardHome) [com.apple.SpringBoard:Icon] <<SBLeafIcon:0x120247f00 [com.apple.DocumentsApp]>> Changing from data souce: (null) to data source:(null).
2026-07-02 00:07:41.356214+0200 0x127e2    Default     0x0                  5035   0    SpringBoard: (SpringBoardHome) [com.apple.SpringBoard:Icon] <<SBLeafIcon:0x120245ec0 [com.apple.Preview]>> Changing active data source: <SBHApplicationIcon: 0x120245ec0; nodeID: com.apple.Preview; bundleID: com.apple.Preview>
2026-07-02 00:07:41.356223+0200 0x127e2    Default     0x0                  5035   0    SpringBoard: (SpringBoardHome) [com.apple.SpringBoard:Icon] <<SBLeafIcon:0x120245ec0 [com.apple.Preview]>> Changing from data souce: (null) to data source:(null).
2026-07-02 00:07:41.356396+0200 0x127e2    Default     0x0                  5035   0    SpringBoard: (SpringBoardHome) [com.apple.SpringBoard:Icon] <<SBLeafIcon:0x1202464c0 [com.apple.VoiceMemos]>> Changing active data source: <SBHApplicationIcon: 0x1202464c0; nodeID: com.apple.VoiceMemos; bundleID: com.apple.VoiceMemos>
2026-07-02 00:07:41.356406+0200 0x127e2    Default     0x0                  5035   0    SpringBoard: (SpringBoardHome) [com.apple.SpringBoard:Icon] <<SBLeafIcon:0x1202464c0 [com.apple.VoiceMemos]>> Changing from data souce: (null) to data source:(null).
2026-07-02 00:07:41.356425+0200 0x127e2    Default     0x0                  5035   0    SpringBoard: (SpringBoardHome) [com.apple.SpringBoard:Icon] <<SBLeafIcon:0x1202476c0 [com.apple.compass]>> Changing active data source: <SBHApplicationIcon: 0x1202476c0; nodeID: com.apple.compass; bundleID: com.apple.compass>
2026-07-02 00:07:41.356432+0200 0x127e2    Default     0x0                  5035   0    SpringBoard: (SpringBoardHome) [com.apple.SpringBoard:Icon] <<SBLeafIcon:0x1202476c0 [com.apple.compass]>> Changing from data souce: (null) to data source:(null).
2026-07-02 00:07:41.356444+0200 0x127e2    Default     0x0                  5035   0    SpringBoard: (SpringBoardHome) [com.apple.SpringBoard:Icon] <<SBLeafIcon:0x120246280 [com.apple.measure]>> Changing active data source: <SBHApplicationIcon: 0x120246280; nodeID: com.apple.measure; bundleID: com.apple.measure>
2026-07-02 00:07:41.356449+0200 0x127e2    Default     0x0                  5035   0    SpringBoard: (SpringBoardHome) [com.apple.SpringBoard:Icon] <<SBLeafIcon:0x120246280 [com.apple.measure]>> Changing from data souce: (null) to data source:(null).
2026-07-02 00:07:41.356461+0200 0x127e2    Default     0x0                  5035   0    SpringBoard: (SpringBoardHome) [com.apple.SpringBoard:Icon] <<SBLeafIcon:0x120244540 [com.apple.Magnifier]>> Changing active data source: <SBHApplicationIcon: 0x120244540; nodeID: com.apple.Magnifier; bundleID: com.apple.Magnifier>
2026-07-02 00:07:41.356466+0200 0x127e2    Default     0x0                  5035   0    SpringBoard: (SpringBoardHome) [com.apple.SpringBoard:Icon] <<SBLeafIcon:0x120244540 [com.apple.Magnifier]>> Changing from data souce: (null) to data source:(null).
2026-07-02 00:07:41.356477+0200 0x127e2    Default     0x0                  5035   0    SpringBoard: (SpringBoardHome) [com.apple.SpringBoard:Icon] <<SBLeafIcon:0x120246e80 [com.apple.calculator]>> Changing active data source: <SBHApplicationIcon: 0x120246e80; nodeID: com.apple.calculator; bundleID: com.apple.calculator>
2026-07-02 00:07:41.356482+0200 0x127e2    Default     0x0                  5035   0    SpringBoard: (SpringBoardHome) [com.apple.SpringBoard:Icon] <<SBLeafIcon:0x120246e80 [com.apple.calculator]>> Changing from data souce: (null) to data source:(null).
2026-07-02 00:07:41.356494+0200 0x127e2    Default     0x0                  5035   0    SpringBoard: (SpringBoardHome) [com.apple.SpringBoard:Icon] <<SBLeafIcon:0x120246d00 [com.apple.shortcuts]>> Changing active data source: <SBHApplicationIcon: 0x120246d00; nodeID: com.apple.shortcuts; bundleID: com.apple.shortcuts>
2026-07-02 00:07:41.356498+0200 0x127e2    Default     0x0                  5035   0    SpringBoard: (SpringBoardHome) [com.apple.SpringBoard:Icon] <<SBLeafIcon:0x120246d00 [com.apple.shortcuts]>> Changing from data souce: (null) to data source:(null).
2026-07-02 00:07:41.356509+0200 0x127e2    Default     0x0                  5035   0    SpringBoard: (SpringBoardHome) [com.apple.SpringBoard:Icon] <<SBLeafIcon:0x1202479c0 [com.apple.Passwords]>> Changing active data source: <SBHApplicationIcon: 0x1202479c0; nodeID: com.apple.Passwords; bundleID: com.apple.Passwords>
2026-07-02 00:07:41.356514+0200 0x127e2    Default     0x0                  5035   0    SpringBoard: (SpringBoardHome) [com.apple.SpringBoard:Icon] <<SBLeafIcon:0x1202479c0 [com.apple.Passwords]>> Changing from data souce: (null) to data source:(null).
2026-07-02 00:07:41.356647+0200 0x127e2    Default     0x0                  5035   0    SpringBoard: (SpringBoardHome) [com.apple.SpringBoard:Icon] <<SBLeafIcon:0x120245380 [com.apple.MobileStore]>> Changing active data source: <SBHApplicationIcon: 0x120245380; nodeID: com.apple.MobileStore; bundleID: com.apple.MobileStore>
2026-07-02 00:07:41.356655+0200 0x127e2    Default     0x0                  5035   0    SpringBoard: (SpringBoardHome) [com.apple.SpringBoard:Icon] <<SBLeafIcon:0x120245380 [com.apple.MobileStore]>> Changing from data souce: (null) to data source:(null).
2026-07-02 00:07:41.356667+0200 0x127e2    Default     0x0                  5035   0    SpringBoard: (SpringBoardHome) [com.apple.SpringBoard:Icon] <<SBLeafIcon:0x120245bc0 [com.apple.Translate]>> Changing active data source: <SBHApplicationIcon: 0x120245bc0; nodeID: com.apple.Translate; bundleID: com.apple.Translate>
2026-07-02 00:07:41.356672+0200 0x127e2    Default     0x0                  5035   0    SpringBoard: (SpringBoardHome) [com.apple.SpringBoard:Icon] <<SBLeafIcon:0x120245bc0 [com.apple.Translate]>> Changing from data souce: (null) to data source:(null).
2026-07-02 00:07:41.356684+0200 0x127e2    Default     0x0                  5035   0    SpringBoard: (SpringBoardHome) [com.apple.SpringBoard:Icon] <<SBLeafIcon:0x120246640 [com.apple.freeform]>> Changing active data source: <SBHApplicationIcon: 0x120246640; nodeID: com.apple.freeform; bundleID: com.apple.freeform>
2026-07-02 00:07:41.356688+0200 0x127e2    Default     0x0                  5035   0    SpringBoard: (SpringBoardHome) [com.apple.SpringBoard:Icon] <<SBLeafIcon:0x120246640 [com.apple.freeform]>> Changing from data souce: (null) to data source:(null).
2026-07-02 00:07:41.356700+0200 0x127e2    Default     0x0                  5035   0    SpringBoard: (SpringBoardHome) [com.apple.SpringBoard:Icon] <<SBLeafIcon:0x120245f80 [com.apple.journal]>> Changing active data source: <SBHApplicationIcon: 0x120245f80; nodeID: com.apple.journal; bundleID: com.apple.journal>
2026-07-02 00:07:41.356705+0200 0x127e2    Default     0x0                  5035   0    SpringBoard: (SpringBoardHome) [com.apple.SpringBoard:Icon] <<SBLeafIcon:0x120245f80 [com.apple.journal]>> Changing from data souce: (null) to data source:(null).
2026-07-02 00:07:41.356716+0200 0x127e2    Default     0x0                  5035   0    SpringBoard: (SpringBoardHome) [com.apple.SpringBoard:Icon] <<SBLeafIcon:0x120247e40 [com.apple.GenerativePlaygroundApp]>> Changing active data source: <SBHApplicationIcon: 0x120247e40; nodeID: com.apple.GenerativePlaygroundApp; bundleID: com.apple.GenerativePlaygroundApp>
2026-07-02 00:07:41.356721+0200 0x127e2    Default     0x0                  5035   0    SpringBoard: (SpringBoardHome) [com.apple.SpringBoard:Icon] <<SBLeafIcon:0x120247e40 [com.apple.GenerativePlaygroundApp]>> Changing from data souce: (null) to data source:(null).
2026-07-02 00:07:41.356748+0200 0x127e2    Default     0x0                  5035   0    SpringBoard: (SpringBoardHome) [com.apple.SpringBoard:Icon] <<SBLeafIcon:0x120246700 [com.apple.tips]>> Changing active data source: <SBHApplicationIcon: 0x120246700; nodeID: com.apple.tips; bundleID: com.apple.tips>
2026-07-02 00:07:41.356754+0200 0x127e2    Default     0x0                  5035   0    SpringBoard: (SpringBoardHome) [com.apple.SpringBoard:Icon] <<SBLeafIcon:0x120246700 [com.apple.tips]>> Changing from data souce: (null) to data source:(null).
2026-07-02 00:07:41.357161+0200 0x127e2    Default     0x0                  5035   0    SpringBoard: (SpringBoardHome) [com.apple.SpringBoard:Icon] <<SBLeafIcon:0x120246ac0 [com.apple.mobilephone]>> Changing active data source: <SBHApplicationIcon: 0x120246ac0; nodeID: com.apple.mobilephone; bundleID: com.apple.mobilephone>
2026-07-02 00:07:41.357169+0200 0x127e2    Default     0x0                  5035   0    SpringBoard: (SpringBoardHome) [com.apple.SpringBoard:Icon] <<SBLeafIcon:0x120246ac0 [com.apple.mobilephone]>> Changing from data souce: (null) to data source:(null).
2026-07-02 00:07:41.357182+0200 0x127e2    Default     0x0                  5035   0    SpringBoard: (SpringBoardHome) [com.apple.SpringBoard:Icon] <<SBLeafIcon:0x120247cc0 [com.apple.mobilesafari]>> Changing active data source: <SBHApplicationIcon: 0x120247cc0; nodeID: com.apple.mobilesafari; bundleID: com.apple.mobilesafari>
2026-07-02 00:07:41.357186+0200 0x127e2    Default     0x0                  5035   0    SpringBoard: (SpringBoardHome) [com.apple.SpringBoard:Icon] <<SBLeafIcon:0x120247cc0 [com.apple.mobilesafari]>> Changing from data souce: (null) to data source:(null).
2026-07-02 00:07:41.357199+0200 0x127e2    Default     0x0                  5035   0    SpringBoard: (SpringBoardHome) [com.apple.SpringBoard:Icon] <<SBLeafIcon:0x120244900 [com.apple.MobileSMS]>> Changing active data source: <SBHApplicationIcon: 0x120244900; nodeID: com.apple.MobileSMS; bundleID: com.apple.MobileSMS>
2026-07-02 00:07:41.357203+0200 0x127e2    Default     0x0                  5035   0    SpringBoard: (SpringBoardHome) [com.apple.SpringBoard:Icon] <<SBLeafIcon:0x120244900 [com.apple.MobileSMS]>> Changing from data souce: (null) to data source:(null).
2026-07-02 00:07:41.357214+0200 0x127e2    Default     0x0                  5035   0    SpringBoard: (SpringBoardHome) [com.apple.SpringBoard:Icon] <<SBLeafIcon:0x120244a80 [com.apple.Music]>> Changing active data source: <SBHApplicationIcon: 0x120244a80; nodeID: com.apple.Music; bundleID: com.apple.Music>
2026-07-02 00:07:41.357227+0200 0x127e2    Default     0x0                  5035   0    SpringBoard: (SpringBoardHome) [com.apple.SpringBoard:Icon] <<SBLeafIcon:0x120244a80 [com.apple.Music]>> Changing from data souce: (null) to data source:(null).
2026-07-02 00:07:41.357403+0200 0x127e2    Default     0x0                  5035   0    SpringBoard: (SpringBoardHome) [com.apple.SpringBoard:Widgets] Widget com.apple.mobilecal.CalendarWidgetExtension 9DA03893-EBA3-492F-B9BF-04F3E1F11037 created from arhive.
2026-07-02 00:07:41.357420+0200 0x127e2    Default     0x0                  5035   0    SpringBoard: (SpringBoardHome) [com.apple.SpringBoard:Icon] <<SBLeafIcon:0x10d0efcc0 [(null)]>> Changing active data source: <SBWidgetIcon: 0x10d0efcc0; nodeID: 250B68E1-D953-4B95-A75A-35C6F69692C3; gridSizeClass: small>
2026-07-02 00:07:41.357425+0200 0x127e2    Default     0x0                  5035   0    SpringBoard: (SpringBoardHome) [com.apple.SpringBoard:Icon] <<SBLeafIcon:0x10d0efcc0 [(null)]>> Changing from data souce: (null) to data source:9DA03893-EBA3-492F-B9BF-04F3E1F11037.
2026-07-02 00:07:41.357486+0200 0x127e2    Default     0x0                  5035   0    SpringBoard: (SpringBoardHome) [com.apple.SpringBoard:Widgets] Widget com.apple.weather.widget 5A61F4BF-3C1F-43E6-8FDF-0522A54C5178 created from arhive.
2026-07-02 00:07:41.357501+0200 0x127e2    Default     0x0                  5035   0    SpringBoard: (SpringBoardHome) [com.apple.SpringBoard:Icon] <<SBLeafIcon:0x10d0eff00 [(null)]>> Changing active data source: <SBWidgetIcon: 0x10d0eff00; nodeID: 11B00B94-48E1-4024-938D-F7D173044A61; gridSizeClass: small>
2026-07-02 00:07:41.357506+0200 0x127e2    Default     0x0                  5035   0    SpringBoard: (SpringBoardHome) [com.apple.SpringBoard:Icon] <<SBLeafIcon:0x10d0eff00 [(null)]>> Changing from data souce: (null) to data source:5A61F4BF-3C1F-43E6-8FDF-0522A54C5178.
2026-07-02 00:07:41.357531+0200 0x127e2    Default     0x0                  5035   0    SpringBoard: (SpringBoard) [com.apple.SpringBoard:WidgetDiscoverability] [ContainerBundleIdentifier debugging] checking widget = com.apple.weather
2026-07-02 00:07:41.357537+0200 0x127e2    Default     0x0                  5035   0    SpringBoard: (SpringBoard) [com.apple.SpringBoard:WidgetDiscoverability] [ContainerBundleIdentifier debugging] applicationIdentifier = com.apple.weather
2026-07-02 00:07:41.357619+0200 0x127e2    Default     0x0                  5035   0    SpringBoard: (SpringBoard) [com.apple.SpringBoard:WidgetDiscoverability] [ContainerBundleIdentifier debugging] all application bundle identifiers = (
    "com.apple.BarcodeScanner",
    "com.apple.Passwords",
    "com.apple.SleepLockScreen",
    "com.apple.MediaRemoteUIService",
    "com.apple.BrowserKitViewService",
    "com.apple.GameCenterRemoteAlert",
    "com.apple.FaceTimeLinkTrampoline",
    "com.apple.shortcuts",
    "com.apple.PeopleViewService",
    "com.apple.PASViewService",
    "com.apple.ActivityProgress.ActivityProgressUI",
    "com.apple.AppSSOUIService",
    "com.apple.BusinessChatViewService",
    "com.apple.systemactions",
    "com.apple.mobilesms.compose",
    "com.apple.AuthenticationServicesUI",
    "com.apple.NetworkEndpointPickerUI",
    "com.apple.AMSUIAuthenticationViewService",
    "com.apple.WorkoutRemoteViewService",
    "com.apple.HearingApp",
    "com.apple.shortcuts.runtime",
    "com.apple.PassbookUISceneService",
    "com.apple.AccessoryNotifications.SourceSelection",
    "com.apple.CredentialSharingService",
    "com.apple.FinanceStub",
    "com.apple.ScreenTimeWidgetApplication",
    "com.apple.SharedWebCreden
2026-07-02 00:07:41.357628+0200 0x127e2    Default     0x0                  5035   0    SpringBoard: (SpringBoard) [com.apple.SpringBoard:WidgetDiscoverability] [ContainerBundleIdentifier debugging] application = (null)
2026-07-02 00:07:41.357631+0200 0x127e2    Default     0x0                  5035   0    SpringBoard: (SpringBoard) [com.apple.SpringBoard:WidgetDiscoverability] [ContainerBundleIdentifier debugging] not valid application
2026-07-02 00:07:41.357687+0200 0x127e2    Default     0x0                  5035   0    SpringBoard: (SpringBoardHome) [com.apple.SpringBoard:Widgets] No widget descriptor found for widget; removing widget: <SBHWidget: 0x1203b91d0; uniqueIdentifier: 5A61F4BF-3C1F-43E6-8FDF-0522A54C5178; kind: com.apple.weather; extensionBundleIdentifier: com.apple.weather.widget; displayName: Esperando…; suggestionSource: 0; supportedGridSizeClasses: gridSizeClasses: newsLargeTall, large, extraLarge, small, medium>
2026-07-02 00:07:41.357746+0200 0x127e2    Default     0x0                  5035   0    SpringBoard: (SpringBoardHome) [com.apple.SpringBoard:Widgets] Removing iconDataSource:<SBHWidget: 0x1203b91d0; uniqueIdentifier: 5A61F4BF-3C1F-43E6-8FDF-0522A54C5178; kind: com.apple.weather; extensionBundleIdentifier: com.apple.weather.widget; displayName: Esperando…; suggestionSource: 0; supportedGridSizeClasses: gridSizeClasses: newsLargeTall, large, extraLarge, small, medium> from widgetIcon:<SBWidgetIcon: 0x10d0eff00; nodeID: 11B00B94-48E1-4024-938D-F7D173044A61; gridSizeClass: small; widget: com.apple.weather.widget> as it is no longer valid
2026-07-02 00:07:41.357786+0200 0x127e2    Error       0x0                  5035   0    SpringBoard: (SpringBoardHome) [com.apple.SpringBoard:Common] could not generate widget icon for representation -> {
    allowsExternalSuggestions = 0;
    allowsSuggestions = 1;
    bundleIdentifier = "com.apple.weather.widget";
    containerBundleIdentifier = "com.apple.weather";
    elementType = widget;
    gridSize = small;
    iconType = custom;
    widgetIdentifier = "com.apple.weather";
}
2026-07-02 00:07:41.357836+0200 0x127e2    Error       0x0                  5035   0    SpringBoard: (SpringBoardHome) [com.apple.SpringBoard:Common] could not make icon from representation: (
        {
        allowsExternalSuggestions = 0;
        allowsSuggestions = 1;
        bundleIdentifier = "com.apple.mobilecal.CalendarWidgetExtension";
        containerBundleIdentifier = "com.apple.mobilecal";
        elementType = widget;
        gridSize = small;
        iconType = custom;
        widgetIdentifier = "com.apple.CalendarWidget.CalendarUpNextWidget";
    },
        {
        allowsExternalSuggestions = 0;
        allowsSuggestions = 1;
        bundleIdentifier = "com.apple.weather.widget";
        containerBundleIdentifier = "com.apple.weather";
        elementType = widget;
        gridSize = small;
        iconType = custom;
        widgetIdentifier = "com.apple.weather";
    },
        {
        allowsExternalSuggestions = 0;
        allowsSuggestions = 1;
        bundleIdentifier = "com.apple.news.widget";
        containerBundleIdentifier = "com.apple.news";
        elementType = widget;
        gridSize = newsLargeTall;
        iconType = custom;
        widgetIdentifier =
2026-07-02 00:07:41.357887+0200 0x127e2    Default     0x0                  5035   0    SpringBoard: (SpringBoardHome) [com.apple.SpringBoard:Widgets] Widget com.apple.news.widget C5F39448-8AFF-43FA-AA2C-3180A8B63A13 created from arhive.
2026-07-02 00:07:41.357901+0200 0x127e2    Default     0x0                  5035   0    SpringBoard: (SpringBoardHome) [com.apple.SpringBoard:Icon] <<SBLeafIcon:0x10d0eff00 [(null)]>> Changing active data source: <SBWidgetIcon: 0x10d0eff00; nodeID: 34A5BA4C-9DE7-45D1-9FDA-8385A8DEAB01; gridSizeClass: newsLargeTall>
2026-07-02 00:07:41.357905+0200 0x127e2    Default     0x0                  5035   0    SpringBoard: (SpringBoardHome) [com.apple.SpringBoard:Icon] <<SBLeafIcon:0x10d0eff00 [(null)]>> Changing from data souce: (null) to data source:C5F39448-8AFF-43FA-AA2C-3180A8B63A13.
2026-07-02 00:07:41.357994+0200 0x127e2    Default     0x0                  5035   0    SpringBoard: (SpringBoardHome) [com.apple.SpringBoard:Widgets] Widget com.apple.Maps.GeneralMapsWidget AF6500BA-AD45-462F-917D-A94B52519587 created from arhive.
2026-07-02 00:07:41.358004+0200 0x127e2    Default     0x0                  5035   0    SpringBoard: (SpringBoardHome) [com.apple.SpringBoard:Icon] <<SBLeafIcon:0x10d0efe40 [(null)]>> Changing active data source: <SBWidgetIcon: 0x10d0efe40; nodeID: 2CFA7156-7F4B-4E9B-8544-D33F6A2DF490; gridSizeClass: medium>
2026-07-02 00:07:41.358009+0200 0x127e2    Default     0x0                  5035   0    SpringBoard: (SpringBoardHome) [com.apple.SpringBoard:Icon] <<SBLeafIcon:0x10d0efe40 [(null)]>> Changing from data souce: (null) to data source:AF6500BA-AD45-462F-917D-A94B52519587.
2026-07-02 00:07:41.358055+0200 0x127e2    Default     0x0                  5035   0    SpringBoard: (SpringBoardHome) [com.apple.SpringBoard:Widgets] Widget com.apple.tips.TipsSwift E5BB158E-97B6-4545-9D29-B65CA4E689F8 created from arhive.
2026-07-02 00:07:41.358068+0200 0x127e2    Default     0x0                  5035   0    SpringBoard: (SpringBoardHome) [com.apple.SpringBoard:Icon] <<SBLeafIcon:0x11aba1f80 [(null)]>> Changing active data source: <SBWidgetIcon: 0x11aba1f80; nodeID: B7331DEA-6D1E-48D1-9675-21885CBF3857; gridSizeClass: small>
2026-07-02 00:07:41.358098+0200 0x127e2    Default     0x0                  5035   0    SpringBoard: (SpringBoardHome) [com.apple.SpringBoard:Icon] <<SBLeafIcon:0x11aba1f80 [(null)]>> Changing from data souce: (null) to data source:E5BB158E-97B6-4545-9D29-B65CA4E689F8.
2026-07-02 00:07:41.358166+0200 0x127e2    Default     0x0                  5035   0    SpringBoard: (SpringBoard) [com.apple.SpringBoard:WidgetDiscoverability] [ContainerBundleIdentifier debugging] checking widget = com.apple.tips
2026-07-02 00:07:41.358171+0200 0x127e2    Default     0x0                  5035   0    SpringBoard: (SpringBoard) [com.apple.SpringBoard:WidgetDiscoverability] [ContainerBundleIdentifier debugging] applicationIdentifier = com.apple.tips
2026-07-02 00:07:41.358240+0200 0x127e2    Default     0x0                  5035   0    SpringBoard: (SpringBoard) [com.apple.SpringBoard:WidgetDiscoverability] [ContainerBundleIdentifier debugging] all application bundle identifiers = (
    "com.apple.BarcodeScanner",
    "com.apple.Passwords",
    "com.apple.SleepLockScreen",
    "com.apple.MediaRemoteUIService",
    "com.apple.BrowserKitViewService",
    "com.apple.GameCenterRemoteAlert",
    "com.apple.FaceTimeLinkTrampoline",
    "com.apple.shortcuts",
    "com.apple.PeopleViewService",
    "com.apple.PASViewService",
    "com.apple.ActivityProgress.ActivityProgressUI",
    "com.apple.AppSSOUIService",
    "com.apple.BusinessChatViewService",
    "com.apple.systemactions",
    "com.apple.mobilesms.compose",
    "com.apple.AuthenticationServicesUI",
    "com.apple.NetworkEndpointPickerUI",
    "com.apple.AMSUIAuthenticationViewService",
    "com.apple.WorkoutRemoteViewService",
    "com.apple.HearingApp",
    "com.apple.shortcuts.runtime",
    "com.apple.PassbookUISceneService",
    "com.apple.AccessoryNotifications.SourceSelection",
    "com.apple.CredentialSharingService",
    "com.apple.FinanceStub",
    "com.apple.ScreenTimeWidgetApplication",
    "com.apple.SharedWebCreden
2026-07-02 00:07:41.358245+0200 0x127e2    Default     0x0                  5035   0    SpringBoard: (SpringBoard) [com.apple.SpringBoard:WidgetDiscoverability] [ContainerBundleIdentifier debugging] application = (null)
2026-07-02 00:07:41.358248+0200 0x127e2    Default     0x0                  5035   0    SpringBoard: (SpringBoard) [com.apple.SpringBoard:WidgetDiscoverability] [ContainerBundleIdentifier debugging] not valid application
2026-07-02 00:07:41.358295+0200 0x127e2    Default     0x0                  5035   0    SpringBoard: (SpringBoardHome) [com.apple.SpringBoard:Widgets] No widget descriptor found for widget; removing widget: <SBHWidget: 0x1203b9270; uniqueIdentifier: E5BB158E-97B6-4545-9D29-B65CA4E689F8; kind: com.apple.tips; extensionBundleIdentifier: com.apple.tips.TipsSwift; displayName: Esperando…; suggestionSource: 0; supportedGridSizeClasses: gridSizeClasses: newsLargeTall, large, extraLarge, small, medium>
2026-07-02 00:07:41.358338+0200 0x127e2    Default     0x0                  5035   0    SpringBoard: (SpringBoardHome) [com.apple.SpringBoard:Widgets] Removing iconDataSource:<SBHWidget: 0x1203b9270; uniqueIdentifier: E5BB158E-97B6-4545-9D29-B65CA4E689F8; kind: com.apple.tips; extensionBundleIdentifier: com.apple.tips.TipsSwift; displayName: Esperando…; suggestionSource: 0; supportedGridSizeClasses: gridSizeClasses: newsLargeTall, large, extraLarge, small, medium> from widgetIcon:<SBWidgetIcon: 0x11aba1f80; nodeID: B7331DEA-6D1E-48D1-9675-21885CBF3857; gridSizeClass: small; widget: com.apple.tips.TipsSwift> as it is no longer valid
2026-07-02 00:07:41.358371+0200 0x127e2    Error       0x0                  5035   0    SpringBoard: (SpringBoardHome) [com.apple.SpringBoard:Common] could not generate widget icon for representation -> {
    allowsExternalSuggestions = 0;
    allowsSuggestions = 1;
    bundleIdentifier = "com.apple.tips.TipsSwift";
    containerBundleIdentifier = "com.apple.tips";
    elementType = widget;
    gridSize = small;
    iconType = custom;
    widgetIdentifier = "com.apple.tips";
}
2026-07-02 00:07:41.358440+0200 0x127e2    Error       0x0                  5035   0    SpringBoard: (SpringBoardHome) [com.apple.SpringBoard:Common] could not make icon from representation: (
        {
        allowsExternalSuggestions = 0;
        allowsSuggestions = 1;
        bundleIdentifier = "com.apple.mobilecal.CalendarWidgetExtension";
        containerBundleIdentifier = "com.apple.mobilecal";
        elementType = widget;
        gridSize = small;
        iconType = custom;
        widgetIdentifier = "com.apple.CalendarWidget.CalendarUpNextWidget";
    },
        {
        allowsExternalSuggestions = 0;
        allowsSuggestions = 1;
        bundleIdentifier = "com.apple.weather.widget";
        containerBundleIdentifier = "com.apple.weather";
        elementType = widget;
        gridSize = small;
        iconType = custom;
        widgetIdentifier = "com.apple.weather";
    },
        {
        allowsExternalSuggestions = 0;
        allowsSuggestions = 1;
        bundleIdentifier = "com.apple.news.widget";
        containerBundleIdentifier = "com.apple.news";
        elementType = widget;
        gridSize = newsLargeTall;
        iconType = custom;
        widgetIdentifier =
2026-07-02 00:07:41.358474+0200 0x127e2    Default     0x0                  5035   0    SpringBoard: (SpringBoardHome) [com.apple.SpringBoard:Icon] <<SBLeafIcon:0x11aba1f80 [(null)]>> Changing active data source: <SBWidgetIcon: 0x11aba1f80; nodeID: 3761DB71-62EE-4911-83D9-6A75E1595E9F; gridSizeClass: small>
2026-07-02 00:07:41.358480+0200 0x127e2    Default     0x0                  5035   0    SpringBoard: (SpringBoardHome) [com.apple.SpringBoard:Icon] <<SBLeafIcon:0x11aba1f80 [(null)]>> Changing from data souce: (null) to data source:65E87425-6C0A-49A8-A33E-EE10AD89ED17.
2026-07-02 00:07:41.358520+0200 0x127e2    Default     0x0                  5035   0    SpringBoard: (SpringBoardHome) [com.apple.SpringBoard:Widgets] Widget com.apple.stocks.widget B8AB98DD-43E3-4902-9907-32509E3274F8 created from arhive.
2026-07-02 00:07:41.358532+0200 0x127e2    Default     0x0                  5035   0    SpringBoard: (SpringBoardHome) [com.apple.SpringBoard:Icon] <<SBLeafIcon:0x10cc78900 [(null)]>> Changing active data source: <SBWidgetIcon: 0x10cc78900; nodeID: DD4BC1F7-93CD-42F1-A571-54F606935CED; gridSizeClass: medium>
2026-07-02 00:07:41.358537+0200 0x127e2    Default     0x0                  5035   0    SpringBoard: (SpringBoardHome) [com.apple.SpringBoard:Icon] <<SBLeafIcon:0x10cc78900 [(null)]>> Changing from data souce: (null) to data source:B8AB98DD-43E3-4902-9907-32509E3274F8.
2026-07-02 00:07:41.358596+0200 0x127e2    Default     0x0                  5035   0    SpringBoard: (SpringBoard) [com.apple.SpringBoard:WidgetDiscoverability] [ContainerBundleIdentifier debugging] checking widget = com.apple.stocks
2026-07-02 00:07:41.358600+0200 0x127e2    Default     0x0                  5035   0    SpringBoard: (SpringBoard) [com.apple.SpringBoard:WidgetDiscoverability] [ContainerBundleIdentifier debugging] applicationIdentifier = com.apple.stocks
2026-07-02 00:07:41.358666+0200 0x127e2    Default     0x0                  5035   0    SpringBoard: (SpringBoard) [com.apple.SpringBoard:WidgetDiscoverability] [ContainerBundleIdentifier debugging] all application bundle identifiers = (
    "com.apple.BarcodeScanner",
    "com.apple.Passwords",
    "com.apple.SleepLockScreen",
    "com.apple.MediaRemoteUIService",
    "com.apple.BrowserKitViewService",
    "com.apple.GameCenterRemoteAlert",
    "com.apple.FaceTimeLinkTrampoline",
    "com.apple.shortcuts",
    "com.apple.PeopleViewService",
    "com.apple.PASViewService",
    "com.apple.ActivityProgress.ActivityProgressUI",
    "com.apple.AppSSOUIService",
    "com.apple.BusinessChatViewService",
    "com.apple.systemactions",
    "com.apple.mobilesms.compose",
    "com.apple.AuthenticationServicesUI",
    "com.apple.NetworkEndpointPickerUI",
    "com.apple.AMSUIAuthenticationViewService",
    "com.apple.WorkoutRemoteViewService",
    "com.apple.HearingApp",
    "com.apple.shortcuts.runtime",
    "com.apple.PassbookUISceneService",
    "com.apple.AccessoryNotifications.SourceSelection",
    "com.apple.CredentialSharingService",
    "com.apple.FinanceStub",
    "com.apple.ScreenTimeWidgetApplication",
    "com.apple.SharedWebCreden
2026-07-02 00:07:41.358671+0200 0x127e2    Default     0x0                  5035   0    SpringBoard: (SpringBoard) [com.apple.SpringBoard:WidgetDiscoverability] [ContainerBundleIdentifier debugging] application = (null)
2026-07-02 00:07:41.358674+0200 0x127e2    Default     0x0                  5035   0    SpringBoard: (SpringBoard) [com.apple.SpringBoard:WidgetDiscoverability] [ContainerBundleIdentifier debugging] not valid application
2026-07-02 00:07:41.358711+0200 0x127e2    Default     0x0                  5035   0    SpringBoard: (SpringBoardHome) [com.apple.SpringBoard:Widgets] No widget descriptor found for widget; removing widget: <SBHWidget: 0x1203b92c0; uniqueIdentifier: B8AB98DD-43E3-4902-9907-32509E3274F8; kind: overview; extensionBundleIdentifier: com.apple.stocks.widget; displayName: Esperando…; suggestionSource: 0; supportedGridSizeClasses: gridSizeClasses: newsLargeTall, large, extraLarge, small, medium>
2026-07-02 00:07:41.358766+0200 0x127e2    Default     0x0                  5035   0    SpringBoard: (SpringBoardHome) [com.apple.SpringBoard:Widgets] Removing iconDataSource:<SBHWidget: 0x1203b92c0; uniqueIdentifier: B8AB98DD-43E3-4902-9907-32509E3274F8; kind: overview; extensionBundleIdentifier: com.apple.stocks.widget; displayName: Esperando…; suggestionSource: 0; supportedGridSizeClasses: gridSizeClasses: newsLargeTall, large, extraLarge, small, medium> from widgetIcon:<SBWidgetIcon: 0x10cc78900; nodeID: DD4BC1F7-93CD-42F1-A571-54F606935CED; gridSizeClass: medium; widget: com.apple.stocks.widget> as it is no longer valid
2026-07-02 00:07:41.358791+0200 0x127e2    Error       0x0                  5035   0    SpringBoard: (SpringBoardHome) [com.apple.SpringBoard:Common] could not generate widget icon for representation -> {
    allowsExternalSuggestions = 0;
    allowsSuggestions = 1;
    bundleIdentifier = "com.apple.stocks.widget";
    containerBundleIdentifier = "com.apple.stocks";
    elementType = widget;
    gridSize = medium;
    iconType = custom;
    widgetIdentifier = overview;
}
2026-07-02 00:07:41.358838+0200 0x127e2    Error       0x0                  5035   0    SpringBoard: (SpringBoardHome) [com.apple.SpringBoard:Common] could not make icon from representation: (
        {
        allowsExternalSuggestions = 0;
        allowsSuggestions = 1;
        bundleIdentifier = "com.apple.mobilecal.CalendarWidgetExtension";
        containerBundleIdentifier = "com.apple.mobilecal";
        elementType = widget;
        gridSize = small;
        iconType = custom;
        widgetIdentifier = "com.apple.CalendarWidget.CalendarUpNextWidget";
    },
        {
        allowsExternalSuggestions = 0;
        allowsSuggestions = 1;
        bundleIdentifier = "com.apple.weather.widget";
        containerBundleIdentifier = "com.apple.weather";
        elementType = widget;
        gridSize = small;
        iconType = custom;
        widgetIdentifier = "com.apple.weather";
    },
        {
        allowsExternalSuggestions = 0;
        allowsSuggestions = 1;
        bundleIdentifier = "com.apple.news.widget";
        containerBundleIdentifier = "com.apple.news";
        elementType = widget;
        gridSize = newsLargeTall;
        iconType = custom;
        widgetIdentifier =
2026-07-02 00:07:41.358876+0200 0x127e2    Default     0x0                  5035   0    SpringBoard: (SpringBoardHome) [com.apple.SpringBoard:Widgets] Widget com.apple.ScreenTimeWidgetApplication.ScreenTimeWidgetExtension 5D65E088-92B0-42E9-863B-9DF41F92A80C created from arhive.
2026-07-02 00:07:41.358887+0200 0x127e2    Default     0x0                  5035   0    SpringBoard: (SpringBoardHome) [com.apple.SpringBoard:Icon] <<SBLeafIcon:0x10cc78900 [(null)]>> Changing active data source: <SBWidgetIcon: 0x10cc78900; nodeID: 7F2BBB57-9CC7-4E27-A406-69764B59883A; gridSizeClass: large>
2026-07-02 00:07:41.358892+0200 0x127e2    Default     0x0                  5035   0    SpringBoard: (SpringBoardHome) [com.apple.SpringBoard:Icon] <<SBLeafIcon:0x10cc78900 [(null)]>> Changing from data souce: (null) to data source:5D65E088-92B0-42E9-863B-9DF41F92A80C.
2026-07-02 00:07:41.359284+0200 0x127e2    Default     0x0                  5035   0    SpringBoard: (SpringBoardHome) [com.apple.SpringBoard:Icon] <<SBLeafIcon:0x117aac6c0 [com.apple.TVRemoteUIService]>> Changing active data source: <SBHApplicationIcon: 0x117aac6c0; nodeID: com.apple.TVRemoteUIService; bundleID: com.apple.TVRemoteUIService>
2026-07-02 00:07:41.359291+0200 0x127e2    Default     0x0                  5035   0    SpringBoard: (SpringBoardHome) [com.apple.SpringBoard:Icon] <<SBLeafIcon:0x117aac6c0 [com.apple.TVRemoteUIService]>> Changing from data souce: (null) to data source:(null).
2026-07-02 00:07:41.359555+0200 0x127e2    Default     0x0                  5035   2    SpringBoard: (SpringBoard) [com.apple.SpringBoard:WidgetIntent] Config data is accessible after first unlock.
2026-07-02 00:07:41.359558+0200 0x127e2    Default     0x0                  5035   2    SpringBoard: (SpringBoard) [com.apple.SpringBoard:WidgetIntent] configurationStorageIdentifier for dataSource 'com.apple.Maps' is
2026-07-02 00:07:41.359564+0200 0x127e2    Default     0x0                  5035   2    SpringBoard: (SpringBoard) [com.apple.SpringBoard:WidgetIntent] icon-config for dataSource is '2089BBA9-659C-45CE-9F72-DC367A96C11E'
2026-07-02 00:07:41.359623+0200 0x127e2    Default     0x0                  5035   2    SpringBoard: (SpringBoard) [com.apple.SpringBoard:WidgetIntent] com.apple.Maps: fetched config data for key: icon-config:2089BBA9-659C-45CE-9F72-DC367A96C11E, result: 0 bytes with keybag state: <SBFMutableMobileKeyBagState: 0x10bf51780; lockState: Disabled; isEffectivelyLocked: NO; permanentlyBlocked: NO; shouldWipe: NO; recoveryRequired: NO; recoveryPossible: YES; backOffTime: 0; failedAttemptCount: 0; escrowCount: 0>.
2026-07-02 00:07:41.359647+0200 0x127e2    Default     0x0                  5035   2    SpringBoard: (SpringBoardHome) [com.apple.SpringBoard:WidgetIntent] Archived widget intent data not found for icon: <SBWidgetIcon: 0x117aafc00; nodeID: BEBC95A8-27AC-460B-8F9F-137859DD7088; gridSizeClass: small; widget: com.apple.Maps.GeneralMapsWidget>, bundleID=(null), storageIdentifier: com.apple.Maps, dataSourceUniqueIdentifier: 2089BBA9-659C-45CE-9F72-DC367A96C11E
2026-07-02 00:07:41.359712+0200 0x127e2    Default     0x0                  5035   0    SpringBoard: (SpringBoard) [com.apple.SpringBoard:ProactiveHome] (872E6676-42F1-448E-8C26-BEA376968087: Stack configuration: Identifier: BEBC95A8-27AC-460B-8F9F-137859DD7088;Allows new widget: 0; Allows smart rotate: 0; Widgets: (
    "{\n    appBundleId = \"com.apple.Maps\";\n    onboardingWidget = 0;\n    score = 0;\n    size = 0;\n    suggestedWidget = 0;\n    widgetBundleId = \"com.apple.Maps.GeneralMapsWidget\";\n    widgetKind = \"com.apple.Maps\";\n    widgetUniqueId = \"2089BBA9-659C-45CE-9F72-DC367A96C11E\";\n}"
); Layout size: 0; Row: 0, Column: 0;
2026-07-02 00:07:41.359811+0200 0x127e2    Default     0x0                  5035   0    SpringBoard: (SpringBoard) [com.apple.SpringBoard:ProactiveHome] (872E6676-42F1-448E-8C26-BEA376968087: Stack configuration: Identifier: 5C264417-7B11-4BE2-B5B8-43641C38BB00;Allows new widget: 1; Allows smart rotate: 1; Widgets: (
    "{\n    appBundleId = \"com.apple.mobilecal\";\n    intent = \"sirikit.intents.custom.com.apple.CalendarWidget.IntentsExtension.EKUICalendarsIntent\";\n    onboardingWidget = 0;\n    score = 0;\n    size = 0;\n    suggestedWidget = 0;\n    widgetBundleId = \"com.apple.mobilecal.CalendarWidgetExtension\";\n    widgetKind = \"com.apple.CalendarWidget.CalendarUpNextWidget\";\n    widgetUniqueId = \"5B9C022D-9C06-415A-8E41-C5338E23B805\";\n}\nFull Intent: <INIntent: 0x11a8994a0> {\n    mirrorCalendarApp = 1;\n    hideAllDayEvents = <null>;\n    calendars = <null>;\n}\n",
    "{\n    appBundleId = \"com.apple.news\";\n    intent = \"sirikit.intents.custom.com.apple.news.widgetintents.TodayIntent\";\n    onboardingWidget = 0;\n    score = 0;\n    size = 0;\n    suggestedWidget = 0;\n    widgetBundleId = \"com.apple.news.widget\";\n    widgetKind = today;\n
2026-07-02 00:07:41.360158+0200 0x127e2    Default     0x0                  5035   0    SpringBoard: (SpringBoard) [com.apple.SpringBoard:ProactiveHome] (872E6676-42F1-448E-8C26-BEA376968087) Pushing home screen configuration: (
    "Page index: 0; Hidden: 0; Unique identifier: CC03CC54-F4A9-47D1-B370-5C3B8AA6FA2F; Number of app locations (legacy): 8; Number of web clip locations (legacy): 0; Number of leaf icons: 0; Stacks: (\n    \"Identifier: BEBC95A8-27AC-460B-8F9F-137859DD7088;Allows new widget: 0; Allows smart rotate: 0; Widgets: (\\n    \\\"{\\\\n    appBundleId = \\\\\\\"com.apple.Maps\\\\\\\";\\\\n    onboardingWidget = 0;\\\\n    score = 0;\\\\n    size = 0;\\\\n    suggestedWidget = 0;\\\\n    widgetBundleId = \\\\\\\"com.apple.Maps.GeneralMapsWidget\\\\\\\";\\\\n    widgetKind = \\\\\\\"com.apple.Maps\\\\\\\";\\\\n    widgetUniqueId = \\\\\\\"2089BBA9-659C-45CE-9F72-DC367A96C11E\\\\\\\";\\\\n}\\\"\\n); Layout size: 0; Row: 0, Column: 0; \",\n    \"Identifier: 5C264417-7B11-4BE2-B5B8-43641C38BB00;Allows new widget: 1; Allows smart rotate: 1; Widgets: (\\n    \\\"{\\\\n    appBundleId = \\\\\\\"com.apple.mobilecal\\\\\\\";\\\\n    intent = \\\\\\\"sirikit.intents.custom.
2026-07-02 00:07:41.360231+0200 0x127e2    Default     0x0                  5035   2    SpringBoard: (SpringBoard) [com.apple.SpringBoard:WidgetIntent] Config data is accessible after first unlock.
2026-07-02 00:07:41.360235+0200 0x127e2    Default     0x0                  5035   2    SpringBoard: (SpringBoard) [com.apple.SpringBoard:WidgetIntent] configurationStorageIdentifier for dataSource 'com.apple.Batteries' is
2026-07-02 00:07:41.360239+0200 0x127e2    Default     0x0                  5035   2    SpringBoard: (SpringBoard) [com.apple.SpringBoard:WidgetIntent] icon-config for dataSource is 'B548D837-C7F5-49E9-B67F-218FBC9E810B'
2026-07-02 00:07:41.360270+0200 0x127e2    Default     0x0                  5035   2    SpringBoard: (SpringBoard) [com.apple.SpringBoard:WidgetIntent] com.apple.Batteries: fetched config data for key: icon-config:B548D837-C7F5-49E9-B67F-218FBC9E810B, result: 0 bytes with keybag state: <SBFMutableMobileKeyBagState: 0x10bf53c40; lockState: Disabled; isEffectivelyLocked: NO; permanentlyBlocked: NO; shouldWipe: NO; recoveryRequired: NO; recoveryPossible: YES; backOffTime: 0; failedAttemptCount: 0; escrowCount: 0>.
2026-07-02 00:07:41.360280+0200 0x127e2    Default     0x0                  5035   2    SpringBoard: (SpringBoardHome) [com.apple.SpringBoard:WidgetIntent] Archived widget intent data not found for icon: <SBWidgetIcon: 0x106ea61c0; nodeID: B5B2C129-DBF1-4A40-BEAF-6059AC05C248; gridSizeClass: small; widget: com.apple.Batteries.BatteriesAvocadoWidgetExtension>, bundleID=(null), storageIdentifier: com.apple.Batteries, dataSourceUniqueIdentifier: B548D837-C7F5-49E9-B67F-218FBC9E810B
2026-07-02 00:07:41.360346+0200 0x127e2    Default     0x0                  5035   2    SpringBoard: (SpringBoard) [com.apple.SpringBoard:WidgetIntent] Config data is accessible after first unlock.
2026-07-02 00:07:41.360350+0200 0x127e2    Default     0x0                  5035   2    SpringBoard: (SpringBoard) [com.apple.SpringBoard:WidgetIntent] configurationStorageIdentifier for dataSource 'com.apple.Maps' is
2026-07-02 00:07:41.360353+0200 0x127e2    Default     0x0                  5035   2    SpringBoard: (SpringBoard) [com.apple.SpringBoard:WidgetIntent] icon-config for dataSource is 'BD2499FC-802D-40D1-A43F-537A087D7DFB'
2026-07-02 00:07:41.360371+0200 0x127e2    Default     0x0                  5035   2    SpringBoard: (SpringBoard) [com.apple.SpringBoard:WidgetIntent] com.apple.Maps: fetched config data for key: icon-config:BD2499FC-802D-40D1-A43F-537A087D7DFB, result: 0 bytes with keybag state: <SBFMutableMobileKeyBagState: 0x10bf52380; lockState: Disabled; isEffectivelyLocked: NO; permanentlyBlocked: NO; shouldWipe: NO; recoveryRequired: NO; recoveryPossible: YES; backOffTime: 0; failedAttemptCount: 0; escrowCount: 0>.
2026-07-02 00:07:41.360380+0200 0x127e2    Default     0x0                  5035   2    SpringBoard: (SpringBoardHome) [com.apple.SpringBoard:WidgetIntent] Archived widget intent data not found for icon: <SBWidgetIcon: 0x106ea4fc0; nodeID: 24F26CD8-4A7C-4D46-9351-40AB8D1171DD; gridSizeClass: medium; widget: com.apple.Maps.GeneralMapsWidget>, bundleID=(null), storageIdentifier: com.apple.Maps, dataSourceUniqueIdentifier: BD2499FC-802D-40D1-A43F-537A087D7DFB
2026-07-02 00:07:41.360692+0200 0x127e2    Default     0x0                  5035   0    SpringBoard: (SpringBoardHome) [com.apple.SpringBoard:Icon] Added icon to the first free slot available
2026-07-02 00:07:41.361283+0200 0x127e2    Activity    0x9d4b0              5035   0    SpringBoard: (PosterLegibilityKit) <PLKLegibilityContentDataSource legibilityContentForObject:legibilityDescriptor:>
2026-07-02 00:07:41.362191+0200 0x127e2    Default     0x9d4b0              5035   2    SpringBoard: (SpringBoard) [com.apple.SpringBoard:WidgetIntent] Config data is accessible after first unlock.
2026-07-02 00:07:41.362235+0200 0x127e2    Default     0x9d4b0              5035   2    SpringBoard: (SpringBoard) [com.apple.SpringBoard:WidgetIntent] configurationStorageIdentifier for dataSource 'com.apple.Maps' is
2026-07-02 00:07:41.362276+0200 0x127e2    Default     0x9d4b0              5035   2    SpringBoard: (SpringBoard) [com.apple.SpringBoard:WidgetIntent] icon-config for dataSource is '2089BBA9-659C-45CE-9F72-DC367A96C11E'
2026-07-02 00:07:41.362366+0200 0x127e2    Default     0x9d4b0              5035   2    SpringBoard: (SpringBoard) [com.apple.SpringBoard:WidgetIntent] com.apple.Maps: fetched config data for key: icon-config:2089BBA9-659C-45CE-9F72-DC367A96C11E, result: 0 bytes with keybag state: <SBFMutableMobileKeyBagState: 0x10bf53ea0; lockState: Disabled; isEffectivelyLocked: NO; permanentlyBlocked: NO; shouldWipe: NO; recoveryRequired: NO; recoveryPossible: YES; backOffTime: 0; failedAttemptCount: 0; escrowCount: 0>.
2026-07-02 00:07:41.362393+0200 0x127e2    Default     0x9d4b0              5035   2    SpringBoard: (SpringBoardHome) [com.apple.SpringBoard:WidgetIntent] Archived widget intent data not found for icon: <SBWidgetIcon: 0x117aafc00; nodeID: BEBC95A8-27AC-460B-8F9F-137859DD7088; gridSizeClass: small; widget: com.apple.Maps.GeneralMapsWidget>, bundleID=(null), storageIdentifier: com.apple.Maps, dataSourceUniqueIdentifier: 2089BBA9-659C-45CE-9F72-DC367A96C11E
2026-07-02 00:07:41.362487+0200 0x127e2    Default     0x9d4b0              5035   0    SpringBoard: (SpringBoard) [com.apple.SpringBoard:ProactiveHome] (54AA101F-3C61-4B33-ACA1-DB123AC0A309: Stack configuration: Identifier: BEBC95A8-27AC-460B-8F9F-137859DD7088;Allows new widget: 0; Allows smart rotate: 0; Widgets: (
    "{\n    appBundleId = \"com.apple.Maps\";\n    onboardingWidget = 0;\n    score = 0;\n    size = 0;\n    suggestedWidget = 0;\n    widgetBundleId = \"com.apple.Maps.GeneralMapsWidget\";\n    widgetKind = \"com.apple.Maps\";\n    widgetUniqueId = \"2089BBA9-659C-45CE-9F72-DC367A96C11E\";\n}"
); Layout size: 0; Row: 0, Column: 0;
2026-07-02 00:07:41.362595+0200 0x127e2    Default     0x9d4b0              5035   0    SpringBoard: (SpringBoard) [com.apple.SpringBoard:ProactiveHome] (54AA101F-3C61-4B33-ACA1-DB123AC0A309: Stack configuration: Identifier: 5C264417-7B11-4BE2-B5B8-43641C38BB00;Allows new widget: 1; Allows smart rotate: 1; Widgets: (
    "{\n    appBundleId = \"com.apple.mobilecal\";\n    intent = \"sirikit.intents.custom.com.apple.CalendarWidget.IntentsExtension.EKUICalendarsIntent\";\n    onboardingWidget = 0;\n    score = 0;\n    size = 0;\n    suggestedWidget = 0;\n    widgetBundleId = \"com.apple.mobilecal.CalendarWidgetExtension\";\n    widgetKind = \"com.apple.CalendarWidget.CalendarUpNextWidget\";\n    widgetUniqueId = \"5B9C022D-9C06-415A-8E41-C5338E23B805\";\n}\nFull Intent: <INIntent: 0x11a8994a0> {\n    mirrorCalendarApp = 1;\n    hideAllDayEvents = <null>;\n    calendars = <null>;\n}\n",
    "{\n    appBundleId = \"com.apple.news\";\n    intent = \"sirikit.intents.custom.com.apple.news.widgetintents.TodayIntent\";\n    onboardingWidget = 0;\n    score = 0;\n    size = 0;\n    suggestedWidget = 0;\n    widgetBundleId = \"com.apple.news.widget\";\n    widgetKind = today;\n
2026-07-02 00:07:41.362930+0200 0x12e70    Activity    0x9d498              4914   0    runningboardd: (RunningBoard) acquireAssertionWithDescriptor
2026-07-02 00:07:41.362988+0200 0x12e8b    Default     0x0                  5035   0    SpringBoard: (ProactiveSuggestionClientModel) [com.apple.duetexpertd.atx:blending] Sending refresh blending notification with reason: Wrote home screen page configurations
2026-07-02 00:07:41.363114+0200 0x12e70    Default     0x9d498              4914   0    runningboardd: (AppServerSupport) [com.apple.libxpc.OSLaunchdJob:all] <OSLaunchdJob | handle=B912A7D8-2A3E-4F48-A389-EEF931E3AA1E>: copyJobWithHandle: created a job
2026-07-02 00:07:41.363170+0200 0x127e2    Default     0x9d4b0              5035   0    SpringBoard: (SpringBoard) [com.apple.SpringBoard:ProactiveHome] (54AA101F-3C61-4B33-ACA1-DB123AC0A309) Pushing home screen configuration: (
    "Page index: 0; Hidden: 0; Unique identifier: CC03CC54-F4A9-47D1-B370-5C3B8AA6FA2F; Number of app locations (legacy): 8; Number of web clip locations (legacy): 0; Number of leaf icons: 0; Stacks: (\n    \"Identifier: BEBC95A8-27AC-460B-8F9F-137859DD7088;Allows new widget: 0; Allows smart rotate: 0; Widgets: (\\n    \\\"{\\\\n    appBundleId = \\\\\\\"com.apple.Maps\\\\\\\";\\\\n    onboardingWidget = 0;\\\\n    score = 0;\\\\n    size = 0;\\\\n    suggestedWidget = 0;\\\\n    widgetBundleId = \\\\\\\"com.apple.Maps.GeneralMapsWidget\\\\\\\";\\\\n    widgetKind = \\\\\\\"com.apple.Maps\\\\\\\";\\\\n    widgetUniqueId = \\\\\\\"2089BBA9-659C-45CE-9F72-DC367A96C11E\\\\\\\";\\\\n}\\\"\\n); Layout size: 0; Row: 0, Column: 0; \",\n    \"Identifier: 5C264417-7B11-4BE2-B5B8-43641C38BB00;Allows new widget: 1; Allows smart rotate: 1; Widgets: (\\n    \\\"{\\\\n    appBundleId = \\\\\\\"com.apple.mobilecal\\\\\\\";\\\\n    intent = \\\\\\\"sirikit.intents.custom.
2026-07-02 00:07:41.363257+0200 0x12e70    Default     0x9d498              4914   7    runningboardd: (RunningBoard) [com.apple.runningboard:ttl] Acquiring assertion targeting osservice<com.apple.PosterBoard> from originator [osservice<com.apple.iconservices.iconservicesagent>:5057] with description <RBSAssertionDescriptor| "BSXPCServiceConnectionProxy<PRSClientToServerInterface>" ID:4914-5057-643 target:osservice<com.apple.PosterBoard> attributes:[
	<RBSDomainAttribute| domain:"com.apple.common" name:"BasicAngelIPC" sourceEnvironment:"(null)">,
	<RBSConstraintsAttribute| constraints:7>
	]>
2026-07-02 00:07:41.363287+0200 0x127e2    Default     0x9d4b0              5035   2    SpringBoard: (SpringBoard) [com.apple.SpringBoard:WidgetIntent] Config data is accessible after first unlock.
2026-07-02 00:07:41.363291+0200 0x127e2    Default     0x9d4b0              5035   2    SpringBoard: (SpringBoard) [com.apple.SpringBoard:WidgetIntent] configurationStorageIdentifier for dataSource 'com.apple.Batteries' is
2026-07-02 00:07:41.363295+0200 0x127e2    Default     0x9d4b0              5035   2    SpringBoard: (SpringBoard) [com.apple.SpringBoard:WidgetIntent] icon-config for dataSource is 'B548D837-C7F5-49E9-B67F-218FBC9E810B'
2026-07-02 00:07:41.363306+0200 0x12e70    Default     0x9d498              4914   7    runningboardd: (RunningBoard) [com.apple.runningboard:ttl] Assertion 4914-5057-643 (target:osservice<com.apple.PosterBoard>) will be created as active
2026-07-02 00:07:41.363317+0200 0x12e70    Default     0x9d498              4914   7    runningboardd: (RunningBoard) [com.apple.runningboard:ttl] setting abstract target for <RBSAssertionDescriptor| "BSXPCServiceConnectionProxy<PRSClientToServerInterface>" ID:4914-5057-643 target:osservice<com.apple.PosterBoard> attributes:[
	<RBSDomainAttribute| domain:"com.apple.common" name:"BasicAngelIPC" sourceEnvironment:"(null)">,
	<RBSConstraintsAttribute| constraints:7>
	]> to [osservice<com.apple.PosterBoard>:5050]
2026-07-02 00:07:41.363330+0200 0x127e2    Default     0x9d4b0              5035   2    SpringBoard: (SpringBoard) [com.apple.SpringBoard:WidgetIntent] com.apple.Batteries: fetched config data for key: icon-config:B548D837-C7F5-49E9-B67F-218FBC9E810B, result: 0 bytes with keybag state: <SBFMutableMobileKeyBagState: 0x10bf53ba0; lockState: Disabled; isEffectivelyLocked: NO; permanentlyBlocked: NO; shouldWipe: NO; recoveryRequired: NO; recoveryPossible: YES; backOffTime: 0; failedAttemptCount: 0; escrowCount: 0>.
2026-07-02 00:07:41.363340+0200 0x127e2    Default     0x9d4b0              5035   2    SpringBoard: (SpringBoardHome) [com.apple.SpringBoard:WidgetIntent] Archived widget intent data not found for icon: <SBWidgetIcon: 0x106ea61c0; nodeID: B5B2C129-DBF1-4A40-BEAF-6059AC05C248; gridSizeClass: small; widget: com.apple.Batteries.BatteriesAvocadoWidgetExtension>, bundleID=(null), storageIdentifier: com.apple.Batteries, dataSourceUniqueIdentifier: B548D837-C7F5-49E9-B67F-218FBC9E810B
2026-07-02 00:07:41.363579+0200 0x12e70    Activity    0x9d499              4914   0    runningboardd: (RunningBoard) state update
2026-07-02 00:07:41.363590+0200 0x12e8b    Default     0x0                  5035   0    SpringBoard: (SpringBoard) [com.apple.SpringBoard:ProactiveHome] (872E6676-42F1-448E-8C26-BEA376968087) Pushed home screen configuration successfully!
2026-07-02 00:07:41.363612+0200 0x127e2    Default     0x9d4b0              5035   2    SpringBoard: (SpringBoard) [com.apple.SpringBoard:WidgetIntent] Config data is accessible after first unlock.
2026-07-02 00:07:41.363624+0200 0x13004    Default     0x0                  5035   0    SpringBoard: (AppPredictionFoundation) [com.apple.duetexpertd.atx:modes] Couldn't open installed suggested pages cache file because it is missing
2026-07-02 00:07:41.363659+0200 0x127e2    Default     0x9d4b0              5035   2    SpringBoard: (SpringBoard) [com.apple.SpringBoard:WidgetIntent] configurationStorageIdentifier for dataSource 'com.apple.Maps' is
2026-07-02 00:07:41.363693+0200 0x127e2    Default     0x9d4b0              5035   2    SpringBoard: (SpringBoard) [com.apple.SpringBoard:WidgetIntent] icon-config for dataSource is 'BD2499FC-802D-40D1-A43F-537A087D7DFB'
2026-07-02 00:07:41.363768+0200 0x127e2    Default     0x9d4b0              5035   2    SpringBoard: (SpringBoard) [com.apple.SpringBoard:WidgetIntent] com.apple.Maps: fetched config data for key: icon-config:BD2499FC-802D-40D1-A43F-537A087D7DFB, result: 0 bytes with keybag state: <SBFMutableMobileKeyBagState: 0x10bf53aa0; lockState: Disabled; isEffectivelyLocked: NO; permanentlyBlocked: NO; shouldWipe: NO; recoveryRequired: NO; recoveryPossible: YES; backOffTime: 0; failedAttemptCount: 0; escrowCount: 0>.
2026-07-02 00:07:41.363780+0200 0x12e70    Default     0x9d498              4914   7    runningboardd: (RunningBoard) [com.apple.runningboard:ttl] [osservice<com.apple.PosterBoard>:5050] Resuming task.
2026-07-02 00:07:41.363797+0200 0x127e2    Default     0x9d4b0              5035   2    SpringBoard: (SpringBoardHome) [com.apple.SpringBoard:WidgetIntent] Archived widget intent data not found for icon: <SBWidgetIcon: 0x106ea4fc0; nodeID: 24F26CD8-4A7C-4D46-9351-40AB8D1171DD; gridSizeClass: medium; widget: com.apple.Maps.GeneralMapsWidget>, bundleID=(null), storageIdentifier: com.apple.Maps, dataSourceUniqueIdentifier: BD2499FC-802D-40D1-A43F-537A087D7DFB
2026-07-02 00:07:41.364074+0200 0x12e8b    Default     0x0                  5035   0    SpringBoard: (AppPredictionClient) [com.apple.duetexpertd.atx:homescreen] Avoiding unnecessary write of dock apps
2026-07-02 00:07:41.364082+0200 0x127e2    Default     0x9d4b0              5035   14   SpringBoard: (MobileInstallation) [com.apple.appinstallation:TransactionLog] MJR-Labs.Aura-Health/Unknown Persona:10:1:3:1:Created icon for placeholder.
2026-07-02 00:07:41.364399+0200 0x127e2    Default     0x9d4b0              5035   0    SpringBoard: (SpringBoard) [com.apple.frontboard.ApplicationLibrary:sb.placeholder] Placeholders added: (
    "<SBApplicationPlaceholder: 0x11aead680; bundleIdentifier: MJR-Labs.Aura-Health; displayName: Aura Health>"
), modified: (
), removed: (null)
2026-07-02 00:07:41.364464+0200 0x127e2    Default     0x9ae0d              5035   2    SpringBoard: (CoreServices) [com.apple.launchservices:progress] Got progress <NSProgress: MJR-Labs.Aura-Health phase=InstallingPlaceholder; state=Finished; finalPhase=Installing; fractionCompleted=0.000000> for app MJR-Labs.Aura-Health,
2026-07-02 00:07:41.364644+0200 0x127e2    Default     0x9ae0d              5035   0    SpringBoard: (PosterLegibilityKit) [com.apple.PosterLegibilityKit:Rendering] PLK view alignment offset: insets={1.886736, 8.3164200000000008, 3.10548, 7.4880119999999994}, offset=(0.41, -0.61)
2026-07-02 00:07:41.365278+0200 0x12e8b    Default     0x0                  5035   0    SpringBoard: (AppPredictionClient) [com.apple.duetexpertd.atx:homescreen] Avoiding unnecessary write of today page
2026-07-02 00:07:41.365854+0200 0x12e68    Default     0x9d498              4914   0    runningboardd: (RunningBoard) [com.apple.runningboard:monitor] Calculated state for osservice<com.apple.PosterBoard>: running-active (role: NonUserInteractive) (endowments: (null))
2026-07-02 00:07:41.366093+0200 0x13003    Activity    0x9d4b1              5035   0    SpringBoard: (RunningBoardServices) observedProcessStatesDidChange
2026-07-02 00:07:41.366166+0200 0x13003    Default     0x9d4b1              5035   0    SpringBoard: (RunningBoardServices) [com.apple.runningboard:monitor] Received state update for 5050 (osservice<com.apple.PosterBoard>, running-active-NotVisible
2026-07-02 00:07:41.366292+0200 0x12e68    Activity    0x9d49a              4914   0    runningboardd: (RunningBoard) statesForPredicate
2026-07-02 00:07:41.366397+0200 0x12e8b    Default     0x9d4b0              5035   0    SpringBoard: (AppPredictionClient) [com.apple.duetexpertd.atx:homescreen] Avoiding unnecessary write of home screen pages
2026-07-02 00:07:41.366456+0200 0x12e8b    Default     0x9d4b0              5035   0    SpringBoard: (SpringBoard) [com.apple.SpringBoard:ProactiveHome] (54AA101F-3C61-4B33-ACA1-DB123AC0A309) Pushed home screen configuration successfully!
2026-07-02 00:07:41.366515+0200 0x13004    Default     0x9d4b1              5035   0    SpringBoard: (FrontBoard) [com.apple.FrontBoard:Process] [osservice<com.apple.PosterBoard>:5050] Setting process task state to: Running
2026-07-02 00:07:41.366607+0200 0x12e8b    Default     0x9d4b0              5035   0    SpringBoard: (AppPredictionClient) [com.apple.duetexpertd.atx:homescreen] Avoiding unnecessary write of dock apps
2026-07-02 00:07:41.368302+0200 0x12e8b    Default     0x9d4b0              5035   0    SpringBoard: (AppPredictionClient) [com.apple.duetexpertd.atx:homescreen] Avoiding unnecessary write of today page
2026-07-02 00:07:41.368363+0200 0x12e70    Error       0x9d498              4914   0    runningboardd: (RunningBoard) [com.apple.runningboard:process] [osservice<com.apple.PosterBoard>:5050] pid_resume() returned error 1: Operation not permitted
2026-07-02 00:07:41.368471+0200 0x12e70    Default     0x9d498              4914   7    runningboardd: (RunningBoard) [com.apple.runningboard:ttl] [osservice<com.apple.PosterBoard>:5050] Set darwin role to: NonUserInteractive
2026-07-02 00:07:41.368908+0200 0x127e2    Default     0x9ae0d              5035   0    SpringBoard: (UIKitCore) [com.apple.UIKit:UIFocus] Failed to update focus with context <UIFocusUpdateContext: 0x11ab9df40; previouslyFocusedItem: (nil); nextFocusedItem: (nil); focusHeading: None>. No additional info available.
2026-07-02 00:07:41.370236+0200 0x127e2    Activity    0x9d4b2              5035   0    SpringBoard: (libsystem_containermanager.dylib) container_system_group_path_for_identifier
2026-07-02 00:07:41.370255+0200 0x127e2    Default     0x9d4b2              5035   7    SpringBoard: (libsystem_containermanager.dylib) [com.apple.containermanager:xpc] Requesting container lookup; class = 13, identifier = (null), group_identifier = systemgroup.com.apple.installcoordinationd, create = 1, temp = 0, euid = 501, uid = 501
2026-07-02 00:07:41.370267+0200 0x127e2    Activity    0x9d4b3              5035   0    SpringBoard: (libsystem_containermanager.dylib) container_query_t
2026-07-02 00:07:41.370277+0200 0x127e2    Default     0x9d4b3              5035   7    SpringBoard: (libsystem_containermanager.dylib) [com.apple.containermanager:xpc] Query; euid = 501, uid = 501, class = 13, identifier = [(null)](0), flags = 900000003
2026-07-02 00:07:41.370931+0200 0x127e2    Default     0x9d4b2              5035   7    SpringBoard: (libsystem_containermanager.dylib) [com.apple.containermanager:unspecified] _container_query_get_result_at_index: success
2026-07-02 00:07:41.370948+0200 0x127e2    Activity    0x9d4b4              5035   0    SpringBoard: (libsystem_containermanager.dylib) container_copy_object
2026-07-02 00:07:41.370961+0200 0x127e2    Default     0x9d4b2              5035   7    SpringBoard: (libsystem_containermanager.dylib) [com.apple.containermanager:unspecified] container_system_group_path_for_identifier: success
2026-07-02 00:07:41.371421+0200 0x127e2    Default     0x0                  5035   7    SpringBoard: (InstallCoordination) [com.apple.installcoordination:framework] +[IXAppInstallCoordinator removabilityForAppWithIdentity:error:]: Returning locally read removability, PossibleAndAllowed, for identity:[MJR-Labs.Aura-Health/Invalid/[system-defined]]
2026-07-02 00:07:41.371781+0200 0x127e2    Activity    0x9d4b5              5035   0    SpringBoard: (PosterLegibilityKit) <PLKLegibilityContentDataSource legibilityContentForObject:legibilityDescriptor:>
2026-07-02 00:07:41.372017+0200 0x127e2    Default     0x9d4b5              5035   14   SpringBoard: (MobileInstallation) [com.apple.appinstallation:TransactionLog] MJR-Labs.Aura-Health/Unknown Persona:10:2:3:1:Reloading icon image.
2026-07-02 00:07:41.372460+0200 0x12e70    Activity    0x9d49b              4914   0    runningboardd: (RunningBoard) acquireAssertionWithDescriptor
2026-07-02 00:07:41.372609+0200 0x128aa    Error       0x9d4b0              5035   0    SpringBoard: (CoreGraphics) [com.apple.coregraphics:Unknown process name] verify_image_parameters: invalid image colorspace: NULL.
2026-07-02 00:07:41.374176+0200 0x12e70    Default     0x9d49b              4914   0    runningboardd: (AppServerSupport) [com.apple.libxpc.OSLaunchdJob:all] <OSLaunchdJob | handle=B912A7D8-2A3E-4F48-A389-EEF931E3AA1E>: copyJobWithHandle: created a job
2026-07-02 00:07:41.374411+0200 0x12e70    Default     0x9d49b              4914   7    runningboardd: (RunningBoard) [com.apple.runningboard:ttl] Acquiring assertion targeting osservice<com.apple.PosterBoard> from originator [osservice<com.apple.SpringBoard>:5035] with description <RBSAssertionDescriptor| "BSXPCServiceConnectionProxy<PRSClientToServerInterface>" ID:4914-5035-644 target:osservice<com.apple.PosterBoard> attributes:[
	<RBSDomainAttribute| domain:"com.apple.common" name:"BasicAngelIPC" sourceEnvironment:"(null)">,
	<RBSConstraintsAttribute| constraints:7>
	]>
2026-07-02 00:07:41.374519+0200 0x12e70    Default     0x9d49b              4914   7    runningboardd: (RunningBoard) [com.apple.runningboard:ttl] Assertion 4914-5035-644 (target:osservice<com.apple.PosterBoard>) will be created as active
2026-07-02 00:07:41.374647+0200 0x12e70    Default     0x9d49b              4914   7    runningboardd: (RunningBoard) [com.apple.runningboard:ttl] setting abstract target for <RBSAssertionDescriptor| "BSXPCServiceConnectionProxy<PRSClientToServerInterface>" ID:4914-5035-644 target:osservice<com.apple.PosterBoard> attributes:[
	<RBSDomainAttribute| domain:"com.apple.common" name:"BasicAngelIPC" sourceEnvironment:"(null)">,
	<RBSConstraintsAttribute| constraints:7>
	]> to [osservice<com.apple.PosterBoard>:5050]
2026-07-02 00:07:41.374908+0200 0x127e2    Default     0x9d0af              5035   0    SpringBoard: (SpringBoard) [com.apple.SpringBoard:Common] termination assertion acquired for MJR-Labs.Aura-Health (app not found)
2026-07-02 00:07:41.374980+0200 0x12da5    Activity    0x9d49c              4914   0    runningboardd: (RunningBoard) state update
2026-07-02 00:07:41.375121+0200 0x127e2    Activity    0x9d4b6              5035   0    SpringBoard: (PosterLegibilityKit) <PLKLegibilityContentDataSource legibilityContentForObject:legibilityDescriptor:>
2026-07-02 00:07:41.375248+0200 0x127e2    Default     0x9d4b6              5035   14   SpringBoard: (MobileInstallation) [com.apple.appinstallation:TransactionLog] MJR-Labs.Aura-Health/Unknown Persona:10:2:3:1:Reloading icon image.
2026-07-02 00:07:41.375285+0200 0x12e71    Activity    0x9d49d              4914   0    runningboardd: (RunningBoard) timer
2026-07-02 00:07:41.375350+0200 0x127e2    Default     0x9d4b1              5035   0    SpringBoard: (SpringBoard) [com.apple.SpringBoard:Common] Application process state changed for com.apple.PosterBoard: <SBApplicationProcessState: 0x10bf52340; pid: 5050; taskState: Running; visibility: Unknown>
2026-07-02 00:07:41.375355+0200 0x12e71    Default     0x9d49d              4914   0    runningboardd: (RunningBoard) [com.apple.runningboard:process] Assertions for process will expire soon: [app<com.apple.chrono.WidgetRenderer-Default((null))>:5062]
2026-07-02 00:07:41.375542+0200 0x127e2    Default     0x9ae0d              5035   0    SpringBoard: (PosterLegibilityKit) [com.apple.PosterLegibilityKit:Rendering] PLK view alignment offset: insets={1.886736, 8.3164200000000008, 3.10548, 7.4880119999999994}, offset=(0.41, -0.61)
2026-07-02 00:07:41.379450+0200 0x12e70    Activity    0x9d49e              4914   0    runningboardd: (RunningBoard) invalidateAssertionWithIdentifier
2026-07-02 00:07:41.379471+0200 0x12e70    Default     0x9d49e              4914   7    runningboardd: (RunningBoard) [com.apple.runningboard:ttl] Invalidating assertion 4914-5057-643 (target:osservice<com.apple.PosterBoard>) from originator [osservice<com.apple.iconservices.iconservicesagent>:5057]
2026-07-02 00:07:41.386375+0200 0x127e2    Default     0x9ae0d              5035   0    SpringBoard: (PosterLegibilityKit) [com.apple.PosterLegibilityKit:Rendering] PLK view alignment offset: insets={1.886736, 8.3164200000000008, 3.10548, 7.4880119999999994}, offset=(0.41, -0.61)
2026-07-02 00:07:41.391631+0200 0x13003    Error       0x9d4b5              5035   0    SpringBoard: (CoreGraphics) [com.apple.coregraphics:Unknown process name] verify_image_parameters: invalid image colorspace: NULL.
2026-07-02 00:07:41.393687+0200 0x128aa    Error       0x9d4b0              5035   0    SpringBoard: (CoreGraphics) [com.apple.coregraphics:Unknown process name] verify_image_parameters: invalid image colorspace: NULL.
2026-07-02 00:07:41.393772+0200 0x128aa    Error       0x9d4b0              5035   0    SpringBoard: (CoreGraphics) [com.apple.coregraphics:Unknown process name] verify_image_parameters: invalid image colorspace: NULL.
2026-07-02 00:07:41.396228+0200 0x12da5    Default     0x0                  4914   5    runningboardd: (CoreServices) [com.apple.launchservices:appinstallation] LaunchServices observer: MetadataUpdate (
    "MJR-Labs.Aura-Health"
)
2026-07-02 00:07:41.399391+0200 0x12e70    Activity    0x9d49f              4914   0    runningboardd: (RunningBoard) acquireAssertionWithDescriptor
2026-07-02 00:07:41.399443+0200 0x12e70    Default     0x9d49f              4914   7    runningboardd: (RunningBoard) [com.apple.runningboard:ttl] Acquiring assertion targeting [osservice<com.apple.PosterBoard>:5050] from originator [osservice<com.apple.PosterBoard>:5050] with description <RBSAssertionDescriptor| "notifyPosterBoardOfApplicationUpdatesWithCompletion" ID:4914-5050-645 target:5050 attributes:[
	<RBSDomainAttribute| domain:"com.apple.posterkit.provider" name:"PosterUpdate" sourceEnvironment:"(null)">
	]>
2026-07-02 00:07:41.399486+0200 0x12e70    Default     0x9d49f              4914   7    runningboardd: (RunningBoard) [com.apple.runningboard:ttl] Assertion 4914-5050-645 (target:[osservice<com.apple.PosterBoard>:5050]) will be created as active
2026-07-02 00:07:41.399501+0200 0x13004    Default     0x0                  5035   5    SpringBoard: (CoreServices) [com.apple.launchservices:appinstallation] LaunchServices observer: MetadataUpdate (
    "MJR-Labs.Aura-Health"
)
2026-07-02 00:07:41.399526+0200 0x12e71    Default     0x9d49d              4914   0    runningboardd: (RunningBoard) [com.apple.runningboard:connection] Boosting client 5062 for 4.864181s to handle expiration warning
2026-07-02 00:07:41.399534+0200 0x12e71    Default     0x9d49d              4914   0    runningboardd: (RunningBoardServices) [com.apple.runningboard:assertion] RBSCPUAccessGrant with role: 4
2026-07-02 00:07:41.399596+0200 0x12e68    Default     0x9d49d              4914   7    runningboardd: (RunningBoard) [com.apple.runningboard:ttl] Acquiring assertion targeting [app<com.apple.chrono.WidgetRenderer-Default((null))>:5062] from originator [osservice<com.apple.runningboardd>:4914] with description <RBSAssertionDescriptor| "Will expire assertions soon" ID:4914-4914-646 target:5062 attributes:[
	<RBSCPUAccessGrant| role:NonUserInteractive>,
	<RBSDurationAttribute| invalidationDuration:4.86 warningDuration:0.00 startPolicy:Delayed-Fixed endPolicy:Invalidate>,
	<RBSRunningReasonAttribute| runningReason:10101>
	]>
2026-07-02 00:07:41.399791+0200 0x12e68    Default     0x9d49d              4914   7    runningboardd: (RunningBoard) [com.apple.runningboard:ttl] Assertion 4914-4914-646 (target:[app<com.apple.chrono.WidgetRenderer-Default((null))>:5062]) will be created as active as no start-time-defining assertions exist
2026-07-02 00:07:41.399828+0200 0x12e71    Activity    0x9d4d0              4914   0    runningboardd: (RunningBoard) state update
2026-07-02 00:07:41.399975+0200 0x12da4    Default     0x9d49f              4914   0    runningboardd: (RunningBoard) [com.apple.runningboard:monitor] Calculated state for osservice<com.apple.PosterBoard>: running-active (role: NonUserInteractive) (endowments: (null))
2026-07-02 00:07:41.399977+0200 0x12e68    Error       0x9d49f              4914   0    runningboardd: (RunningBoard) [com.apple.runningboard:process] 5050 Error setting Darwin GPU to "UserInteractives" (6): Operation not permitted
2026-07-02 00:07:41.399989+0200 0x12e71    Activity    0x9d4d1              4914   0    runningboardd: (RunningBoard) state update
2026-07-02 00:07:41.400172+0200 0x12da4    Default     0x9d49d              4914   0    runningboardd: (RunningBoard) [com.apple.runningboard:monitor] Calculated state for app<com.apple.chrono.WidgetRenderer-Default((null))>: running-active (role: NonUserInteractive) (endowments: (null))
2026-07-02 00:07:41.400197+0200 0x12e68    Default     0x9d49d              4914   7    runningboardd: (RunningBoard) [com.apple.runningboard:ttl] [app<com.apple.chrono.WidgetRenderer-Default((null))>:5062] Set darwin role to: NonUserInteractive
2026-07-02 00:07:41.400213+0200 0x12e70    Activity    0x9d4d2              4914   0    runningboardd: (RunningBoard) timer
2026-07-02 00:07:41.400228+0200 0x12e70    Default     0x9d4d2              4914   0    runningboardd: (RunningBoard) [com.apple.runningboard:process] Assertions for process will expire soon: [app<com.apple.chrono.WidgetRenderer-Default((null))>:5062]
2026-07-02 00:07:41.400452+0200 0x128aa    Activity    0x9d4b7              5035   0    SpringBoard: (RunningBoardServices) observedProcessStatesDidChange
2026-07-02 00:07:41.400482+0200 0x128aa    Default     0x9d4b7              5035   0    SpringBoard: (RunningBoardServices) [com.apple.runningboard:monitor] Received state update for 5062 (app<com.apple.chrono.WidgetRenderer-Default((null))>, running-active-NotVisible
2026-07-02 00:07:41.406326+0200 0x13003    Error       0x9d4b5              5035   0    SpringBoard: (CoreGraphics) [com.apple.coregraphics:Unknown process name] verify_image_parameters: invalid image colorspace: NULL.
2026-07-02 00:07:41.406420+0200 0x13003    Error       0x9d4b5              5035   0    SpringBoard: (CoreGraphics) [com.apple.coregraphics:Unknown process name] verify_image_parameters: invalid image colorspace: NULL.
2026-07-02 00:07:41.406652+0200 0x127e2    Activity    0x9d4b8              5035   0    SpringBoard: (PosterLegibilityKit) <PLKLegibilityContentDataSource legibilityContentForObject:legibilityDescriptor:>
2026-07-02 00:07:41.407337+0200 0x127e2    Activity    0x9d4b9              5035   0    SpringBoard: (PosterLegibilityKit) <PLKLegibilityContentDataSource legibilityContentForObject:legibilityDescriptor:>
2026-07-02 00:07:41.409876+0200 0x12da5    Default     0x0                  4914   5    runningboardd: (CoreServices) [com.apple.launchservices:appinstallation] LaunchServices observer: InstallsStarted (
    "<LSApplicationProxy: 0x101da4000> MJR-Labs.Aura-Health file:///Users/miguelito/Library/Developer/CoreSimulator/Devices/A0AA6D6A-0B56-46BF-ACF4-378FDCADA106/data/Containers/Bundle/Application/152BB046-A902-49FB-8DBF-7298A8332442/Aura%20Health.app/ <MJR-Labs.Aura-Health <placeholder >:1>"
)
2026-07-02 00:07:41.411582+0200 0x127e2    Activity    0x9d4ba              5035   0    SpringBoard: (PosterLegibilityKit) <PLKLegibilityContentDataSource legibilityContentForObject:legibilityDescriptor:>
2026-07-02 00:07:41.411587+0200 0x13003    Default     0x0                  5035   5    SpringBoard: (CoreServices) [com.apple.launchservices:appinstallation] LaunchServices observer: InstallsStarted (
    "<LSApplicationProxy: 0x117aac6c0> MJR-Labs.Aura-Health file:///Users/miguelito/Library/Developer/CoreSimulator/Devices/A0AA6D6A-0B56-46BF-ACF4-378FDCADA106/data/Containers/Bundle/Application/152BB046-A902-49FB-8DBF-7298A8332442/Aura%20Health.app/ <MJR-Labs.Aura-Health <placeholder >:1>"
)
2026-07-02 00:07:41.411907+0200 0x127e2    Activity    0x9d4bb              5035   0    SpringBoard: (PosterLegibilityKit) <PLKLegibilityContentDataSource legibilityContentForObject:legibilityDescriptor:>
2026-07-02 00:07:41.412169+0200 0x12da4    Activity    0x9d4d3              4914   0    runningboardd: (RunningBoard) acquireAssertionWithDescriptor
2026-07-02 00:07:41.412345+0200 0x12da4    Default     0x9d4d3              4914   0    runningboardd: (AppServerSupport) [com.apple.libxpc.OSLaunchdJob:all] <OSLaunchdJob | handle=B912A7D8-2A3E-4F48-A389-EEF931E3AA1E>: copyJobWithHandle: created a job
2026-07-02 00:07:41.412494+0200 0x12da4    Default     0x9d4d3              4914   7    runningboardd: (RunningBoard) [com.apple.runningboard:ttl] Acquiring assertion targeting osservice<com.apple.PosterBoard> from originator [osservice<com.apple.SpringBoard>:5035] with description <RBSAssertionDescriptor| "BSXPCServiceConnectionProxy<PRSClientToServerInterface>" ID:4914-5035-647 target:osservice<com.apple.PosterBoard> attributes:[
	<RBSDomainAttribute| domain:"com.apple.common" name:"BasicAngelIPC" sourceEnvironment:"(null)">,
	<RBSConstraintsAttribute| constraints:7>
	]>
2026-07-02 00:07:41.412623+0200 0x12da4    Default     0x9d4d3              4914   7    runningboardd: (RunningBoard) [com.apple.runningboard:ttl] Assertion 4914-5035-647 (target:osservice<com.apple.PosterBoard>) will be created as active
2026-07-02 00:07:41.412634+0200 0x12da4    Default     0x9d4d3              4914   7    runningboardd: (RunningBoard) [com.apple.runningboard:ttl] setting abstract target for <RBSAssertionDescriptor| "BSXPCServiceConnectionProxy<PRSClientToServerInterface>" ID:4914-5035-647 target:osservice<com.apple.PosterBoard> attributes:[
	<RBSDomainAttribute| domain:"com.apple.common" name:"BasicAngelIPC" sourceEnvironment:"(null)">,
	<RBSConstraintsAttribute| constraints:7>
	]> to [osservice<com.apple.PosterBoard>:5050]
2026-07-02 00:07:41.412707+0200 0x13003    Default     0x0                  5035   0    SpringBoard: (FrontBoardServices) [com.apple.frontboard.ApplicationLibrary:observer] -[FBSApplicationLibrary applicationInstallsDidStart:] MJR-Labs.Aura-Health
2026-07-02 00:07:41.412746+0200 0x12da4    Activity    0x9d4d4              4914   0    runningboardd: (RunningBoard) state update
2026-07-02 00:07:41.413415+0200 0x127e2    Activity    0x9d4bc              5035   0    SpringBoard: (PosterLegibilityKit) <PLKLegibilityContentDataSource legibilityContentForObject:legibilityDescriptor:>
2026-07-02 00:07:41.413466+0200 0x13004    Error       0x9d4ba              5035   0    SpringBoard: (CoreGraphics) [com.apple.coregraphics:Unknown process name] verify_image_parameters: invalid image colorspace: NULL.
2026-07-02 00:07:41.413507+0200 0x127e2    Default     0x9d4bc              5035   14   SpringBoard: (MobileInstallation) [com.apple.appinstallation:TransactionLog] MJR-Labs.Aura-Health/Unknown Persona:10:2:3:1:Reloading icon image.
2026-07-02 00:07:41.413851+0200 0x127e2    Activity    0x9d4bd              5035   0    SpringBoard: (PosterLegibilityKit) <PLKLegibilityContentDataSource legibilityContentForObject:legibilityDescriptor:>
2026-07-02 00:07:41.415953+0200 0x12e70    Activity    0x9d4d5              4914   0    runningboardd: (RunningBoard) state update
2026-07-02 00:07:41.416066+0200 0x12e70    Activity    0x9d4d6              4914   0    runningboardd: (RunningBoard) state notification
2026-07-02 00:07:41.417306+0200 0x127e2    Activity    0x9d4be              5035   0    SpringBoard: (PosterLegibilityKit) <PLKLegibilityContentDataSource legibilityContentForObject:legibilityDescriptor:>
2026-07-02 00:07:41.419645+0200 0x13004    Error       0x9d4ba              5035   0    SpringBoard: (CoreGraphics) [com.apple.coregraphics:Unknown process name] verify_image_parameters: invalid image colorspace: NULL.
2026-07-02 00:07:41.419742+0200 0x127e2    Default     0x9ae0d              5035   0    SpringBoard: (PosterLegibilityKit) [com.apple.PosterLegibilityKit:Rendering] PLK view alignment offset: insets={1.886736, 8.3164200000000008, 3.10548, 7.4880119999999994}, offset=(0.41, -0.61)
2026-07-02 00:07:41.419784+0200 0x13004    Error       0x9d4ba              5035   0    SpringBoard: (CoreGraphics) [com.apple.coregraphics:Unknown process name] verify_image_parameters: invalid image colorspace: NULL.
2026-07-02 00:07:41.429627+0200 0x12da4    Activity    0x9d4d7              4914   0    runningboardd: (RunningBoard) invalidateAssertionWithIdentifier
2026-07-02 00:07:41.429640+0200 0x13004    Default     0x0                  5035   0    SpringBoard: (SpringBoard) [com.apple.SpringBoard:Wallpaper] [SBPosterBoardUpdateManager executeUpdate] PosterBoardUpdate completed. Background Task: [(null):(null)]
2026-07-02 00:07:41.429643+0200 0x12da4    Default     0x9d4d7              4914   7    runningboardd: (RunningBoard) [com.apple.runningboard:ttl] Invalidating assertion 4914-5050-645 (target:[osservice<com.apple.PosterBoard>:5050]) from originator [osservice<com.apple.PosterBoard>:5050]
2026-07-02 00:07:41.429673+0200 0x12da4    Activity    0x9d4d8              4914   0    runningboardd: (RunningBoard) invalidateAssertionWithIdentifier
2026-07-02 00:07:41.429679+0200 0x12da4    Default     0x9d4d8              4914   7    runningboardd: (RunningBoard) [com.apple.runningboard:ttl] Invalidating assertion 4914-5035-644 (target:osservice<com.apple.PosterBoard>) from originator [osservice<com.apple.SpringBoard>:5035]
2026-07-02 00:07:41.430026+0200 0x12da4    Activity    0x9d4d9              4914   0    runningboardd: (RunningBoard) acquireAssertionWithDescriptor
2026-07-02 00:07:41.430079+0200 0x12da4    Default     0x9d4d9              4914   7    runningboardd: (RunningBoard) [com.apple.runningboard:ttl] Acquiring assertion targeting [osservice<com.apple.PosterBoard>:5050] from originator [osservice<com.apple.PosterBoard>:5050] with description <RBSAssertionDescriptor| "notifyPosterBoardOfApplicationUpdatesWithCompletion" ID:4914-5050-648 target:5050 attributes:[
	<RBSDomainAttribute| domain:"com.apple.posterkit.provider" name:"PosterUpdate" sourceEnvironment:"(null)">
	]>
2026-07-02 00:07:41.430120+0200 0x12da4    Default     0x9d4d9              4914   7    runningboardd: (RunningBoard) [com.apple.runningboard:ttl] Assertion 4914-5050-648 (target:[osservice<com.apple.PosterBoard>:5050]) will be created as active
2026-07-02 00:07:41.430170+0200 0x12e70    Activity    0x9d4da              4914   0    runningboardd: (RunningBoard) state update
2026-07-02 00:07:41.436417+0200 0x127e2    Default     0x9ae0d              5035   0    SpringBoard: (PosterLegibilityKit) [com.apple.PosterLegibilityKit:Rendering] PLK view alignment offset: insets={1.886736, 8.3164200000000008, 3.10548, 7.4880119999999994}, offset=(0.41, -0.61)
2026-07-02 00:07:41.437508+0200 0x127e2    Activity    0x9d4bf              5035   0    SpringBoard: (PosterLegibilityKit) <PLKLegibilityContentDataSource legibilityContentForObject:legibilityDescriptor:>
2026-07-02 00:07:41.451663+0200 0x12da4    Activity    0x9d4db              4914   0    runningboardd: (RunningBoard) invalidateAssertionWithIdentifier
2026-07-02 00:07:41.451693+0200 0x12da4    Default     0x9d4db              4914   7    runningboardd: (RunningBoard) [com.apple.runningboard:ttl] Invalidating assertion 4914-5072-642 (target:system) from originator [osservice<com.apple.installcoordinationd>:5072]
2026-07-02 00:07:41.451764+0200 0x12da4    Activity    0x9d4dc              4914   0    runningboardd: (RunningBoard) state update
2026-07-02 00:07:41.451954+0200 0x12f95    Activity    0x9d500              5035   0    SpringBoard: (RunningBoardServices) observedPreventLaunchPredicatesUpdate
2026-07-02 00:07:41.451961+0200 0x12da4    Activity    0x9d4dd              4914   0    runningboardd: (RunningBoard) state notification
2026-07-02 00:07:41.452007+0200 0x127e2    Default     0x9d500              5035   0    SpringBoard: (SpringBoard) [com.apple.SpringBoard:Common] termination assertion released for MJR-Labs.Aura-Health (app not found)
2026-07-02 00:07:41.454027+0200 0x12da4    Activity    0x9d4de              4914   0    runningboardd: (RunningBoard) invalidateAssertionWithIdentifier
2026-07-02 00:07:41.454039+0200 0x12da4    Default     0x9d4de              4914   7    runningboardd: (RunningBoard) [com.apple.runningboard:ttl] Invalidating assertion 4914-5050-648 (target:[osservice<com.apple.PosterBoard>:5050]) from originator [osservice<com.apple.PosterBoard>:5050]
2026-07-02 00:07:41.454043+0200 0x12f95    Default     0x0                  5035   0    SpringBoard: (SpringBoard) [com.apple.SpringBoard:Wallpaper] [SBPosterBoardUpdateManager executeUpdate] PosterBoardUpdate completed. Background Task: [(null):(null)]
2026-07-02 00:07:41.454068+0200 0x12da4    Activity    0x9d4df              4914   0    runningboardd: (RunningBoard) invalidateAssertionWithIdentifier
2026-07-02 00:07:41.454075+0200 0x12da4    Default     0x9d4df              4914   7    runningboardd: (RunningBoard) [com.apple.runningboard:ttl] Invalidating assertion 4914-5035-647 (target:osservice<com.apple.PosterBoard>) from originator [osservice<com.apple.SpringBoard>:5035]
2026-07-02 00:07:41.461462+0200 0x12f95    Default     0x0                  5035   5    SpringBoard: (CoreServices) [com.apple.launchservices:db] NotifyToken::RegisterDispatch(com.apple.LaunchServices.database) fired for session key LSSessionKey(system: 0 uid: 501)
2026-07-02 00:07:41.461633+0200 0x12e70    Default     0x0                  4914   5    runningboardd: (CoreServices) [com.apple.launchservices:db] NotifyToken::RegisterDispatch(com.apple.LaunchServices.database) fired for session key LSSessionKey(system: 0 uid: 501)
2026-07-02 00:07:41.461922+0200 0x12f95    Default     0x0                  5035   5    SpringBoard: (CoreServices) [com.apple.launchservices:appinstallation] LaunchServices observer: NetworkUsageChanged using network: NO
2026-07-02 00:07:41.462015+0200 0x127e2    Default     0x0                  5035   0    SpringBoard: (SpringBoard) [com.apple.SpringBoard:StatusBarish] activity is unchanged, still disabled
2026-07-02 00:07:41.462857+0200 0x127e2    Activity    0x9d501              5035   0    SpringBoard: (PosterLegibilityKit) <PLKLegibilityContentDataSource legibilityContentForObject:legibilityDescriptor:>
2026-07-02 00:07:41.463360+0200 0x127e2    Activity    0x9d502              5035   0    SpringBoard: (PosterLegibilityKit) <PLKLegibilityContentDataSource legibilityContentForObject:legibilityDescriptor:>
2026-07-02 00:07:41.463443+0200 0x127e2    Default     0x9ae0d              5035   2    SpringBoard: (CoreServices) [com.apple.launchservices:progress] Unpublishing progress block called for app MJR-Labs.Aura-Health
2026-07-02 00:07:41.463464+0200 0x12e8b    Default     0x9ae0d              5035   2    SpringBoard: (CoreServices) [com.apple.launchservices:progress] #LSInstallProgressList remove subscriber: <_NSProgressSubscriber: 0x1178093e0> publishingString: MJR-Labs.Aura-Health
2026-07-02 00:07:41.466435+0200 0x12e70    Default     0x0                  4914   5    runningboardd: (CoreServices) [com.apple.launchservices:appinstallation] Received applicationsDidInstall:(
    "<LSApplicationProxy: 0x101da4000> MJR-Labs.Aura-Health file:///Users/miguelito/Library/Developer/CoreSimulator/Devices/A0AA6D6A-0B56-46BF-ACF4-378FDCADA106/data/Containers/Bundle/Application/E005807A-823B-44EE-AAB2-BA09F6C087B3/Aura%20Health.app/ <MJR-Labs.Aura-Health <installed >:0>"
)
2026-07-02 00:07:41.466435+0200 0x12e8b    Default     0x0                  5035   5    SpringBoard: (CoreServices) [com.apple.launchservices:appinstallation] Received applicationsDidInstall:(
    "<LSApplicationProxy: 0x10cc78900> MJR-Labs.Aura-Health file:///Users/miguelito/Library/Developer/CoreSimulator/Devices/A0AA6D6A-0B56-46BF-ACF4-378FDCADA106/data/Containers/Bundle/Application/E005807A-823B-44EE-AAB2-BA09F6C087B3/Aura%20Health.app/ <MJR-Labs.Aura-Health <installed >:0>"
)
2026-07-02 00:07:41.468460+0200 0x12da4    Activity    0x9d520              4914   0    runningboardd: (RunningBoard) acquireAssertionWithDescriptor
2026-07-02 00:07:41.468664+0200 0x12da4    Default     0x9d520              4914   0    runningboardd: (AppServerSupport) [com.apple.libxpc.OSLaunchdJob:all] <OSLaunchdJob | handle=B912A7D8-2A3E-4F48-A389-EEF931E3AA1E>: copyJobWithHandle: created a job
2026-07-02 00:07:41.469076+0200 0x12da4    Default     0x9d520              4914   7    runningboardd: (RunningBoard) [com.apple.runningboard:ttl] Acquiring assertion targeting osservice<com.apple.PosterBoard> from originator [osservice<com.apple.SpringBoard>:5035] with description <RBSAssertionDescriptor| "BSXPCServiceConnectionProxy<PRSClientToServerInterface>" ID:4914-5035-649 target:osservice<com.apple.PosterBoard> attributes:[
	<RBSDomainAttribute| domain:"com.apple.common" name:"BasicAngelIPC" sourceEnvironment:"(null)">,
	<RBSConstraintsAttribute| constraints:7>
	]>
2026-07-02 00:07:41.469292+0200 0x12da4    Default     0x9d520              4914   7    runningboardd: (RunningBoard) [com.apple.runningboard:ttl] Assertion 4914-5035-649 (target:osservice<com.apple.PosterBoard>) will be created as active
2026-07-02 00:07:41.470732+0200 0x12e70    Default     0x0                  4914   14   runningboardd: (MobileInstallation) [com.apple.appinstallation:TransactionLog] MJR-Labs.Aura-Health/Unknown Persona:5:8:3:1:applicationsDidInstall <LSApplicationProxy: 0x101da40c0> MJR-Labs.Aura-Health file:///Users/miguelito/Library/Developer/CoreSimulator/Devices/A0AA6D6A-0B56-46BF-ACF4-378FDCADA106/data/Containers/Bundle/Application/E005807A-823B-44EE-AAB2-BA09F6C087B3/Aura%20Health.app/ <MJR-Labs.Aura-Health <installed >:0>
2026-07-02 00:07:41.470888+0200 0x12da4    Default     0x9d520              4914   7    runningboardd: (RunningBoard) [com.apple.runningboard:ttl] setting abstract target for <RBSAssertionDescriptor| "BSXPCServiceConnectionProxy<PRSClientToServerInterface>" ID:4914-5035-649 target:osservice<com.apple.PosterBoard> attributes:[
	<RBSDomainAttribute| domain:"com.apple.common" name:"BasicAngelIPC" sourceEnvironment:"(null)">,
	<RBSConstraintsAttribute| constraints:7>
	]> to [osservice<com.apple.PosterBoard>:5050]
2026-07-02 00:07:41.471081+0200 0x12e8b    Default     0x0                  5035   14   SpringBoard: (MobileInstallation) [com.apple.appinstallation:TransactionLog] MJR-Labs.Aura-Health/Unknown Persona:5:8:3:1:applicationsDidInstall <LSApplicationProxy: 0x106ea6280> MJR-Labs.Aura-Health file:///Users/miguelito/Library/Developer/CoreSimulator/Devices/A0AA6D6A-0B56-46BF-ACF4-378FDCADA106/data/Containers/Bundle/Application/E005807A-823B-44EE-AAB2-BA09F6C087B3/Aura%20Health.app/ <MJR-Labs.Aura-Health <installed >:0>
2026-07-02 00:07:41.471164+0200 0x12e8b    Default     0x0                  5035   0    SpringBoard: (FrontBoardServices) [com.apple.frontboard.ApplicationLibrary:observer] -[FBSApplicationLibrary applicationsDidInstall:] MJR-Labs.Aura-Health
2026-07-02 00:07:41.471216+0200 0x12e8b    Default     0x0                  5035   0    SpringBoard: (FrontBoardServices) [com.apple.frontboard.ApplicationLibrary:default] Removed placeholder: <SBApplicationPlaceholderProxy: 0x12012e500; MJR-Labs.Aura-Health (Aura Health); LSInstallType: StoreDownload>
2026-07-02 00:07:41.471414+0200 0x127e2    Default     0x9ae0d              5035   0    SpringBoard: (PosterLegibilityKit) [com.apple.PosterLegibilityKit:Rendering] PLK view alignment offset: insets={1.886736, 8.3164200000000008, 3.10548, 7.4880119999999994}, offset=(0.41, -0.61)
2026-07-02 00:07:41.471611+0200 0x12da5    Activity    0x9d521              4914   0    runningboardd: (RunningBoard) state update
2026-07-02 00:07:41.472097+0200 0x12e8b    Default     0x0                  5035   0    SpringBoard: (FrontBoardServices) [com.apple.frontboard.ApplicationLibrary:default] Added application: <SBApplicationInfo: 0x120148f00; MJR-Labs.Aura-Health (Aura Health)>
2026-07-02 00:07:41.472138+0200 0x13026    Activity    0x9d503              5035   0    SpringBoard: (RunningBoardServices) observedProcessStatesDidChange
2026-07-02 00:07:41.472189+0200 0x13026    Default     0x9d503              5035   0    SpringBoard: (RunningBoardServices) [com.apple.runningboard:monitor] Received state update for 5050 (osservice<com.apple.PosterBoard>, running-active-NotVisible
2026-07-02 00:07:41.472606+0200 0x12e70    Activity    0x9d522              4914   0    runningboardd: (RunningBoard) state update
2026-07-02 00:07:41.473190+0200 0x127e2    Default     0x0                  5035   0    SpringBoard: (SpringBoard) [com.apple.frontboard.ApplicationLibrary:sb.placeholder] App placeholder proxies installed: (
    "<SBApplicationPlaceholderProxy: 0x12012e500; MJR-Labs.Aura-Health (Aura Health); LSInstallType: StoreDownload>"
)
2026-07-02 00:07:41.473203+0200 0x12e8b    Default     0x0                  5035   0    SpringBoard: (SpringBoard) [com.apple.SplashBoard:FileManifest] Applications were added. Updating launch images for: (
    "MJR-Labs.Aura-Health"
)
2026-07-02 00:07:41.473372+0200 0x127e2    Default     0x0                  5035   14   SpringBoard: (MobileInstallation) [com.apple.appinstallation:TransactionLog] MJR-Labs.Aura-Health/Unknown Persona:10:4:1:1:Placeholder remove BEGIN
2026-07-02 00:07:41.473464+0200 0x12e70    Activity    0x9d523              4914   0    runningboardd: (RunningBoard) state notification
2026-07-02 00:07:41.473586+0200 0x127e2    Default     0x0                  5035   14   SpringBoard: (MobileInstallation) [com.apple.appinstallation:TransactionLog] MJR-Labs.Aura-Health/Unknown Persona:10:10:3:1:Application added
2026-07-02 00:07:41.474693+0200 0x12e8b    Activity    0x9d504              5035   0    SpringBoard: (SpringBoard) XBCapture
2026-07-02 00:07:41.475493+0200 0x127e2    Default     0x0                  5035   0    SpringBoard: (SpringBoard) [com.apple.SpringBoard:Common] Installed apps did change.
Added: {(
    "MJR-Labs.Aura-Health"
)}
Removed: {(
)}
Replaced: {(
)}
Updated: (null)
2026-07-02 00:07:41.475659+0200 0x127e2    Default     0x0                  5035   0    SpringBoard: (SpringBoardHome) [com.apple.SpringBoard:Widgets] handleRemovedDataSource:<SBApplicationPlaceholder: 0x11aead680; bundleIdentifier: MJR-Labs.Aura-Health; displayName: Aura Health; progress: 100%; state: Finished> ofIcon:<SBApplicationIcon: 0x120246040; nodeID: MJR-Labs.Aura-Health; bundleID: MJR-Labs.Aura-Health>
2026-07-02 00:07:41.475719+0200 0x127e2    Default     0x0                  5035   0    SpringBoard: (SpringBoardHome) [com.apple.SpringBoard:Icon] <<SBLeafIcon:0x120246040 [MJR-Labs.Aura-Health]>> Changing active data source: <SBApplicationIcon: 0x120246040; nodeID: MJR-Labs.Aura-Health; bundleID: MJR-Labs.Aura-Health>
2026-07-02 00:07:41.475799+0200 0x127e2    Default     0x0                  5035   0    SpringBoard: (SpringBoardHome) [com.apple.SpringBoard:Icon] <<SBLeafIcon:0x120246040 [MJR-Labs.Aura-Health]>> Changing from data souce: MJR-Labs.Aura-Health to data source:MJR-Labs.Aura-Health.
2026-07-02 00:07:41.475978+0200 0x127e2    Activity    0x9d505              5035   0    SpringBoard: (PosterLegibilityKit) <PLKLegibilityContentDataSource legibilityContentForObject:legibilityDescriptor:>
2026-07-02 00:07:41.476396+0200 0x127e2    Activity    0x9d506              5035   0    SpringBoard: (PosterLegibilityKit) <PLKLegibilityContentDataSource legibilityContentForObject:legibilityDescriptor:>
2026-07-02 00:07:41.476673+0200 0x127e2    Default     0x0                  5035   0    SpringBoard: (SpringBoard) [com.apple.frontboard.ApplicationLibrary:sb.placeholder] Placeholders added: (null), modified: (null), removed: (
    "<SBApplicationPlaceholder: 0x11aead680; bundleIdentifier: MJR-Labs.Aura-Health; displayName: Aura Health; progress: 100%; state: Finished>"
)
2026-07-02 00:07:41.476798+0200 0x12e8b    Default     0x9d504              5035   0    SpringBoard: (SplashBoard) [com.apple.SplashBoard:FileManifest] MJR-Labs.Aura-Health Manifest is empty; purging everything at /Users/miguelito/Library/Developer/CoreSimulator/Devices/A0AA6D6A-0B56-46BF-ACF4-378FDCADA106/data/Containers/Data/Application/20E05A3C-5908-4011-8D30-8BED051E08FE/Library/SplashBoard/Snapshots
2026-07-02 00:07:41.477474+0200 0x12e8b    Activity    0x9d507              5035   0    SpringBoard: (SplashBoard) XBCapture
2026-07-02 00:07:41.477718+0200 0x12e70    Activity    0x9d524              4914   0    runningboardd: (RunningBoard) acquireAssertionWithDescriptor
2026-07-02 00:07:41.477928+0200 0x12e70    Default     0x9d524              4914   0    runningboardd: (AppServerSupport) [com.apple.libxpc.OSLaunchdJob:all] <OSLaunchdJob | handle=B912A7D8-2A3E-4F48-A389-EEF931E3AA1E>: copyJobWithHandle: created a job
2026-07-02 00:07:41.478087+0200 0x12e70    Default     0x9d524              4914   7    runningboardd: (RunningBoard) [com.apple.runningboard:ttl] Acquiring assertion targeting osservice<com.apple.PosterBoard> from originator [osservice<com.apple.iconservices.iconservicesagent>:5057] with description <RBSAssertionDescriptor| "BSXPCServiceConnectionProxy<PRSClientToServerInterface>" ID:4914-5057-650 target:osservice<com.apple.PosterBoard> attributes:[
	<RBSDomainAttribute| domain:"com.apple.common" name:"BasicAngelIPC" sourceEnvironment:"(null)">,
	<RBSConstraintsAttribute| constraints:7>
	]>
2026-07-02 00:07:41.478140+0200 0x12e70    Default     0x9d524              4914   7    runningboardd: (RunningBoard) [com.apple.runningboard:ttl] Assertion 4914-5057-650 (target:osservice<com.apple.PosterBoard>) will be created as active
2026-07-02 00:07:41.478148+0200 0x13003    Default     0x0                  5035   2    SpringBoard: (UserNotificationsServer) [com.apple.UserNotifications:DataProviderFactory] [MJR-Labs.Aura-Health] Application installed using default data provider
2026-07-02 00:07:41.478153+0200 0x12e70    Default     0x9d524              4914   7    runningboardd: (RunningBoard) [com.apple.runningboard:ttl] setting abstract target for <RBSAssertionDescriptor| "BSXPCServiceConnectionProxy<PRSClientToServerInterface>" ID:4914-5057-650 target:osservice<com.apple.PosterBoard> attributes:[
	<RBSDomainAttribute| domain:"com.apple.common" name:"BasicAngelIPC" sourceEnvironment:"(null)">,
	<RBSConstraintsAttribute| constraints:7>
	]> to [osservice<com.apple.PosterBoard>:5050]
2026-07-02 00:07:41.478198+0200 0x13003    Default     0x0                  5035   2    SpringBoard: (UserNotificationsServer) [com.apple.UserNotifications:DataProviderFactory] Getting all section infos possible default data providers
2026-07-02 00:07:41.478229+0200 0x13003    Default     0x0                  5035   2    SpringBoard: (UserNotificationsServer) [com.apple.UserNotifications:Settings] Getting sectionInfos for section identifiers: {(
    "MJR-Labs.Aura-Health"
)}
2026-07-02 00:07:41.478240+0200 0x12e68    Activity    0x9d525              4914   0    runningboardd: (RunningBoard) state update
2026-07-02 00:07:41.478557+0200 0x13003    Default     0x0                  5035   2    SpringBoard: (UserNotificationsServer) [com.apple.UserNotifications:Settings] [{(
    "MJR-Labs.Aura-Health"
)}] Got section infos [ hasResult: 1 ]
2026-07-02 00:07:41.478776+0200 0x12ffe    Default     0x0                  5035   2    SpringBoard: (UserNotificationsServer) [com.apple.UserNotifications:DataProviderFactory] Got 0 section infos for default data providers with visible settings
2026-07-02 00:07:41.478864+0200 0x12e68    Activity    0x9d526              4914   0    runningboardd: (RunningBoard) invalidateAssertionWithIdentifier
2026-07-02 00:07:41.478877+0200 0x12e68    Default     0x9d526              4914   7    runningboardd: (RunningBoard) [com.apple.runningboard:ttl] Invalidating assertion 4914-5057-650 (target:osservice<com.apple.PosterBoard>) from originator [osservice<com.apple.iconservices.iconservicesagent>:5057]
2026-07-02 00:07:41.478908+0200 0x12e68    Activity    0x9d527              4914   0    runningboardd: (RunningBoard) acquireAssertionWithDescriptor
2026-07-02 00:07:41.478946+0200 0x12e68    Default     0x9d527              4914   7    runningboardd: (RunningBoard) [com.apple.runningboard:ttl] Acquiring assertion targeting [osservice<com.apple.PosterBoard>:5050] from originator [osservice<com.apple.PosterBoard>:5050] with description <RBSAssertionDescriptor| "notifyPosterBoardOfApplicationUpdatesWithCompletion" ID:4914-5050-651 target:5050 attributes:[
	<RBSDomainAttribute| domain:"com.apple.posterkit.provider" name:"PosterUpdate" sourceEnvironment:"(null)">
	]>
2026-07-02 00:07:41.478981+0200 0x12e68    Default     0x9d527              4914   7    runningboardd: (RunningBoard) [com.apple.runningboard:ttl] Assertion 4914-5050-651 (target:[osservice<com.apple.PosterBoard>:5050]) will be created as active
2026-07-02 00:07:41.479085+0200 0x12da4    Activity    0x9d528              4914   0    runningboardd: (RunningBoard) state update
2026-07-02 00:07:41.479257+0200 0x12e8b    Default     0x9d504              5035   0    SpringBoard: (SplashBoard) [com.apple.SplashBoard:Capture] Processing launch request <XBLaunchStateRequest: 0x1203c03f0> for app: MJR-Labs.Aura-Health.
2026-07-02 00:07:41.479292+0200 0x13026    Default     0x0                  5035   0    SpringBoard: (Search) Apps Source fired data:2
2026-07-02 00:07:41.479354+0200 0x12e8b    Default     0x9d504              5035   0    SpringBoard: (SplashBoard) [com.apple.SplashBoard:Capture] Processing launch request <XBLaunchStateRequest: 0x1203c0930> for app: MJR-Labs.Aura-Health.
2026-07-02 00:07:41.479422+0200 0x12ffe    Default     0x9d504              5035   0    SpringBoard: (SplashBoard) [com.apple.SplashBoard:Capture] Asynchronously generating image data for request: <XBLaunchStateRequest: 0x1203c03f0; groupID: MJR-Labs.Aura-Health - {DEFAULT GROUP}; statusBar: normal; refSize: {440, 956}; orientation: Portrait; userInterfaceStyle: Light>
2026-07-02 00:07:41.480049+0200 0x13026    Default     0x0                  5035   0    SpringBoard: (Search) Updated visible apps: 27 (1)
2026-07-02 00:07:41.480308+0200 0x12e8b    Default     0x9d504              5035   0    SpringBoard: (SplashBoard) [com.apple.SplashBoard:Capture] Processing launch request <XBLaunchStateRequest: 0x1203c09a0> for app: MJR-Labs.Aura-Health.
2026-07-02 00:07:41.480395+0200 0x12e8b    Default     0x9d504              5035   0    SpringBoard: (SplashBoard) [com.apple.SplashBoard:Capture] Processing launch request <XBLaunchStateRequest: 0x1203c0a10> for app: MJR-Labs.Aura-Health.
2026-07-02 00:07:41.480847+0200 0x13003    Default     0x9d504              5035   0    SpringBoard: (libxpc.dylib) [com.apple.xpc:connection] [0x11ae6a580] activating connection: mach=true listener=false peer=false name=com.apple.splashboard.launchimage
2026-07-02 00:07:41.481122+0200 0x12ffe    Default     0x9d504              5035   0    SpringBoard: (SplashBoard) [com.apple.SplashBoard:Capture] Nothing to validate
2026-07-02 00:07:41.481147+0200 0x12ffe    Default     0x9d504              5035   0    SpringBoard: (SplashBoard) [com.apple.SplashBoard:Capture] Validated OK
2026-07-02 00:07:41.496454+0200 0x12da4    Activity    0x9d529              4914   0    runningboardd: (RunningBoard) invalidateAssertionWithIdentifier
2026-07-02 00:07:41.496459+0200 0x1301d    Default     0x0                  5035   0    SpringBoard: (SpringBoard) [com.apple.SpringBoard:Wallpaper] [SBPosterBoardUpdateManager executeUpdate] PosterBoardUpdate completed. Background Task: [(null):(null)]
2026-07-02 00:07:41.496471+0200 0x12da4    Default     0x9d529              4914   7    runningboardd: (RunningBoard) [com.apple.runningboard:ttl] Invalidating assertion 4914-5050-651 (target:[osservice<com.apple.PosterBoard>:5050]) from originator [osservice<com.apple.PosterBoard>:5050]
2026-07-02 00:07:41.496501+0200 0x12da4    Activity    0x9d52a              4914   0    runningboardd: (RunningBoard) invalidateAssertionWithIdentifier
2026-07-02 00:07:41.496508+0200 0x12da4    Default     0x9d52a              4914   7    runningboardd: (RunningBoard) [com.apple.runningboard:ttl] Invalidating assertion 4914-5035-649 (target:osservice<com.apple.PosterBoard>) from originator [osservice<com.apple.SpringBoard>:5035]
2026-07-02 00:07:41.505074+0200 0x13026    Default     0x0                  5035   0    SpringBoard: (Search) Finished getting 20 applications, took 0.025555 seconds updateApps ? YES
2026-07-02 00:07:41.506120+0200 0x13026    Default     0x0                  5035   0    SpringBoard: (SpotlightUI) Send apps:20 hidden:0
2026-07-02 00:07:41.521098+0200 0x12e71    Default     0x9d49e              4914   0    runningboardd: (RunningBoard) [com.apple.runningboard:assertion] Removed last relative-start-date-defining assertion for process osservice<com.apple.PosterBoard>
2026-07-02 00:07:41.521117+0200 0x12e71    Activity    0x9d52b              4914   0    runningboardd: (RunningBoard) state update
2026-07-02 00:07:41.521393+0200 0x12e71    Activity    0x9d52c              4914   0    runningboardd: (RunningBoard) state notification
2026-07-02 00:07:41.523481+0200 0x12e67    Default     0x9d52c              4914   7    runningboardd: (RunningBoard) [com.apple.runningboard:ttl] [osservice<com.apple.PosterBoard>:5050] Suspending task.
2026-07-02 00:07:41.523497+0200 0x12e71    Default     0x9d52c              4914   0    runningboardd: (RunningBoard) [com.apple.runningboard:monitor] Calculated state for osservice<com.apple.PosterBoard>: running-suspended (role: None) (endowments: (null))
2026-07-02 00:07:41.523710+0200 0x13026    Activity    0x9d508              5035   0    SpringBoard: (RunningBoardServices) observedProcessStatesDidChange
2026-07-02 00:07:41.523753+0200 0x13026    Default     0x9d508              5035   0    SpringBoard: (RunningBoardServices) [com.apple.runningboard:monitor] Received state update for 5050 (osservice<com.apple.PosterBoard>, running-suspended-NotVisible
2026-07-02 00:07:41.523843+0200 0x12e71    Activity    0x9d52d              4914   0    runningboardd: (RunningBoard) statesForPredicate
2026-07-02 00:07:41.524057+0200 0x13004    Default     0x9d508              5035   0    SpringBoard: (FrontBoard) [com.apple.FrontBoard:Process] [osservice<com.apple.PosterBoard>:5050] Setting process task state to: Suspended
2026-07-02 00:07:41.524116+0200 0x127e2    Default     0x9d508              5035   0    SpringBoard: (SpringBoard) [com.apple.SpringBoard:Common] Application process state changed for com.apple.PosterBoard: <SBApplicationProcessState: 0x10cc2aa40; pid: 5050; taskState: Suspended; visibility: Unknown>
2026-07-02 00:07:41.526235+0200 0x12e67    Error       0x9d52c              4914   0    runningboardd: (RunningBoard) [com.apple.runningboard:process] [osservice<com.apple.PosterBoard>:5050] pid_suspend() failed with error 1: Operation not permitted
2026-07-02 00:07:41.526259+0200 0x12e67    Default     0x9d52c              4914   7    runningboardd: (RunningBoard) [com.apple.runningboard:ttl] [osservice<com.apple.PosterBoard>:5050] Set darwin role to: None
2026-07-02 00:07:41.526269+0200 0x12e67    Error       0x9d52c              4914   0    runningboardd: (RunningBoard) [com.apple.runningboard:process] 5050 Error setting Darwin GPU to "Denys" (2): Operation not permitted
2026-07-02 00:07:41.534990+0200 0x12e68    Activity    0x9d52e              4914   0    runningboardd: (RunningBoard) state update
2026-07-02 00:07:41.535023+0200 0x12e68    Activity    0x9d52f              4914   0    runningboardd: (RunningBoard) state notification
2026-07-02 00:07:41.545342+0200 0x13026    Default     0x0                  5035   0    SpringBoard: (DeviceManagement) [com.apple.dmd:Policy] Received policy changed notification for registration dmf.policy.monitor.app
2026-07-02 00:07:41.545342+0200 0x1302a    Default     0x0                  5035   0    SpringBoard: (DeviceManagement) [com.apple.dmd:Policy] Received policy changed notification for registration dmf.policy.monitor.app
2026-07-02 00:07:41.545350+0200 0x13003    Default     0x0                  5035   0    SpringBoard: (DeviceManagement) [com.apple.dmd:Policy] Received policy changed notification for registration dmf.policy.monitor.communication
2026-07-02 00:07:41.545381+0200 0x1302a    Default     0x0                  5035   2    SpringBoard: (CoreServices) [com.apple.launchservices:dmfsupport] getMonitor_block_invoke_2: DMF policies changed.
2026-07-02 00:07:41.545702+0200 0x13026    Default     0x0                  5035   0    SpringBoard: (DeviceManagement) [com.apple.dmd:Policy] Successfully requested policies for 0 bundleIdentifiers
2026-07-02 00:07:41.545778+0200 0x13003    Default     0x0                  5035   0    SpringBoard: (DeviceManagement) [com.apple.dmd:Policy] Successfully requested communication policies for 7 bundleIdentifiers
2026-07-02 00:07:41.545895+0200 0x13003    Default     0x0                  5035   0    SpringBoard: (DeviceManagement) [com.apple.dmd:Policy] Successfully requested policies for 32 bundleIdentifiers
2026-07-02 00:07:41.559488+0200 0x12e68    Activity    0x9d560              4914   0    runningboardd: (RunningBoard) state update
2026-07-02 00:07:41.559529+0200 0x12e68    Activity    0x9d561              4914   0    runningboardd: (RunningBoard) state notification
2026-07-02 00:07:41.601721+0200 0x12e68    Activity    0x9d562              4914   0    runningboardd: (RunningBoard) invalidateAssertionWithIdentifier
2026-07-02 00:07:41.601745+0200 0x12e68    Default     0x9d562              4914   7    runningboardd: (RunningBoard) [com.apple.runningboard:ttl] Invalidating assertion 4914-4955-627 (target:[app<com.apple.chrono.WidgetRenderer-Default((null))>:5062]) from originator [osservice<com.apple.chronod>:4955]
2026-07-02 00:07:41.622578+0200 0x13004    Default     0x0                  5035   0    SpringBoard: (FrontBoard) [com.apple.FrontBoard:Common] [FBSystemService][0xbae8] Received request to open "com.miguelito.Aura-Health" from CoreSimulatorBr:4941.
2026-07-02 00:07:41.706802+0200 0x12e68    Activity    0x9d563              4914   0    runningboardd: (RunningBoard) state update
2026-07-02 00:07:41.706897+0200 0x12e68    Activity    0x9d564              4914   0    runningboardd: (RunningBoard) state notification
2026-07-02 00:07:41.706992+0200 0x12da4    Default     0x9d564              4914   0    runningboardd: (RunningBoard) [com.apple.runningboard:monitor] Calculated state for app<com.apple.chrono.WidgetRenderer-Default((null))>: running-active (role: NonUserInteractive) (endowments: (null))
2026-07-02 00:07:41.707074+0200 0x12e67    Activity    0x9d565              4914   0    runningboardd: (RunningBoard) timer
2026-07-02 00:07:41.707142+0200 0x12e67    Default     0x9d565              4914   0    runningboardd: (RunningBoard) [com.apple.runningboard:process] Assertions for process will expire soon: [app<com.apple.chrono.WidgetRenderer-Default((null))>:5062]
2026-07-02 00:07:41.707191+0200 0x13003    Activity    0x9d509              5035   0    SpringBoard: (RunningBoardServices) observedProcessStatesDidChange
2026-07-02 00:07:41.707248+0200 0x13003    Default     0x9d509              5035   0    SpringBoard: (RunningBoardServices) [com.apple.runningboard:monitor] Received state update for 5062 (app<com.apple.chrono.WidgetRenderer-Default((null))>, running-active-NotVisible
2026-07-02 00:07:41.801098+0200 0x12da4    Activity    0x9d566              4914   0    runningboardd: (RunningBoard) incoming connection
2026-07-02 00:07:41.801125+0200 0x12da4    Default     0x9d566              4914   0    runningboardd: (RunningBoard) [com.apple.runningboard:connection] Incoming connection from 5138, user 501/501
2026-07-02 00:07:41.801352+0200 0x12da4    Default     0x9d566              4914   0    runningboardd: (RunningBoard) [com.apple.runningboard:process] _resolveProcessWithIdentifier pid 5138 euid 501 auid 501
2026-07-02 00:07:41.801371+0200 0x12da4    Default     0x9d566              4914   0    runningboardd: (RunningBoard) [com.apple.runningboard:process] Resolved pid 5138 to [osservice<com.apple.storekitd>:5138]
2026-07-02 00:07:41.801393+0200 0x12da4    Default     0x9d566              4914   7    runningboardd: (RunningBoard) [com.apple.runningboard:ttl] existingInstance is: (null)
2026-07-02 00:07:41.801423+0200 0x12da4    Error       0x9d566              4914   0    runningboardd: (RunningBoard) [com.apple.runningboard:jetsam] memorystatus_control error: MEMORYSTATUS_CMD_CONVERT_MEMLIMIT_MB(-1) returned -1 1 (Operation not permitted)
2026-07-02 00:07:41.801433+0200 0x12da4    Error       0x9d566              4914   0    runningboardd: (RunningBoard) [com.apple.runningboard:jetsam] memorystatus_control error: MEMORYSTATUS_CMD_CONVERT_MEMLIMIT_MB(0) returned -1 1 (Operation not permitted)
2026-07-02 00:07:41.802190+0200 0x12da4    Default     0x9d566              4914   0    runningboardd: (RunningBoardServices) [com.apple.runningboard:general] Full encoding handle [osservice<com.apple.storekitd>:5138], with data 454cd93300001412, and pid 5138
2026-07-02 00:07:41.802308+0200 0x12da4    Default     0x9d566              4914   0    runningboardd: (RunningBoard) [com.apple.runningboard:process] [osservice<com.apple.storekitd>:5138] is not RunningBoard jetsam managed.
2026-07-02 00:07:41.802323+0200 0x12da4    Default     0x9d566              4914   0    runningboardd: (RunningBoard) [com.apple.runningboard:process] [osservice<com.apple.storekitd>:5138] This process will not be managed.
2026-07-02 00:07:41.802333+0200 0x12da4    Default     0x9d566              4914   7    runningboardd: (RunningBoard) [com.apple.runningboard:ttl] Now tracking process: [osservice<com.apple.storekitd>:5138]
2026-07-02 00:07:41.802345+0200 0x12da4    Default     0x9d566              4914   7    runningboardd: (RunningBoard) [com.apple.runningboard:ttl] Existing process in RBProcessIndex is: (null)
2026-07-02 00:07:41.802354+0200 0x12da4    Default     0x9d566              4914   7    runningboardd: (RunningBoard) [com.apple.runningboard:ttl] existingProcess in RBProcessManager is: (null)
2026-07-02 00:07:41.802363+0200 0x12da4    Default     0x9d566              4914   0    runningboardd: (RunningBoard) [com.apple.runningboard:general] Process HWM C 105(105) P 127(127) A 33(174) M 17(18)
2026-07-02 00:07:41.802379+0200 0x12da4    Default     0x9d566              4914   7    runningboardd: (RunningBoard) [com.apple.runningboard:ttl] Existing process in RBProcessIndex is: (null)
2026-07-02 00:07:41.802425+0200 0x12e68    Default     0x9d566              4914   7    runningboardd: (RunningBoard) [com.apple.runningboard:ttl] Existing process in RBProcessIndex is: (null)
2026-07-02 00:07:41.802876+0200 0x13004    Activity    0x9d50a              5035   0    SpringBoard: (RunningBoardServices) observedProcessStatesDidChange
2026-07-02 00:07:41.802918+0200 0x12da4    Default     0x9d566              4914   7    runningboardd: (RunningBoard) [com.apple.runningboard:ttl] Existing process in RBProcessIndex is: (null)
2026-07-02 00:07:41.802988+0200 0x12e68    Activity    0x9d567              4914   0    runningboardd: (RunningBoard) lookupHandleForKey
2026-07-02 00:07:41.803133+0200 0x13004    Default     0x9d50a              5035   0    SpringBoard: (RunningBoardServices) [com.apple.runningboard:process] Hit the server for a process handle 54cd93300001412 that resolved to: [osservice<com.apple.storekitd>:5138]
2026-07-02 00:07:41.803142+0200 0x12da4    Default     0x9d566              4914   0    runningboardd: (AppServerSupport) [com.apple.libxpc.OSLaunchdJob:all] <OSLaunchdJob | handle=ADF8D7E9-3811-4771-BEFD-BC4AA8439ABC>: copyJobWithPid:5138 created a job
2026-07-02 00:07:41.803346+0200 0x13004    Default     0x9d50a              5035   0    SpringBoard: (RunningBoardServices) [com.apple.runningboard:monitor] Received state update for 5138 (osservice<com.apple.storekitd>, running-NotVisible
2026-07-02 00:07:41.803483+0200 0x12e68    Activity    0x9d568              4914   0    runningboardd: (RunningBoard) statesForPredicate
2026-07-02 00:07:41.803648+0200 0x12e71    Default     0x9d566              4914   0    runningboardd: (AppServerSupport) [com.apple.libxpc.OSLaunchdJob:all] <OSLaunchdJob | handle=ADF8D7E9-3811-4771-BEFD-BC4AA8439ABC>: monitor initial info is running, pid=5138
2026-07-02 00:07:41.803779+0200 0x12e71    Default     0x9d566              4914   0    runningboardd: (RunningBoard) [com.apple.runningboard:general] [osservice<com.apple.storekitd>:5138] reported to RB as running
2026-07-02 00:07:41.803890+0200 0x12e71    Default     0x9d566              4914   0    runningboardd: (AppServerSupport) [com.apple.libxpc.OSLaunchdJob:all] <OSLaunchdJob | handle=ADF8D7E9-3811-4771-BEFD-BC4AA8439ABC>: starting monitoring
2026-07-02 00:07:41.804001+0200 0x12da4    Default     0x9d566              4914   0    runningboardd: (RunningBoard) [com.apple.runningboard:general] Client HWM C 106(106) P 127(127) A 33(174) M 17(18)
2026-07-02 00:07:41.804022+0200 0x12da4    Default     0x9d566              4914   0    runningboardd: (libxpc.dylib) [com.apple.xpc:connection] [0x105938600] activating connection: mach=false listener=false peer=true name=com.apple.runningboard.peer[5138].0x105938600
2026-07-02 00:07:41.804094+0200 0x12e71    Activity    0x9d569              4914   0    runningboardd: (RunningBoard) handshakeWithRequest
2026-07-02 00:07:41.804114+0200 0x12e71    Default     0x9d569              4914   0    runningboardd: (RunningBoard) [com.apple.runningboard:connection] Setting client for [osservice<com.apple.storekitd>:5138] as ready
2026-07-02 00:07:41.804295+0200 0x12e71    Default     0x9d569              4914   0    runningboardd: (RunningBoard) [com.apple.runningboard:connection] Received handshake request from 5138 with 0 assertion descriptors
2026-07-02 00:07:41.804327+0200 0x12e71    Default     0x9d569              4914   0    runningboardd: (RunningBoard) [com.apple.runningboard:connection] Handshake successful with 5138; sending response
2026-07-02 00:07:41.813458+0200 0x12da4    Default     0x0                  4914   0    runningboardd: (RunningBoard) [com.apple.runningboard:message] PERF: Received lookupHandleForPredicate request from [osservice<com.apple.SpringBoard>:5035] (euid 501, auid 501) (persona (null))
2026-07-02 00:07:41.813470+0200 0x12da4    Activity    0x9d56a              4914   0    runningboardd: (RunningBoard) lookupHandleForPredicate
2026-07-02 00:07:41.813747+0200 0x12da4    Default     0x9d56a              4914   0    runningboardd: (RunningBoard) [com.apple.runningboard:process] _resolveProcessWithIdentifier pid 5133 euid 501 auid 501
2026-07-02 00:07:41.813761+0200 0x12da4    Default     0x9d56a              4914   0    runningboardd: (RunningBoard) [com.apple.runningboard:process] Resolved pid 5133 to [osservice<com.apple.tvremoted>:5133]
2026-07-02 00:07:41.813783+0200 0x12da4    Error       0x9d56a              4914   0    runningboardd: (RunningBoard) [com.apple.runningboard:jetsam] memorystatus_control error: MEMORYSTATUS_CMD_CONVERT_MEMLIMIT_MB(-1) returned -1 1 (Operation not permitted)
2026-07-02 00:07:41.813792+0200 0x12da4    Error       0x9d56a              4914   0    runningboardd: (RunningBoard) [com.apple.runningboard:jetsam] memorystatus_control error: MEMORYSTATUS_CMD_CONVERT_MEMLIMIT_MB(0) returned -1 1 (Operation not permitted)
2026-07-02 00:07:41.814520+0200 0x12da4    Default     0x9d56a              4914   0    runningboardd: (RunningBoardServices) [com.apple.runningboard:general] Full encoding handle [osservice<com.apple.tvremoted>:5133], with data 53e0778f0000140d, and pid 5133
2026-07-02 00:07:41.814602+0200 0x12da4    Default     0x9d56a              4914   0    runningboardd: (RunningBoard) [com.apple.runningboard:process] [osservice<com.apple.tvremoted>:5133] is not RunningBoard jetsam managed.
2026-07-02 00:07:41.814612+0200 0x12da4    Default     0x9d56a              4914   0    runningboardd: (RunningBoard) [com.apple.runningboard:process] [osservice<com.apple.tvremoted>:5133] This process will not be managed.
2026-07-02 00:07:41.814751+0200 0x13003    Default     0x0                  5035   0    SpringBoard: (FrontBoard) [com.apple.FrontBoard:Process] Asked to bootstrap a new process for handle: [osservice<com.apple.tvremoted>:5133]
2026-07-02 00:07:41.814778+0200 0x13003    Default     0x0                  5035   0    SpringBoard: (FrontBoard) [com.apple.FrontBoard:Process] Creating process (sync=true) for handle: [osservice<com.apple.tvremoted>:5133]
2026-07-02 00:07:41.814821+0200 0x13003    Default     0x0                  5035   0    SpringBoard: (FrontBoard) [com.apple.FrontBoard:ProcessWorkspace] [osservice<com.apple.tvremoted>:5133] Registering event dispatcher at init
2026-07-02 00:07:41.814838+0200 0x13003    Default     0x0                  5035   0    SpringBoard: (FrontBoard) [com.apple.FrontBoard:ProcessWorkspace] Registering Source for 5133 : <FBWorkspaceEventDispatcherSource: 0x11ac80600>
2026-07-02 00:07:41.814867+0200 0x13003    Default     0x0                  5035   0    SpringBoard: (FrontBoard) [com.apple.FrontBoard:ProcessWorkspace] Created <FBWorkspace: 0x11ab9e760; <FBProcess: 0x11f3ab300; osservice<com.apple.tvremoted>:5133(v3964)>>
2026-07-02 00:07:41.814878+0200 0x13003    Default     0x0                  5035   0    SpringBoard: (FrontBoard) [com.apple.FrontBoard:Process] Bootstrapping osservice<com.apple.tvremoted>
2026-07-02 00:07:41.816072+0200 0x12da4    Activity    0x9d56b              4914   0    runningboardd: (RunningBoard) executeLaunchRequest
2026-07-02 00:07:41.816147+0200 0x12da4    Default     0x9d56b              4914   7    runningboardd: (RunningBoard) [com.apple.runningboard:ttl] Executing launch request for osservice<com.apple.tvremoted> (FBProcess) from requestor: [osservice<com.apple.SpringBoard>:5035]
2026-07-02 00:07:41.816431+0200 0x12da4    Default     0x0                  4914   0    runningboardd: (RunningBoard) [com.apple.runningboard:message] PERF: Received lookupHandleForPredicate request from [osservice<com.apple.SpringBoard>:5035] (euid 501, auid 501) (persona (null))
2026-07-02 00:07:41.816440+0200 0x12da4    Activity    0x9d56c              4914   0    runningboardd: (RunningBoard) lookupHandleForPredicate
2026-07-02 00:07:41.816561+0200 0x12da4    Default     0x9d56c              4914   0    runningboardd: (RunningBoard) [com.apple.runningboard:process] _resolveProcessWithIdentifier pid 5133 euid 501 auid 501
2026-07-02 00:07:41.816574+0200 0x12da4    Default     0x9d56c              4914   0    runningboardd: (RunningBoard) [com.apple.runningboard:process] Resolved pid 5133 to [osservice<com.apple.tvremoted>:5133]
2026-07-02 00:07:41.816591+0200 0x12da4    Error       0x9d56c              4914   0    runningboardd: (RunningBoard) [com.apple.runningboard:jetsam] memorystatus_control error: MEMORYSTATUS_CMD_CONVERT_MEMLIMIT_MB(-1) returned -1 1 (Operation not permitted)
2026-07-02 00:07:41.816601+0200 0x12da4    Error       0x9d56c              4914   0    runningboardd: (RunningBoard) [com.apple.runningboard:jetsam] memorystatus_control error: MEMORYSTATUS_CMD_CONVERT_MEMLIMIT_MB(0) returned -1 1 (Operation not permitted)
2026-07-02 00:07:41.817353+0200 0x12da4    Default     0x9d56c              4914   0    runningboardd: (RunningBoardServices) [com.apple.runningboard:general] Full encoding handle [osservice<com.apple.tvremoted>:5133], with data 46f45e5e0000140d, and pid 5133
2026-07-02 00:07:41.817416+0200 0x12da4    Default     0x9d56c              4914   0    runningboardd: (RunningBoard) [com.apple.runningboard:process] [osservice<com.apple.tvremoted>:5133] is not RunningBoard jetsam managed.
2026-07-02 00:07:41.817426+0200 0x12da4    Default     0x9d56c              4914   0    runningboardd: (RunningBoard) [com.apple.runningboard:process] [osservice<com.apple.tvremoted>:5133] This process will not be managed.
2026-07-02 00:07:41.817777+0200 0x13003    Default     0x0                  5035   0    SpringBoard: (FrontBoard) [com.apple.FrontBoard:Process] [osservice<com.apple.tvremoted>:5133] Bootstrap success!
2026-07-02 00:07:41.817857+0200 0x12da4    Activity    0x9d56d              4914   0    runningboardd: (RunningBoard) statesForPredicate
2026-07-02 00:07:41.818024+0200 0x12da4    Default     0x9d56d              4914   0    runningboardd: (RunningBoard) [com.apple.runningboard:process] _resolveProcessWithIdentifier pid 5133 euid 501 auid 501
2026-07-02 00:07:41.818037+0200 0x12da4    Default     0x9d56d              4914   0    runningboardd: (RunningBoard) [com.apple.runningboard:process] Resolved pid 5133 to [osservice<com.apple.tvremoted>:5133]
2026-07-02 00:07:41.818054+0200 0x12da4    Error       0x9d56d              4914   0    runningboardd: (RunningBoard) [com.apple.runningboard:jetsam] memorystatus_control error: MEMORYSTATUS_CMD_CONVERT_MEMLIMIT_MB(-1) returned -1 1 (Operation not permitted)
2026-07-02 00:07:41.818062+0200 0x12da4    Error       0x9d56d              4914   0    runningboardd: (RunningBoard) [com.apple.runningboard:jetsam] memorystatus_control error: MEMORYSTATUS_CMD_CONVERT_MEMLIMIT_MB(0) returned -1 1 (Operation not permitted)
2026-07-02 00:07:41.818696+0200 0x12da4    Default     0x9d56d              4914   0    runningboardd: (RunningBoardServices) [com.apple.runningboard:general] Full encoding handle [osservice<com.apple.tvremoted>:5133], with data 450103740000140d, and pid 5133
2026-07-02 00:07:41.818768+0200 0x12da4    Default     0x9d56d              4914   0    runningboardd: (RunningBoard) [com.apple.runningboard:process] [osservice<com.apple.tvremoted>:5133] is not RunningBoard jetsam managed.
2026-07-02 00:07:41.818777+0200 0x12da4    Default     0x9d56d              4914   0    runningboardd: (RunningBoard) [com.apple.runningboard:process] [osservice<com.apple.tvremoted>:5133] This process will not be managed.
2026-07-02 00:07:41.818924+0200 0x13003    Default     0x0                  5035   0    SpringBoard: (RunningBoardServices) [com.apple.runningboard:process] Starting death monitoring for handle [osservice<com.apple.tvremoted>:5133]
2026-07-02 00:07:41.819012+0200 0x12e71    Activity    0x9d56e              4914   0    runningboardd: (RunningBoard) subscribeToProcessDeath
2026-07-02 00:07:41.819115+0200 0x12e71    Default     0x9d56e              4914   0    runningboardd: (RunningBoard) [com.apple.runningboard:process] _resolveProcessWithIdentifier pid 5133 euid 501 auid 501
2026-07-02 00:07:41.819126+0200 0x12e71    Default     0x9d56e              4914   0    runningboardd: (RunningBoard) [com.apple.runningboard:process] Resolved pid 5133 to [osservice<com.apple.tvremoted>:5133]
2026-07-02 00:07:41.819140+0200 0x12e71    Default     0x9d56e              4914   7    runningboardd: (RunningBoard) [com.apple.runningboard:ttl] existingInstance is: (null)
2026-07-02 00:07:41.819154+0200 0x12e71    Error       0x9d56e              4914   0    runningboardd: (RunningBoard) [com.apple.runningboard:jetsam] memorystatus_control error: MEMORYSTATUS_CMD_CONVERT_MEMLIMIT_MB(-1) returned -1 1 (Operation not permitted)
2026-07-02 00:07:41.819162+0200 0x12e71    Error       0x9d56e              4914   0    runningboardd: (RunningBoard) [com.apple.runningboard:jetsam] memorystatus_control error: MEMORYSTATUS_CMD_CONVERT_MEMLIMIT_MB(0) returned -1 1 (Operation not permitted)
2026-07-02 00:07:41.819750+0200 0x12e71    Default     0x9d56e              4914   0    runningboardd: (RunningBoardServices) [com.apple.runningboard:general] Full encoding handle [osservice<com.apple.tvremoted>:5133], with data 457950500000140d, and pid 5133
2026-07-02 00:07:41.819809+0200 0x12e71    Default     0x9d56e              4914   0    runningboardd: (RunningBoard) [com.apple.runningboard:process] [osservice<com.apple.tvremoted>:5133] is not RunningBoard jetsam managed.
2026-07-02 00:07:41.819817+0200 0x12e71    Default     0x9d56e              4914   0    runningboardd: (RunningBoard) [com.apple.runningboard:process] [osservice<com.apple.tvremoted>:5133] This process will not be managed.
2026-07-02 00:07:41.819823+0200 0x12e71    Default     0x9d56e              4914   7    runningboardd: (RunningBoard) [com.apple.runningboard:ttl] Now tracking process: [osservice<com.apple.tvremoted>:5133]
2026-07-02 00:07:41.819831+0200 0x12e71    Default     0x9d56e              4914   7    runningboardd: (RunningBoard) [com.apple.runningboard:ttl] Existing process in RBProcessIndex is: (null)
2026-07-02 00:07:41.819837+0200 0x12e71    Default     0x9d56e              4914   7    runningboardd: (RunningBoard) [com.apple.runningboard:ttl] existingProcess in RBProcessManager is: (null)
2026-07-02 00:07:41.819844+0200 0x12e71    Default     0x9d56e              4914   0    runningboardd: (RunningBoard) [com.apple.runningboard:general] Process HWM C 106(106) P 128(128) A 33(174) M 17(18)
2026-07-02 00:07:41.819857+0200 0x12e71    Default     0x9d56e              4914   7    runningboardd: (RunningBoard) [com.apple.runningboard:ttl] Existing process in RBProcessIndex is: (null)
2026-07-02 00:07:41.819963+0200 0x12e67    Default     0x9d56e              4914   7    runningboardd: (RunningBoard) [com.apple.runningboard:ttl] Existing process in RBProcessIndex is: (null)
2026-07-02 00:07:41.819964+0200 0x12e71    Default     0x9d56e              4914   7    runningboardd: (RunningBoard) [com.apple.runningboard:ttl] Existing process in RBProcessIndex is: (null)
2026-07-02 00:07:41.820034+0200 0x12e71    Default     0x9d56e              4914   0    runningboardd: (AppServerSupport) [com.apple.libxpc.OSLaunchdJob:all] <OSLaunchdJob | handle=5B5A978A-E66A-4234-A612-245B7258C541>: copyJobWithPid:5133 created a job
2026-07-02 00:07:41.820185+0200 0x13003    Default     0x0                  5035   0    SpringBoard: (FrontBoard) [com.apple.FrontBoard:Process] Adding: <FBProcess: 0x11f3ab300; osservice<com.apple.tvremoted>:5133(v3964)>
2026-07-02 00:07:41.820240+0200 0x12e68    Default     0x9d56e              4914   0    runningboardd: (AppServerSupport) [com.apple.libxpc.OSLaunchdJob:all] <OSLaunchdJob | handle=5B5A978A-E66A-4234-A612-245B7258C541>: monitor initial info is running, pid=5133
2026-07-02 00:07:41.820271+0200 0x12e68    Default     0x9d56e              4914   0    runningboardd: (RunningBoard) [com.apple.runningboard:general] [osservice<com.apple.tvremoted>:5133] reported to RB as running
2026-07-02 00:07:41.820352+0200 0x12e68    Default     0x9d56e              4914   0    runningboardd: (AppServerSupport) [com.apple.libxpc.OSLaunchdJob:all] <OSLaunchdJob | handle=5B5A978A-E66A-4234-A612-245B7258C541>: starting monitoring
2026-07-02 00:07:41.820371+0200 0x13003    Activity    0x9d50b              5035   0    SpringBoard: (RunningBoardServices) observedProcessStatesDidChange
2026-07-02 00:07:41.820564+0200 0x12e71    Activity    0x9d56f              4914   0    runningboardd: (RunningBoard) lookupHandleForKey
2026-07-02 00:07:41.820704+0200 0x13003    Default     0x9d50b              5035   0    SpringBoard: (RunningBoardServices) [com.apple.runningboard:process] Hit the server for a process handle 57950500000140d that resolved to: [osservice<com.apple.tvremoted>:5133]
2026-07-02 00:07:41.820735+0200 0x13003    Default     0x9d50b              5035   0    SpringBoard: (RunningBoardServices) [com.apple.runningboard:monitor] Received state update for 5133 (osservice<com.apple.tvremoted>, running-NotVisible
2026-07-02 00:07:41.820830+0200 0x12e71    Activity    0x9d5e0              4914   0    runningboardd: (RunningBoard) statesForPredicate
2026-07-02 00:07:41.823602+0200 0x13004    Default     0x0                  5035   0    SpringBoard: (libxpc.dylib) [com.apple.xpc:connection] [0x11f3a9c80] activating connection: mach=false listener=false peer=true name=com.apple.usernotifications.usernotificationservice.peer[4965].0x11f3a9c80
2026-07-02 00:07:41.824013+0200 0x13004    Default     0x0                  5035   2    SpringBoard: (UserNotificationsServer) [com.apple.UserNotifications:Connections] [com.apple.coreidv.CoreIDVUserNotifications] Setting 2 notification categories
2026-07-02 00:07:41.844479+0200 0x13004    Default     0x0                  5035   0    SpringBoard: (BoardServices) [com.apple.BoardServices:XPCErrors] [S:3e] Alloc com.apple.frontboard.systemappservices
2026-07-02 00:07:41.844532+0200 0x13004    Default     0x0                  5035   0    SpringBoard: (libxpc.dylib) [com.apple.xpc:connection] [0x11f3ab000] activating connection: mach=false listener=false peer=true name=com.apple.frontboard.systemappservices.peer[5142].0x11f3ab000
2026-07-02 00:07:41.844829+0200 0x12da4    Default     0x0                  4914   0    runningboardd: (RunningBoard) [com.apple.runningboard:message] PERF: Received lookupHandleForPredicate request from [osservice<com.apple.SpringBoard>:5035] (euid 501, auid 501) (persona (null))
2026-07-02 00:07:41.844841+0200 0x12da4    Activity    0x9d5e1              4914   0    runningboardd: (RunningBoard) lookupHandleForPredicate
2026-07-02 00:07:41.844981+0200 0x12da4    Default     0x9d5e1              4914   0    runningboardd: (RunningBoard) [com.apple.runningboard:process] _resolveProcessWithIdentifier pid 5142 euid 501 auid 501
2026-07-02 00:07:41.844998+0200 0x12da4    Default     0x9d5e1              4914   0    runningboardd: (RunningBoard) [com.apple.runningboard:process] Resolved pid 5142 to [osservice<com.apple.splashboard>:5142]
2026-07-02 00:07:41.845019+0200 0x12da4    Error       0x9d5e1              4914   0    runningboardd: (RunningBoard) [com.apple.runningboard:jetsam] memorystatus_control error: MEMORYSTATUS_CMD_CONVERT_MEMLIMIT_MB(-1) returned -1 1 (Operation not permitted)
2026-07-02 00:07:41.845027+0200 0x12da4    Error       0x9d5e1              4914   0    runningboardd: (RunningBoard) [com.apple.runningboard:jetsam] memorystatus_control error: MEMORYSTATUS_CMD_CONVERT_MEMLIMIT_MB(0) returned -1 1 (Operation not permitted)
2026-07-02 00:07:41.845649+0200 0x12da4    Default     0x9d5e1              4914   0    runningboardd: (RunningBoardServices) [com.apple.runningboard:general] Full encoding handle [osservice<com.apple.splashboard>:5142], with data 40fde2e100001416, and pid 5142
2026-07-02 00:07:41.845728+0200 0x12da4    Default     0x9d5e1              4914   0    runningboardd: (RunningBoard) [com.apple.runningboard:process] [osservice<com.apple.splashboard>:5142] is not RunningBoard jetsam managed.
2026-07-02 00:07:41.845740+0200 0x12da4    Default     0x9d5e1              4914   0    runningboardd: (RunningBoard) [com.apple.runningboard:process] [osservice<com.apple.splashboard>:5142] This process will not be managed.
2026-07-02 00:07:41.845860+0200 0x13004    Default     0x0                  5035   0    SpringBoard: (FrontBoard) [com.apple.FrontBoard:Process] Asked to bootstrap a new process for handle: [osservice<com.apple.splashboard>:5142]
2026-07-02 00:07:41.845877+0200 0x13004    Default     0x0                  5035   0    SpringBoard: (FrontBoard) [com.apple.FrontBoard:Process] Creating process (sync=true) for handle: [osservice<com.apple.splashboard>:5142]
2026-07-02 00:07:41.845918+0200 0x13004    Default     0x0                  5035   0    SpringBoard: (FrontBoard) [com.apple.FrontBoard:ProcessWorkspace] [osservice<com.apple.splashboard>:5142] Registering event dispatcher at init
2026-07-02 00:07:41.845933+0200 0x13004    Default     0x0                  5035   0    SpringBoard: (FrontBoard) [com.apple.FrontBoard:ProcessWorkspace] Registering Source for 5142 : <FBWorkspaceEventDispatcherSource: 0x11ac81830>
2026-07-02 00:07:41.845960+0200 0x13004    Default     0x0                  5035   0    SpringBoard: (FrontBoard) [com.apple.FrontBoard:ProcessWorkspace] Created <FBWorkspace: 0x11ab9f980; <FBProcess: 0x11f3a8f00; osservice<com.apple.splashboard>:5142(v396C)>>
2026-07-02 00:07:41.845971+0200 0x13004    Default     0x0                  5035   0    SpringBoard: (FrontBoard) [com.apple.FrontBoard:Process] Bootstrapping osservice<com.apple.splashboard>
2026-07-02 00:07:41.847109+0200 0x12da4    Activity    0x9d5e2              4914   0    runningboardd: (RunningBoard) executeLaunchRequest
2026-07-02 00:07:41.847184+0200 0x12da4    Default     0x9d5e2              4914   7    runningboardd: (RunningBoard) [com.apple.runningboard:ttl] Executing launch request for osservice<com.apple.splashboard> (FBProcess) from requestor: [osservice<com.apple.SpringBoard>:5035]
2026-07-02 00:07:41.847461+0200 0x12da4    Default     0x0                  4914   0    runningboardd: (RunningBoard) [com.apple.runningboard:message] PERF: Received lookupHandleForPredicate request from [osservice<com.apple.SpringBoard>:5035] (euid 501, auid 501) (persona (null))
2026-07-02 00:07:41.847470+0200 0x12da4    Activity    0x9d5e3              4914   0    runningboardd: (RunningBoard) lookupHandleForPredicate
2026-07-02 00:07:41.847578+0200 0x12da4    Default     0x9d5e3              4914   0    runningboardd: (RunningBoard) [com.apple.runningboard:process] _resolveProcessWithIdentifier pid 5142 euid 501 auid 501
2026-07-02 00:07:41.847592+0200 0x12da4    Default     0x9d5e3              4914   0    runningboardd: (RunningBoard) [com.apple.runningboard:process] Resolved pid 5142 to [osservice<com.apple.splashboard>:5142]
2026-07-02 00:07:41.847608+0200 0x12da4    Error       0x9d5e3              4914   0    runningboardd: (RunningBoard) [com.apple.runningboard:jetsam] memorystatus_control error: MEMORYSTATUS_CMD_CONVERT_MEMLIMIT_MB(-1) returned -1 1 (Operation not permitted)
2026-07-02 00:07:41.847616+0200 0x12da4    Error       0x9d5e3              4914   0    runningboardd: (RunningBoard) [com.apple.runningboard:jetsam] memorystatus_control error: MEMORYSTATUS_CMD_CONVERT_MEMLIMIT_MB(0) returned -1 1 (Operation not permitted)
2026-07-02 00:07:41.848157+0200 0x12da4    Default     0x9d5e3              4914   0    runningboardd: (RunningBoardServices) [com.apple.runningboard:general] Full encoding handle [osservice<com.apple.splashboard>:5142], with data 5cf91c4500001416, and pid 5142
2026-07-02 00:07:41.848215+0200 0x12da4    Default     0x9d5e3              4914   0    runningboardd: (RunningBoard) [com.apple.runningboard:process] [osservice<com.apple.splashboard>:5142] is not RunningBoard jetsam managed.
2026-07-02 00:07:41.848224+0200 0x12da4    Default     0x9d5e3              4914   0    runningboardd: (RunningBoard) [com.apple.runningboard:process] [osservice<com.apple.splashboard>:5142] This process will not be managed.
2026-07-02 00:07:41.848733+0200 0x13004    Default     0x0                  5035   0    SpringBoard: (FrontBoard) [com.apple.FrontBoard:Process] [osservice<com.apple.splashboard>:5142] Bootstrap success!
2026-07-02 00:07:41.848802+0200 0x12e71    Activity    0x9d5e4              4914   0    runningboardd: (RunningBoard) statesForPredicate
2026-07-02 00:07:41.848965+0200 0x12e71    Default     0x9d5e4              4914   0    runningboardd: (RunningBoard) [com.apple.runningboard:process] _resolveProcessWithIdentifier pid 5142 euid 501 auid 501
2026-07-02 00:07:41.848978+0200 0x12e71    Default     0x9d5e4              4914   0    runningboardd: (RunningBoard) [com.apple.runningboard:process] Resolved pid 5142 to [osservice<com.apple.splashboard>:5142]
2026-07-02 00:07:41.848996+0200 0x12e71    Error       0x9d5e4              4914   0    runningboardd: (RunningBoard) [com.apple.runningboard:jetsam] memorystatus_control error: MEMORYSTATUS_CMD_CONVERT_MEMLIMIT_MB(-1) returned -1 1 (Operation not permitted)
2026-07-02 00:07:41.849004+0200 0x12e71    Error       0x9d5e4              4914   0    runningboardd: (RunningBoard) [com.apple.runningboard:jetsam] memorystatus_control error: MEMORYSTATUS_CMD_CONVERT_MEMLIMIT_MB(0) returned -1 1 (Operation not permitted)
2026-07-02 00:07:41.849635+0200 0x12e71    Default     0x9d5e4              4914   0    runningboardd: (RunningBoardServices) [com.apple.runningboard:general] Full encoding handle [osservice<com.apple.splashboard>:5142], with data 4df6c10800001416, and pid 5142
2026-07-02 00:07:41.849697+0200 0x12e71    Default     0x9d5e4              4914   0    runningboardd: (RunningBoard) [com.apple.runningboard:process] [osservice<com.apple.splashboard>:5142] is not RunningBoard jetsam managed.
2026-07-02 00:07:41.849707+0200 0x12e71    Default     0x9d5e4              4914   0    runningboardd: (RunningBoard) [com.apple.runningboard:process] [osservice<com.apple.splashboard>:5142] This process will not be managed.
2026-07-02 00:07:41.849858+0200 0x13004    Default     0x0                  5035   0    SpringBoard: (RunningBoardServices) [com.apple.runningboard:process] Starting death monitoring for handle [osservice<com.apple.splashboard>:5142]
2026-07-02 00:07:41.849943+0200 0x12da4    Activity    0x9d5e5              4914   0    runningboardd: (RunningBoard) subscribeToProcessDeath
2026-07-02 00:07:41.850040+0200 0x12da4    Default     0x9d5e5              4914   0    runningboardd: (RunningBoard) [com.apple.runningboard:process] _resolveProcessWithIdentifier pid 5142 euid 501 auid 501
2026-07-02 00:07:41.850052+0200 0x12da4    Default     0x9d5e5              4914   0    runningboardd: (RunningBoard) [com.apple.runningboard:process] Resolved pid 5142 to [osservice<com.apple.splashboard>:5142]
2026-07-02 00:07:41.850067+0200 0x12da4    Default     0x9d5e5              4914   7    runningboardd: (RunningBoard) [com.apple.runningboard:ttl] existingInstance is: (null)
2026-07-02 00:07:41.850083+0200 0x12da4    Error       0x9d5e5              4914   0    runningboardd: (RunningBoard) [com.apple.runningboard:jetsam] memorystatus_control error: MEMORYSTATUS_CMD_CONVERT_MEMLIMIT_MB(-1) returned -1 1 (Operation not permitted)
2026-07-02 00:07:41.850091+0200 0x12da4    Error       0x9d5e5              4914   0    runningboardd: (RunningBoard) [com.apple.runningboard:jetsam] memorystatus_control error: MEMORYSTATUS_CMD_CONVERT_MEMLIMIT_MB(0) returned -1 1 (Operation not permitted)
2026-07-02 00:07:41.850796+0200 0x12da4    Default     0x9d5e5              4914   0    runningboardd: (RunningBoardServices) [com.apple.runningboard:general] Full encoding handle [osservice<com.apple.splashboard>:5142], with data 4a6e244700001416, and pid 5142
2026-07-02 00:07:41.850866+0200 0x12da4    Default     0x9d5e5              4914   0    runningboardd: (RunningBoard) [com.apple.runningboard:process] [osservice<com.apple.splashboard>:5142] is not RunningBoard jetsam managed.
2026-07-02 00:07:41.850876+0200 0x12da4    Default     0x9d5e5              4914   0    runningboardd: (RunningBoard) [com.apple.runningboard:process] [osservice<com.apple.splashboard>:5142] This process will not be managed.
2026-07-02 00:07:41.850885+0200 0x12da4    Default     0x9d5e5              4914   7    runningboardd: (RunningBoard) [com.apple.runningboard:ttl] Now tracking process: [osservice<com.apple.splashboard>:5142]
2026-07-02 00:07:41.850893+0200 0x12da4    Default     0x9d5e5              4914   7    runningboardd: (RunningBoard) [com.apple.runningboard:ttl] Existing process in RBProcessIndex is: (null)
2026-07-02 00:07:41.850900+0200 0x12da4    Default     0x9d5e5              4914   7    runningboardd: (RunningBoard) [com.apple.runningboard:ttl] existingProcess in RBProcessManager is: (null)
2026-07-02 00:07:41.850907+0200 0x12da4    Default     0x9d5e5              4914   0    runningboardd: (RunningBoard) [com.apple.runningboard:general] Process HWM C 106(106) P 129(129) A 33(174) M 17(18)
2026-07-02 00:07:41.850922+0200 0x12da4    Default     0x9d5e5              4914   7    runningboardd: (RunningBoard) [com.apple.runningboard:ttl] Existing process in RBProcessIndex is: (null)
2026-07-02 00:07:41.850964+0200 0x12da4    Default     0x9d5e5              4914   7    runningboardd: (RunningBoard) [com.apple.runningboard:ttl] Existing process in RBProcessIndex is: (null)
2026-07-02 00:07:41.850999+0200 0x12e67    Default     0x9d5e5              4914   7    runningboardd: (RunningBoard) [com.apple.runningboard:ttl] Existing process in RBProcessIndex is: (null)
2026-07-02 00:07:41.851034+0200 0x12da4    Default     0x9d5e5              4914   0    runningboardd: (AppServerSupport) [com.apple.libxpc.OSLaunchdJob:all] <OSLaunchdJob | handle=55BCBCE4-1E66-44A1-A46F-9220C2D75C5D>: copyJobWithPid:5142 created a job
2026-07-02 00:07:41.851131+0200 0x13004    Default     0x0                  5035   0    SpringBoard: (FrontBoard) [com.apple.FrontBoard:Process] Adding: <FBProcess: 0x11f3a8f00; osservice<com.apple.splashboard>:5142(v396C)>
2026-07-02 00:07:41.851195+0200 0x12e68    Default     0x9d5e5              4914   0    runningboardd: (AppServerSupport) [com.apple.libxpc.OSLaunchdJob:all] <OSLaunchdJob | handle=55BCBCE4-1E66-44A1-A46F-9220C2D75C5D>: monitor initial info is running, pid=5142
2026-07-02 00:07:41.851226+0200 0x13003    Activity    0x9d50c              5035   0    SpringBoard: (RunningBoardServices) observedProcessStatesDidChange
2026-07-02 00:07:41.851261+0200 0x12e68    Default     0x9d5e5              4914   0    runningboardd: (RunningBoard) [com.apple.runningboard:general] [osservice<com.apple.splashboard>:5142] reported to RB as running
2026-07-02 00:07:41.851279+0200 0x12e68    Default     0x9d5e5              4914   0    runningboardd: (AppServerSupport) [com.apple.libxpc.OSLaunchdJob:all] <OSLaunchdJob | handle=55BCBCE4-1E66-44A1-A46F-9220C2D75C5D>: starting monitoring
2026-07-02 00:07:41.851317+0200 0x12da4    Activity    0x9d5e6              4914   0    runningboardd: (RunningBoard) lookupHandleForKey
2026-07-02 00:07:41.851472+0200 0x13003    Default     0x9d50c              5035   0    SpringBoard: (RunningBoardServices) [com.apple.runningboard:process] Hit the server for a process handle a6e244700001416 that resolved to: [osservice<com.apple.splashboard>:5142]
2026-07-02 00:07:41.851507+0200 0x13003    Default     0x9d50c              5035   0    SpringBoard: (RunningBoardServices) [com.apple.runningboard:monitor] Received state update for 5142 (osservice<com.apple.splashboard>, running-NotVisible
2026-07-02 00:07:41.851603+0200 0x12e71    Activity    0x9d5e7              4914   0    runningboardd: (RunningBoard) statesForPredicate
2026-07-02 00:07:41.856861+0200 0x12e71    Activity    0x9d5e8              4914   0    runningboardd: (RunningBoard) incoming connection
2026-07-02 00:07:41.856879+0200 0x12e71    Default     0x9d5e8              4914   0    runningboardd: (RunningBoard) [com.apple.runningboard:connection] Incoming connection from 5132, user 501/501
2026-07-02 00:07:41.857639+0200 0x12e71    Default     0x9d5e8              4914   0    runningboardd: (RunningBoard) [com.apple.runningboard:process] _resolveProcessWithIdentifier pid 5132 euid 501 auid 501
2026-07-02 00:07:41.857652+0200 0x12e71    Default     0x9d5e8              4914   0    runningboardd: (RunningBoard) [com.apple.runningboard:process] Resolved pid 5132 to [osservice<com.apple.videosubscriptionsd>:5132]
2026-07-02 00:07:41.857668+0200 0x12e71    Default     0x9d5e8              4914   7    runningboardd: (RunningBoard) [com.apple.runningboard:ttl] existingInstance is: (null)
2026-07-02 00:07:41.857689+0200 0x12e71    Error       0x9d5e8              4914   0    runningboardd: (RunningBoard) [com.apple.runningboard:jetsam] memorystatus_control error: MEMORYSTATUS_CMD_CONVERT_MEMLIMIT_MB(-1) returned -1 1 (Operation not permitted)
2026-07-02 00:07:41.857696+0200 0x12e71    Error       0x9d5e8              4914   0    runningboardd: (RunningBoard) [com.apple.runningboard:jetsam] memorystatus_control error: MEMORYSTATUS_CMD_CONVERT_MEMLIMIT_MB(0) returned -1 1 (Operation not permitted)
2026-07-02 00:07:41.858373+0200 0x12e71    Default     0x9d5e8              4914   0    runningboardd: (RunningBoardServices) [com.apple.runningboard:general] Full encoding handle [osservice<com.apple.videosubscriptionsd>:5132], with data 486b4a2d0000140c, and pid 5132
2026-07-02 00:07:41.858446+0200 0x12e71    Default     0x9d5e8              4914   0    runningboardd: (RunningBoard) [com.apple.runningboard:process] [osservice<com.apple.videosubscriptionsd>:5132] is not RunningBoard jetsam managed.
2026-07-02 00:07:41.858458+0200 0x12e71    Default     0x9d5e8              4914   0    runningboardd: (RunningBoard) [com.apple.runningboard:process] [osservice<com.apple.videosubscriptionsd>:5132] This process will not be managed.
2026-07-02 00:07:41.858467+0200 0x12e71    Default     0x9d5e8              4914   7    runningboardd: (RunningBoard) [com.apple.runningboard:ttl] Now tracking process: [osservice<com.apple.videosubscriptionsd>:5132]
2026-07-02 00:07:41.858475+0200 0x12e71    Default     0x9d5e8              4914   7    runningboardd: (RunningBoard) [com.apple.runningboard:ttl] Existing process in RBProcessIndex is: (null)
2026-07-02 00:07:41.858482+0200 0x12e71    Default     0x9d5e8              4914   7    runningboardd: (RunningBoard) [com.apple.runningboard:ttl] existingProcess in RBProcessManager is: (null)
2026-07-02 00:07:41.858489+0200 0x12e71    Default     0x9d5e8              4914   0    runningboardd: (RunningBoard) [com.apple.runningboard:general] Process HWM C 106(106) P 130(130) A 33(174) M 17(18)
2026-07-02 00:07:41.858514+0200 0x12e71    Default     0x9d5e8              4914   7    runningboardd: (RunningBoard) [com.apple.runningboard:ttl] Existing process in RBProcessIndex is: (null)
2026-07-02 00:07:41.858570+0200 0x12e71    Default     0x9d5e8              4914   7    runningboardd: (RunningBoard) [com.apple.runningboard:ttl] Existing process in RBProcessIndex is: (null)
2026-07-02 00:07:41.858572+0200 0x12e67    Default     0x9d5e8              4914   7    runningboardd: (RunningBoard) [com.apple.runningboard:ttl] Existing process in RBProcessIndex is: (null)
2026-07-02 00:07:41.858759+0200 0x12e71    Default     0x9d5e8              4914   0    runningboardd: (AppServerSupport) [com.apple.libxpc.OSLaunchdJob:all] <OSLaunchdJob | handle=BEA3D301-1DF1-408D-877B-E327C4B4CBA9>: copyJobWithPid:5132 created a job
2026-07-02 00:07:41.858904+0200 0x13004    Activity    0x9d50d              5035   0    SpringBoard: (RunningBoardServices) observedProcessStatesDidChange
2026-07-02 00:07:41.859019+0200 0x12da4    Activity    0x9d5e9              4914   0    runningboardd: (RunningBoard) lookupHandleForKey
2026-07-02 00:07:41.859079+0200 0x12e68    Default     0x9d5e8              4914   0    runningboardd: (AppServerSupport) [com.apple.libxpc.OSLaunchdJob:all] <OSLaunchdJob | handle=BEA3D301-1DF1-408D-877B-E327C4B4CBA9>: monitor initial info is running, pid=5132
2026-07-02 00:07:41.859122+0200 0x12e68    Default     0x9d5e8              4914   0    runningboardd: (RunningBoard) [com.apple.runningboard:general] [osservice<com.apple.videosubscriptionsd>:5132] reported to RB as running
2026-07-02 00:07:41.859134+0200 0x12e68    Default     0x9d5e8              4914   0    runningboardd: (AppServerSupport) [com.apple.libxpc.OSLaunchdJob:all] <OSLaunchdJob | handle=BEA3D301-1DF1-408D-877B-E327C4B4CBA9>: starting monitoring
2026-07-02 00:07:41.859225+0200 0x12e71    Default     0x9d5e8              4914   0    runningboardd: (RunningBoard) [com.apple.runningboard:general] Client HWM C 107(107) P 130(130) A 33(174) M 17(18)
2026-07-02 00:07:41.859238+0200 0x12e71    Default     0x9d5e8              4914   0    runningboardd: (libxpc.dylib) [com.apple.xpc:connection] [0x105938f00] activating connection: mach=false listener=false peer=true name=com.apple.runningboard.peer[5132].0x105938f00
2026-07-02 00:07:41.859274+0200 0x13004    Default     0x9d50d              5035   0    SpringBoard: (RunningBoardServices) [com.apple.runningboard:process] Hit the server for a process handle 86b4a2d0000140c that resolved to: [osservice<com.apple.videosubscriptionsd>:5132]
2026-07-02 00:07:41.859311+0200 0x13004    Default     0x9d50d              5035   0    SpringBoard: (RunningBoardServices) [com.apple.runningboard:monitor] Received state update for 5132 (osservice<com.apple.videosubscriptionsd>, running-NotVisible
2026-07-02 00:07:41.859354+0200 0x12da4    Activity    0x9d5ea              4914   0    runningboardd: (RunningBoard) handshakeWithRequest
2026-07-02 00:07:41.859374+0200 0x12da4    Default     0x9d5ea              4914   0    runningboardd: (RunningBoard) [com.apple.runningboard:connection] Setting client for [osservice<com.apple.videosubscriptionsd>:5132] as ready
2026-07-02 00:07:41.859423+0200 0x12da4    Default     0x9d5ea              4914   0    runningboardd: (RunningBoard) [com.apple.runningboard:connection] Received handshake request from 5132 with 0 assertion descriptors
2026-07-02 00:07:41.859458+0200 0x12da4    Default     0x9d5ea              4914   0    runningboardd: (RunningBoard) [com.apple.runningboard:connection] Handshake successful with 5132; sending response
2026-07-02 00:07:41.859606+0200 0x12da4    Activity    0x9d5eb              4914   0    runningboardd: (RunningBoard) statesForPredicate
2026-07-02 00:07:41.861008+0200 0x12da4    Activity    0x9d5ec              4914   0    runningboardd: (RunningBoard) acquireAssertionWithDescriptor
2026-07-02 00:07:41.861211+0200 0x12da4    Default     0x9d5ec              4914   7    runningboardd: (RunningBoard) [com.apple.runningboard:ttl] Acquiring assertion targeting [osservice<com.apple.storekitd>:5138] from originator [osservice<com.apple.storekitd>:5138] with description <RBSAssertionDescriptor| "com.apple.CFNetwork.StorageDB" ID:4914-5138-652 target:5138 attributes:[
	<RBSDomainAttribute| domain:"com.apple.common" name:"FinishTaskUninterruptable" sourceEnvironment:"(null)">,
	<RBSAcquisitionCompletionAttribute| policy:AfterApplication>
	]>
2026-07-02 00:07:41.861332+0200 0x12da4    Default     0x9d5ec              4914   7    runningboardd: (RunningBoard) [com.apple.runningboard:ttl] Assertion 4914-5138-652 (target:[osservice<com.apple.storekitd>:5138]) will be created as active as no start-time-defining assertions exist
2026-07-02 00:07:41.861450+0200 0x12e68    Activity    0x9d5ed              4914   0    runningboardd: (RunningBoard) state update
2026-07-02 00:07:41.861626+0200 0x12e67    Default     0x9d5ec              4914   0    runningboardd: (RunningBoard) [com.apple.runningboard:process] [osservice<com.apple.storekitd>:5138] Ignoring jetsam update because this process is not memory-managed
2026-07-02 00:07:41.861650+0200 0x12e70    Default     0x9d5ec              4914   0    runningboardd: (RunningBoard) [com.apple.runningboard:power] Acquired process power assertion with ID 65535 for pid 5138
2026-07-02 00:07:41.861653+0200 0x12e67    Default     0x9d5ec              4914   0    runningboardd: (RunningBoard) [com.apple.runningboard:process] [osservice<com.apple.storekitd>:5138] Ignoring suspend because this process is not lifecycle managed
2026-07-02 00:07:41.861663+0200 0x12e67    Default     0x9d5ec              4914   0    runningboardd: (RunningBoard) [com.apple.runningboard:process] [osservice<com.apple.storekitd>:5138] Ignoring role changes because this process is not role managed
2026-07-02 00:07:41.861673+0200 0x12e67    Default     0x9d5ec              4914   0    runningboardd: (RunningBoard) [com.apple.runningboard:process] [osservice<com.apple.storekitd>:5138] Ignoring GPU update because this process is not GPU managed
2026-07-02 00:07:41.861685+0200 0x12e67    Default     0x9d5ec              4914   0    runningboardd: (RunningBoard) [com.apple.runningboard:process] [osservice<com.apple.storekitd>:5138] Ignoring memory limit update because this process is not memory-managed
2026-07-02 00:07:41.862588+0200 0x12e68    Activity    0x9d5ee              4914   0    runningboardd: (RunningBoard) limitationsForInstance
2026-07-02 00:07:41.864589+0200 0x12e68    Activity    0x9d5ef              4914   0    runningboardd: (RunningBoard) incoming connection
2026-07-02 00:07:41.864608+0200 0x12e68    Default     0x9d5ef              4914   0    runningboardd: (RunningBoard) [com.apple.runningboard:connection] Incoming connection from 5136, user 501/501
2026-07-02 00:07:41.864797+0200 0x12e68    Default     0x9d5ef              4914   0    runningboardd: (RunningBoard) [com.apple.runningboard:process] _resolveProcessWithIdentifier pid 5136 euid 501 auid 501
2026-07-02 00:07:41.864815+0200 0x12e68    Default     0x9d5ef              4914   0    runningboardd: (RunningBoard) [com.apple.runningboard:process] Resolved pid 5136 to [osservice<com.apple.coreidvd>:5136]
2026-07-02 00:07:41.864836+0200 0x12e68    Default     0x9d5ef              4914   7    runningboardd: (RunningBoard) [com.apple.runningboard:ttl] existingInstance is: (null)
2026-07-02 00:07:41.864863+0200 0x12e68    Error       0x9d5ef              4914   0    runningboardd: (RunningBoard) [com.apple.runningboard:jetsam] memorystatus_control error: MEMORYSTATUS_CMD_CONVERT_MEMLIMIT_MB(-1) returned -1 1 (Operation not permitted)
2026-07-02 00:07:41.864876+0200 0x12e68    Error       0x9d5ef              4914   0    runningboardd: (RunningBoard) [com.apple.runningboard:jetsam] memorystatus_control error: MEMORYSTATUS_CMD_CONVERT_MEMLIMIT_MB(0) returned -1 1 (Operation not permitted)
2026-07-02 00:07:41.865821+0200 0x12e68    Default     0x9d5ef              4914   0    runningboardd: (RunningBoardServices) [com.apple.runningboard:general] Full encoding handle [osservice<com.apple.coreidvd>:5136], with data 4b2d02a500001410, and pid 5136
2026-07-02 00:07:41.865914+0200 0x12e68    Default     0x9d5ef              4914   0    runningboardd: (RunningBoard) [com.apple.runningboard:process] [osservice<com.apple.coreidvd>:5136] is not RunningBoard jetsam managed.
2026-07-02 00:07:41.865928+0200 0x12e68    Default     0x9d5ef              4914   0    runningboardd: (RunningBoard) [com.apple.runningboard:process] [osservice<com.apple.coreidvd>:5136] This process will not be managed.
2026-07-02 00:07:41.865939+0200 0x12e68    Default     0x9d5ef              4914   7    runningboardd: (RunningBoard) [com.apple.runningboard:ttl] Now tracking process: [osservice<com.apple.coreidvd>:5136]
2026-07-02 00:07:41.865952+0200 0x12e68    Default     0x9d5ef              4914   7    runningboardd: (RunningBoard) [com.apple.runningboard:ttl] Existing process in RBProcessIndex is: (null)
2026-07-02 00:07:41.865963+0200 0x12e68    Default     0x9d5ef              4914   7    runningboardd: (RunningBoard) [com.apple.runningboard:ttl] existingProcess in RBProcessManager is: (null)
2026-07-02 00:07:41.865972+0200 0x12e68    Default     0x9d5ef              4914   0    runningboardd: (RunningBoard) [com.apple.runningboard:general] Process HWM C 107(107) P 131(131) A 34(174) M 17(18)
2026-07-02 00:07:41.865994+0200 0x12e68    Default     0x9d5ef              4914   7    runningboardd: (RunningBoard) [com.apple.runningboard:ttl] Existing process in RBProcessIndex is: (null)
2026-07-02 00:07:41.866033+0200 0x12da4    Default     0x9d5ef              4914   7    runningboardd: (RunningBoard) [com.apple.runningboard:ttl] Existing process in RBProcessIndex is: (null)
2026-07-02 00:07:41.866036+0200 0x12e68    Default     0x9d5ef              4914   7    runningboardd: (RunningBoard) [com.apple.runningboard:ttl] Existing process in RBProcessIndex is: (null)
2026-07-02 00:07:41.866227+0200 0x12e68    Default     0x9d5ef              4914   0    runningboardd: (AppServerSupport) [com.apple.libxpc.OSLaunchdJob:all] <OSLaunchdJob | handle=8FA81AF4-D50D-4846-B29E-55ACE0A519E8>: copyJobWithPid:5136 created a job
2026-07-02 00:07:41.866390+0200 0x13003    Activity    0x9d50e              5035   0    SpringBoard: (RunningBoardServices) observedProcessStatesDidChange
2026-07-02 00:07:41.866417+0200 0x12e67    Default     0x9d5ef              4914   0    runningboardd: (AppServerSupport) [com.apple.libxpc.OSLaunchdJob:all] <OSLaunchdJob | handle=8FA81AF4-D50D-4846-B29E-55ACE0A519E8>: monitor initial info is running, pid=5136
2026-07-02 00:07:41.866452+0200 0x12e67    Default     0x9d5ef              4914   0    runningboardd: (RunningBoard) [com.apple.runningboard:general] [osservice<com.apple.coreidvd>:5136] reported to RB as running
2026-07-02 00:07:41.866469+0200 0x12e67    Default     0x9d5ef              4914   0    runningboardd: (AppServerSupport) [com.apple.libxpc.OSLaunchdJob:all] <OSLaunchdJob | handle=8FA81AF4-D50D-4846-B29E-55ACE0A519E8>: starting monitoring
2026-07-02 00:07:41.866472+0200 0x12da4    Activity    0x9d610              4914   0    runningboardd: (RunningBoard) lookupHandleForKey
2026-07-02 00:07:41.866673+0200 0x13003    Default     0x9d50e              5035   0    SpringBoard: (RunningBoardServices) [com.apple.runningboard:process] Hit the server for a process handle b2d02a500001410 that resolved to: [osservice<com.apple.coreidvd>:5136]
2026-07-02 00:07:41.866704+0200 0x13003    Default     0x9d50e              5035   0    SpringBoard: (RunningBoardServices) [com.apple.runningboard:monitor] Received state update for 5136 (osservice<com.apple.coreidvd>, running-NotVisible
2026-07-02 00:07:41.866782+0200 0x12e68    Default     0x9d5ef              4914   0    runningboardd: (RunningBoard) [com.apple.runningboard:general] Client HWM C 108(108) P 131(131) A 34(174) M 17(18)
2026-07-02 00:07:41.866797+0200 0x12e67    Activity    0x9d611              4914   0    runningboardd: (RunningBoard) statesForPredicate
2026-07-02 00:07:41.866798+0200 0x12e68    Default     0x9d5ef              4914   0    runningboardd: (libxpc.dylib) [com.apple.xpc:connection] [0x105939080] activating connection: mach=false listener=false peer=true name=com.apple.runningboard.peer[5136].0x105939080
2026-07-02 00:07:41.866963+0200 0x12da4    Activity    0x9d612              4914   0    runningboardd: (RunningBoard) handshakeWithRequest
2026-07-02 00:07:41.866996+0200 0x12da4    Default     0x9d612              4914   0    runningboardd: (RunningBoard) [com.apple.runningboard:connection] Setting client for [osservice<com.apple.coreidvd>:5136] as ready
2026-07-02 00:07:41.867051+0200 0x12da4    Default     0x9d612              4914   0    runningboardd: (RunningBoard) [com.apple.runningboard:connection] Received handshake request from 5136 with 0 assertion descriptors
2026-07-02 00:07:41.867122+0200 0x12da4    Default     0x9d612              4914   0    runningboardd: (RunningBoard) [com.apple.runningboard:connection] Handshake successful with 5136; sending response
2026-07-02 00:07:41.869804+0200 0x12da4    Activity    0x9d613              4914   0    runningboardd: (RunningBoard) acquireAssertionWithDescriptor
2026-07-02 00:07:41.869878+0200 0x12da4    Default     0x9d613              4914   7    runningboardd: (RunningBoard) [com.apple.runningboard:ttl] Acquiring assertion targeting [osservice<com.apple.coreidvd>:5136] from originator [osservice<com.apple.coreidvd>:5136] with description <RBSAssertionDescriptor| "com.apple.CFNetwork.StorageDB" ID:4914-5136-653 target:5136 attributes:[
	<RBSDomainAttribute| domain:"com.apple.common" name:"FinishTaskUninterruptable" sourceEnvironment:"(null)">,
	<RBSAcquisitionCompletionAttribute| policy:AfterApplication>
	]>
2026-07-02 00:07:41.869944+0200 0x12da4    Default     0x9d613              4914   7    runningboardd: (RunningBoard) [com.apple.runningboard:ttl] Assertion 4914-5136-653 (target:[osservice<com.apple.coreidvd>:5136]) will be created as active as no start-time-defining assertions exist
2026-07-02 00:07:41.870011+0200 0x12da4    Activity    0x9d614              4914   0    runningboardd: (RunningBoard) state update
2026-07-02 00:07:41.870158+0200 0x12e68    Default     0x9d613              4914   0    runningboardd: (RunningBoard) [com.apple.runningboard:process] [osservice<com.apple.coreidvd>:5136] Ignoring jetsam update because this process is not memory-managed
2026-07-02 00:07:41.870171+0200 0x12e68    Default     0x9d613              4914   0    runningboardd: (RunningBoard) [com.apple.runningboard:process] [osservice<com.apple.coreidvd>:5136] Ignoring suspend because this process is not lifecycle managed
2026-07-02 00:07:41.870179+0200 0x12e68    Default     0x9d613              4914   0    runningboardd: (RunningBoard) [com.apple.runningboard:process] [osservice<com.apple.coreidvd>:5136] Ignoring role changes because this process is not role managed
2026-07-02 00:07:41.870187+0200 0x12e68    Default     0x9d613              4914   0    runningboardd: (RunningBoard) [com.apple.runningboard:process] [osservice<com.apple.coreidvd>:5136] Ignoring GPU update because this process is not GPU managed
2026-07-02 00:07:41.870201+0200 0x12e67    Default     0x9d613              4914   0    runningboardd: (RunningBoard) [com.apple.runningboard:power] Acquired process power assertion with ID 65535 for pid 5136
2026-07-02 00:07:41.870205+0200 0x12e68    Default     0x9d613              4914   0    runningboardd: (RunningBoard) [com.apple.runningboard:process] [osservice<com.apple.coreidvd>:5136] Ignoring memory limit update because this process is not memory-managed
2026-07-02 00:07:41.871605+0200 0x12e70    Activity    0x9d615              4914   0    runningboardd: (RunningBoard) limitationsForInstance
2026-07-02 00:07:41.877843+0200 0x12e70    Default     0x0                  4914   0    runningboardd: (RunningBoard) [com.apple.runningboard:message] PERF: Received lookupHandleForPredicate request from [osservice<com.apple.familycircled>:4980] (euid 501, auid 501) (persona (null))
2026-07-02 00:07:41.877857+0200 0x12e70    Activity    0x9d616              4914   0    runningboardd: (RunningBoard) lookupHandleForPredicate
2026-07-02 00:07:41.878032+0200 0x12e70    Default     0x9d616              4914   0    runningboardd: (RunningBoard) [com.apple.runningboard:process] _resolveProcessWithIdentifier pid 5139 euid 501 auid 501
2026-07-02 00:07:41.878049+0200 0x12e70    Default     0x9d616              4914   0    runningboardd: (RunningBoard) [com.apple.runningboard:process] Resolved pid 5139 to [osservice<com.apple.FamilyControlsAgent>:5139]
2026-07-02 00:07:41.878074+0200 0x12e70    Error       0x9d616              4914   0    runningboardd: (RunningBoard) [com.apple.runningboard:jetsam] memorystatus_control error: MEMORYSTATUS_CMD_CONVERT_MEMLIMIT_MB(-1) returned -1 1 (Operation not permitted)
2026-07-02 00:07:41.878085+0200 0x12e70    Error       0x9d616              4914   0    runningboardd: (RunningBoard) [com.apple.runningboard:jetsam] memorystatus_control error: MEMORYSTATUS_CMD_CONVERT_MEMLIMIT_MB(0) returned -1 1 (Operation not permitted)
2026-07-02 00:07:41.878567+0200 0x12e70    Default     0x9d616              4914   0    runningboardd: (RunningBoard) [com.apple.runningboard:general] _bundleMatchesProcessWithExecutablePath using realpath and comparing /Library/Developer/CoreSimulator/Volumes/iOS_23F77/Library/Developer/CoreSimulator/Profiles/Runtimes/iOS 26.5.simruntime/Contents/Resources/RuntimeRoot/System/Library/Frameworks/FamilyControls.framework/FamilyControlsAgent and /Library/Developer/CoreSimulator/Volumes/iOS_23F77/Library/Developer/CoreSimulator/Profiles/Runtimes/iOS 26.5.simruntime/Contents/Resources/RuntimeRoot/System/Library/Frameworks/FamilyControls.framework/FamilyControls
2026-07-02 00:07:41.878836+0200 0x12e70    Default     0x9d616              4914   0    runningboardd: (RunningBoardServices) [com.apple.runningboard:general] Full encoding handle [osservice<com.apple.FamilyControlsAgent>:5139], with data 476e89c600001413, and pid 5139
2026-07-02 00:07:41.878918+0200 0x12e70    Default     0x9d616              4914   0    runningboardd: (RunningBoard) [com.apple.runningboard:process] [osservice<com.apple.FamilyControlsAgent>:5139] is not RunningBoard jetsam managed.
2026-07-02 00:07:41.878927+0200 0x12e70    Default     0x9d616              4914   0    runningboardd: (RunningBoard) [com.apple.runningboard:process] [osservice<com.apple.FamilyControlsAgent>:5139] This process will not be managed.
2026-07-02 00:07:41.879540+0200 0x12e70    Activity    0x9d617              4914   0    runningboardd: (RunningBoard) statesForPredicate
2026-07-02 00:07:41.879752+0200 0x12e70    Default     0x9d617              4914   0    runningboardd: (RunningBoard) [com.apple.runningboard:process] _resolveProcessWithIdentifier pid 5139 euid 501 auid 501
2026-07-02 00:07:41.879768+0200 0x12e70    Default     0x9d617              4914   0    runningboardd: (RunningBoard) [com.apple.runningboard:process] Resolved pid 5139 to [osservice<com.apple.FamilyControlsAgent>:5139]
2026-07-02 00:07:41.879788+0200 0x12e70    Error       0x9d617              4914   0    runningboardd: (RunningBoard) [com.apple.runningboard:jetsam] memorystatus_control error: MEMORYSTATUS_CMD_CONVERT_MEMLIMIT_MB(-1) returned -1 1 (Operation not permitted)
2026-07-02 00:07:41.879798+0200 0x12e70    Error       0x9d617              4914   0    runningboardd: (RunningBoard) [com.apple.runningboard:jetsam] memorystatus_control error: MEMORYSTATUS_CMD_CONVERT_MEMLIMIT_MB(0) returned -1 1 (Operation not permitted)
2026-07-02 00:07:41.880465+0200 0x12e70    Default     0x9d617              4914   0    runningboardd: (RunningBoard) [com.apple.runningboard:general] _bundleMatchesProcessWithExecutablePath using realpath and comparing /Library/Developer/CoreSimulator/Volumes/iOS_23F77/Library/Developer/CoreSimulator/Profiles/Runtimes/iOS 26.5.simruntime/Contents/Resources/RuntimeRoot/System/Library/Frameworks/FamilyControls.framework/FamilyControlsAgent and /Library/Developer/CoreSimulator/Volumes/iOS_23F77/Library/Developer/CoreSimulator/Profiles/Runtimes/iOS 26.5.simruntime/Contents/Resources/RuntimeRoot/System/Library/Frameworks/FamilyControls.framework/FamilyControls
2026-07-02 00:07:41.880826+0200 0x12e70    Default     0x9d617              4914   0    runningboardd: (RunningBoardServices) [com.apple.runningboard:general] Full encoding handle [osservice<com.apple.FamilyControlsAgent>:5139], with data 5cde02c700001413, and pid 5139
2026-07-02 00:07:41.880899+0200 0x12e70    Default     0x9d617              4914   0    runningboardd: (RunningBoard) [com.apple.runningboard:process] [osservice<com.apple.FamilyControlsAgent>:5139] is not RunningBoard jetsam managed.
2026-07-02 00:07:41.880910+0200 0x12e70    Default     0x9d617              4914   0    runningboardd: (RunningBoard) [com.apple.runningboard:process] [osservice<com.apple.FamilyControlsAgent>:5139] This process will not be managed.
2026-07-02 00:07:41.892438+0200 0x12e67    Default     0x9be3b              4914   0    runningboardd: (RunningBoard) [com.apple.runningboard:message] PERF: Received lookupHandleForPredicate request from [osservice<com.apple.cloudd>:4966] (euid 501, auid 501) (persona (null))
2026-07-02 00:07:41.892463+0200 0x12e67    Activity    0x9d618              4914   0    runningboardd: (RunningBoard) lookupHandleForPredicate
2026-07-02 00:07:41.910976+0200 0x1302a    Activity    0x9d50f              5035   0    SpringBoard: (RunningBoardServices) observedProcessStatesDidChange
2026-07-02 00:07:41.911046+0200 0x1302a    Default     0x9d50f              5035   0    SpringBoard: (RunningBoardServices) [com.apple.runningboard:monitor] Received state update for 5138 (osservice<com.apple.storekitd>, running-NotVisible
2026-07-02 00:07:41.926318+0200 0x12e70    Activity    0x9d619              4914   0    runningboardd: (RunningBoard) incoming connection
2026-07-02 00:07:41.926360+0200 0x12e70    Default     0x9d619              4914   0    runningboardd: (RunningBoard) [com.apple.runningboard:connection] Incoming connection from 5139, user 501/501
2026-07-02 00:07:41.926656+0200 0x12e70    Default     0x9d619              4914   0    runningboardd: (RunningBoard) [com.apple.runningboard:process] _resolveProcessWithIdentifier pid 5139 euid 501 auid 501
2026-07-02 00:07:41.926681+0200 0x12e70    Default     0x9d619              4914   0    runningboardd: (RunningBoard) [com.apple.runningboard:process] Resolved pid 5139 to [osservice<com.apple.FamilyControlsAgent>:5139]
2026-07-02 00:07:41.926704+0200 0x12e70    Default     0x9d619              4914   7    runningboardd: (RunningBoard) [com.apple.runningboard:ttl] existingInstance is: (null)
2026-07-02 00:07:41.926730+0200 0x12e70    Error       0x9d619              4914   0    runningboardd: (RunningBoard) [com.apple.runningboard:jetsam] memorystatus_control error: MEMORYSTATUS_CMD_CONVERT_MEMLIMIT_MB(-1) returned -1 1 (Operation not permitted)
2026-07-02 00:07:41.926739+0200 0x12e70    Error       0x9d619              4914   0    runningboardd: (RunningBoard) [com.apple.runningboard:jetsam] memorystatus_control error: MEMORYSTATUS_CMD_CONVERT_MEMLIMIT_MB(0) returned -1 1 (Operation not permitted)
2026-07-02 00:07:41.927323+0200 0x12e70    Default     0x9d619              4914   0    runningboardd: (RunningBoard) [com.apple.runningboard:general] _bundleMatchesProcessWithExecutablePath using realpath and comparing /Library/Developer/CoreSimulator/Volumes/iOS_23F77/Library/Developer/CoreSimulator/Profiles/Runtimes/iOS 26.5.simruntime/Contents/Resources/RuntimeRoot/System/Library/Frameworks/FamilyControls.framework/FamilyControlsAgent and /Library/Developer/CoreSimulator/Volumes/iOS_23F77/Library/Developer/CoreSimulator/Profiles/Runtimes/iOS 26.5.simruntime/Contents/Resources/RuntimeRoot/System/Library/Frameworks/FamilyControls.framework/FamilyControls
2026-07-02 00:07:41.927690+0200 0x12e70    Default     0x9d619              4914   0    runningboardd: (RunningBoardServices) [com.apple.runningboard:general] Full encoding handle [osservice<com.apple.FamilyControlsAgent>:5139], with data 507a5d8600001413, and pid 5139
2026-07-02 00:07:41.927793+0200 0x12e70    Default     0x9d619              4914   0    runningboardd: (RunningBoard) [com.apple.runningboard:process] [osservice<com.apple.FamilyControlsAgent>:5139] is not RunningBoard jetsam managed.
2026-07-02 00:07:41.927805+0200 0x12e70    Default     0x9d619              4914   0    runningboardd: (RunningBoard) [com.apple.runningboard:process] [osservice<com.apple.FamilyControlsAgent>:5139] This process will not be managed.
2026-07-02 00:07:41.927814+0200 0x12e70    Default     0x9d619              4914   7    runningboardd: (RunningBoard) [com.apple.runningboard:ttl] Now tracking process: [osservice<com.apple.FamilyControlsAgent>:5139]
2026-07-02 00:07:41.927823+0200 0x12e70    Default     0x9d619              4914   7    runningboardd: (RunningBoard) [com.apple.runningboard:ttl] Existing process in RBProcessIndex is: (null)
2026-07-02 00:07:41.927833+0200 0x12e70    Default     0x9d619              4914   7    runningboardd: (RunningBoard) [com.apple.runningboard:ttl] existingProcess in RBProcessManager is: (null)
2026-07-02 00:07:41.927842+0200 0x12e70    Default     0x9d619              4914   0    runningboardd: (RunningBoard) [com.apple.runningboard:general] Process HWM C 108(108) P 132(132) A 35(174) M 17(18)
2026-07-02 00:07:41.927859+0200 0x12e70    Default     0x9d619              4914   7    runningboardd: (RunningBoard) [com.apple.runningboard:ttl] Existing process in RBProcessIndex is: (null)
2026-07-02 00:07:41.927918+0200 0x12e70    Default     0x9d619              4914   7    runningboardd: (RunningBoard) [com.apple.runningboard:ttl] Existing process in RBProcessIndex is: (null)
2026-07-02 00:07:41.927918+0200 0x12da4    Default     0x9d619              4914   7    runningboardd: (RunningBoard) [com.apple.runningboard:ttl] Existing process in RBProcessIndex is: (null)
2026-07-02 00:07:41.928006+0200 0x12e70    Default     0x9d619              4914   0    runningboardd: (AppServerSupport) [com.apple.libxpc.OSLaunchdJob:all] <OSLaunchdJob | handle=9443201E-83DE-42CC-B89B-2BDF9DBEBB88>: copyJobWithPid:5139 created a job
2026-07-02 00:07:41.928188+0200 0x12e68    Default     0x9d619              4914   0    runningboardd: (AppServerSupport) [com.apple.libxpc.OSLaunchdJob:all] <OSLaunchdJob | handle=9443201E-83DE-42CC-B89B-2BDF9DBEBB88>: monitor initial info is running, pid=5139
2026-07-02 00:07:41.928231+0200 0x12e68    Default     0x9d619              4914   0    runningboardd: (RunningBoard) [com.apple.runningboard:general] [osservice<com.apple.FamilyControlsAgent>:5139] reported to RB as running
2026-07-02 00:07:41.928270+0200 0x1301e    Activity    0x9d640              5035   0    SpringBoard: (RunningBoardServices) observedProcessStatesDidChange
2026-07-02 00:07:41.928289+0200 0x12e68    Default     0x9d619              4914   0    runningboardd: (AppServerSupport) [com.apple.libxpc.OSLaunchdJob:all] <OSLaunchdJob | handle=9443201E-83DE-42CC-B89B-2BDF9DBEBB88>: starting monitoring
2026-07-02 00:07:41.928366+0200 0x12e67    Activity    0x9d61a              4914   0    runningboardd: (RunningBoard) lookupHandleForKey
2026-07-02 00:07:41.928498+0200 0x12e70    Default     0x9d619              4914   0    runningboardd: (RunningBoard) [com.apple.runningboard:general] Client HWM C 109(109) P 132(132) A 35(174) M 17(18)
2026-07-02 00:07:41.928504+0200 0x1301e    Default     0x9d640              5035   0    SpringBoard: (RunningBoardServices) [com.apple.runningboard:process] Hit the server for a process handle 107a5d8600001413 that resolved to: [osservice<com.apple.FamilyControlsAgent>:5139]
2026-07-02 00:07:41.928517+0200 0x12e70    Default     0x9d619              4914   0    runningboardd: (libxpc.dylib) [com.apple.xpc:connection] [0x105939500] activating connection: mach=false listener=false peer=true name=com.apple.runningboard.peer[5139].0x105939500
2026-07-02 00:07:41.928546+0200 0x1301e    Default     0x9d640              5035   0    SpringBoard: (RunningBoardServices) [com.apple.runningboard:monitor] Received state update for 5139 (osservice<com.apple.FamilyControlsAgent>, running-NotVisible
2026-07-02 00:07:41.928644+0200 0x12e68    Activity    0x9d61b              4914   0    runningboardd: (RunningBoard) handshakeWithRequest
2026-07-02 00:07:41.928665+0200 0x12e68    Default     0x9d61b              4914   0    runningboardd: (RunningBoard) [com.apple.runningboard:connection] Setting client for [osservice<com.apple.FamilyControlsAgent>:5139] as ready
2026-07-02 00:07:41.928685+0200 0x12e68    Default     0x9d61b              4914   0    runningboardd: (RunningBoard) [com.apple.runningboard:connection] Received handshake request from 5139 with 0 assertion descriptors
2026-07-02 00:07:41.928707+0200 0x12e68    Default     0x9d61b              4914   0    runningboardd: (RunningBoard) [com.apple.runningboard:connection] Handshake successful with 5139; sending response
2026-07-02 00:07:41.928778+0200 0x12e68    Activity    0x9d61c              4914   0    runningboardd: (RunningBoard) statesForPredicate
2026-07-02 00:07:41.946677+0200 0x12e67    Default     0x9d66f              4914   0    runningboardd: (RunningBoard) [com.apple.runningboard:message] PERF: Received lookupHandleForPredicate request from [osservice<com.apple.cloudd>:4966] (euid 501, auid 501) (persona (null))
2026-07-02 00:07:41.946692+0200 0x12e67    Activity    0x9d61d              4914   0    runningboardd: (RunningBoard) lookupHandleForPredicate
2026-07-02 00:07:41.947453+0200 0x12e67    Activity    0x9d61e              4914   0    runningboardd: (RunningBoard) acquireAssertionWithDescriptor
2026-07-02 00:07:41.947552+0200 0x12e67    Default     0x9d61e              4914   7    runningboardd: (RunningBoard) [com.apple.runningboard:ttl] Acquiring assertion targeting [osservice<com.apple.nsurlsessiond>:4957] from originator [osservice<com.apple.nsurlsessiond>:4957] with description <RBSAssertionDescriptor| "com.apple.CFNetwork.StorageDB" ID:4914-4957-654 target:4957 attributes:[
	<RBSDomainAttribute| domain:"com.apple.common" name:"FinishTaskUninterruptable" sourceEnvironment:"(null)">,
	<RBSAcquisitionCompletionAttribute| policy:AfterApplication>
	]>
2026-07-02 00:07:41.947629+0200 0x12e67    Default     0x9d61e              4914   7    runningboardd: (RunningBoard) [com.apple.runningboard:ttl] Assertion 4914-4957-654 (target:[osservice<com.apple.nsurlsessiond>:4957]) will be created as active as no start-time-defining assertions exist
2026-07-02 00:07:41.947711+0200 0x12e67    Activity    0x9d61f              4914   0    runningboardd: (RunningBoard) state update
2026-07-02 00:07:41.947942+0200 0x12e68    Default     0x9d61e              4914   0    runningboardd: (RunningBoard) [com.apple.runningboard:process] [osservice<com.apple.nsurlsessiond>:4957] Ignoring jetsam update because this process is not memory-managed
2026-07-02 00:07:41.947953+0200 0x12e68    Default     0x9d61e              4914   0    runningboardd: (RunningBoard) [com.apple.runningboard:process] [osservice<com.apple.nsurlsessiond>:4957] Ignoring suspend because this process is not lifecycle managed
2026-07-02 00:07:41.947960+0200 0x12e68    Default     0x9d61e              4914   0    runningboardd: (RunningBoard) [com.apple.runningboard:process] [osservice<com.apple.nsurlsessiond>:4957] Ignoring role changes because this process is not role managed
2026-07-02 00:07:41.948065+0200 0x12e70    Default     0x9d61e              4914   0    runningboardd: (RunningBoard) [com.apple.runningboard:power] Acquired process power assertion with ID 65535 for pid 4957
2026-07-02 00:07:41.948088+0200 0x12e68    Default     0x9d61e              4914   0    runningboardd: (RunningBoard) [com.apple.runningboard:process] [osservice<com.apple.nsurlsessiond>:4957] Ignoring GPU update because this process is not GPU managed
2026-07-02 00:07:41.948329+0200 0x12e68    Default     0x9d61e              4914   0    runningboardd: (RunningBoard) [com.apple.runningboard:process] [osservice<com.apple.nsurlsessiond>:4957] Ignoring memory limit update because this process is not memory-managed
2026-07-02 00:07:41.949017+0200 0x1301d    Activity    0x9d641              5035   0    SpringBoard: (RunningBoardServices) observedProcessStatesDidChange
2026-07-02 00:07:41.949084+0200 0x1301d    Default     0x9d641              5035   0    SpringBoard: (RunningBoardServices) [com.apple.runningboard:monitor] Received state update for 4957 (osservice<com.apple.nsurlsessiond>, running-NotVisible
2026-07-02 00:07:41.949380+0200 0x12e68    Activity    0x9d700              4914   0    runningboardd: (RunningBoard) limitationsForInstance
2026-07-02 00:07:41.952395+0200 0x1301e    Default     0x9d504              5035   0    SpringBoard: (SplashBoard) [com.apple.SplashBoard:Capture] Image generation complete for: <XBLaunchStateRequest: 0x1203c03f0; groupID: MJR-Labs.Aura-Health - {DEFAULT GROUP}; statusBar: normal; refSize: {440, 956}; orientation: Portrait; userInterfaceStyle: Light>
2026-07-02 00:07:41.952401+0200 0x1301d    Default     0x0                  5035   0    SpringBoard: (FrontBoard) [com.apple.FrontBoard:Common] [FBSystemService][0xbae8] Application info provider (FBSApplicationLibrary) returned nil for "com.miguelito.Aura-Health"
2026-07-02 00:07:41.952451+0200 0x1301d    Default     0x0                  5035   0    SpringBoard: (FrontBoard) [com.apple.FrontBoard:Common] [FBSystemService][0xbae8] Trusting entitled client CoreSimulatorBr:4941.
2026-07-02 00:07:41.952508+0200 0x12ffe    Default     0x9d504              5035   0    SpringBoard: (SplashBoard) [com.apple.SplashBoard:Capture] Asynchronously generating image data for request: <XBLaunchStateRequest: 0x1203c0930; groupID: MJR-Labs.Aura-Health - {DEFAULT GROUP}; statusBar: normal; refSize: {440, 956}; orientation: Portrait; userInterfaceStyle: Dark>
2026-07-02 00:07:41.952571+0200 0x1301d    Default     0x0                  5035   0    SpringBoard: (FrontBoard) [com.apple.FrontBoard:Common] [FBSystemService][0xbae8] Open "com.miguelito.Aura-Health" request from CoreSimulatorBr:4941 failed with error: <NSError: 0x11ac80e40; domain: FBSOpenApplicationServiceErrorDomain; code: 4 ("InvalidRequest")> {
    FBSOpenApplicationRequestID = 0xbae8;
    NSLocalizedDescription = The request to open "com.miguelito.Aura-Health" failed.;
    NSUnderlyingError = <NSError: 0x11ac83810; domain: FBSOpenApplicationErrorDomain; code: 4 ("NotFound"); "Application info provider (FBSApplicationLibrary) returned nil for "com.miguelito.Aura-Health"">;
}
2026-07-02 00:07:41.952983+0200 0x1301e    Default     0x0                  5035   0    SpringBoard: (libxpc.dylib) [com.apple.xpc:connection] [0x11ae69a40] activating connection: mach=true listener=false peer=false name=com.apple.lsd.open
2026-07-02 00:07:41.953225+0200 0x12ffe    Default     0x9d504              5035   0    SpringBoard: (SplashBoard) [com.apple.SplashBoard:Capture] Nothing to validate
2026-07-02 00:07:41.953262+0200 0x12ffe    Default     0x9d504              5035   0    SpringBoard: (SplashBoard) [com.apple.SplashBoard:Capture] Validated OK
2026-07-02 00:07:41.953645+0200 0x13004    Default     0x9d504              5035   0    SpringBoard: (SplashBoard) [com.apple.SplashBoard:FileManifest] <XBApplicationSnapshotManifestImpl: 0x11ed5cb80> [MJR-Labs.Aura-Health] Snapshot data for <XBApplicationSnapshot: 0x11a9608c0; …8C7D0A2EB036> [MJR-Labs.Aura-Health] written to file: /Users/miguelito/Library/Developer/CoreSimulator/Devices/A0AA6D6A-0B56-46BF-ACF4-378FDCADA106/data/Containers/Data/Application/20E05A3C-5908-4011-8D30-8BED051E08FE/Library/SplashBoard/Snapshots/MJR-Labs.Aura-Health - {DEFAULT GROUP}/E161508D-1FD5-4747-90E9-8C7D0A2EB036@3x.ktx
2026-07-02 00:07:41.957775+0200 0x13026    Error       0x0                  5035   2    SpringBoard: (CoreServices) [com.apple.launchservices:default] *** ERROR *** Presenting restoration prompt for com.miguelito.Aura-Health: Error Domain=NSOSStatusErrorDomain Code=-10814 "(null)" UserInfo={_LSFile=LSBindingEvaluator.mm, _LSLine=1973, _LSFunction=runEvaluator}
2026-07-02 00:07:41.971476+0200 0x13003    Activity    0x9d642              5035   0    SpringBoard: (RunningBoardServices) observedProcessStatesDidChange
2026-07-02 00:07:41.971555+0200 0x13003    Default     0x9d642              5035   0    SpringBoard: (RunningBoardServices) [com.apple.runningboard:monitor] Received state update for 5136 (osservice<com.apple.coreidvd>, running-NotVisible
2026-07-02 00:07:41.981897+0200 0x12e70    Activity    0x9d701              4914   0    runningboardd: (RunningBoard) acquireAssertionWithDescriptor
2026-07-02 00:07:41.982034+0200 0x12e70    Default     0x9d701              4914   7    runningboardd: (RunningBoard) [com.apple.runningboard:ttl] Acquiring assertion targeting [osservice<com.apple.videosubscriptionsd>:5132] from originator [osservice<com.apple.videosubscriptionsd>:5132] with description <RBSAssertionDescriptor| "com.apple.CFNetwork.StorageDB" ID:4914-5132-655 target:5132 attributes:[
	<RBSDomainAttribute| domain:"com.apple.common" name:"FinishTaskUninterruptable" sourceEnvironment:"(null)">,
	<RBSAcquisitionCompletionAttribute| policy:AfterApplication>
	]>
2026-07-02 00:07:41.982133+0200 0x12e70    Default     0x9d701              4914   7    runningboardd: (RunningBoard) [com.apple.runningboard:ttl] Assertion 4914-5132-655 (target:[osservice<com.apple.videosubscriptionsd>:5132]) will be created as active as no start-time-defining assertions exist
2026-07-02 00:07:41.982247+0200 0x12e67    Activity    0x9d702              4914   0    runningboardd: (RunningBoard) state update
2026-07-02 00:07:41.982410+0200 0x12e70    Default     0x9d701              4914   0    runningboardd: (RunningBoard) [com.apple.runningboard:process] [osservice<com.apple.videosubscriptionsd>:5132] Ignoring jetsam update because this process is not memory-managed
2026-07-02 00:07:41.982426+0200 0x12e70    Default     0x9d701              4914   0    runningboardd: (RunningBoard) [com.apple.runningboard:process] [osservice<com.apple.videosubscriptionsd>:5132] Ignoring suspend because this process is not lifecycle managed
2026-07-02 00:07:41.982441+0200 0x12e70    Default     0x9d701              4914   0    runningboardd: (RunningBoard) [com.apple.runningboard:process] [osservice<com.apple.videosubscriptionsd>:5132] Ignoring role changes because this process is not role managed
2026-07-02 00:07:41.982449+0200 0x12e70    Default     0x9d701              4914   0    runningboardd: (RunningBoard) [com.apple.runningboard:process] [osservice<com.apple.videosubscriptionsd>:5132] Ignoring GPU update because this process is not GPU managed
2026-07-02 00:07:41.982451+0200 0x12da4    Default     0x9d701              4914   0    runningboardd: (RunningBoard) [com.apple.runningboard:power] Acquired process power assertion with ID 65535 for pid 5132
2026-07-02 00:07:41.982529+0200 0x12e70    Default     0x9d701              4914   0    runningboardd: (RunningBoard) [com.apple.runningboard:process] [osservice<com.apple.videosubscriptionsd>:5132] Ignoring memory limit update because this process is not memory-managed
2026-07-02 00:07:41.983022+0200 0x13003    Activity    0x9d643              5035   0    SpringBoard: (RunningBoardServices) observedProcessStatesDidChange
2026-07-02 00:07:41.983084+0200 0x13003    Default     0x9d643              5035   0    SpringBoard: (RunningBoardServices) [com.apple.runningboard:monitor] Received state update for 5132 (osservice<com.apple.videosubscriptionsd>, running-NotVisible
2026-07-02 00:07:41.983326+0200 0x12e67    Activity    0x9d703              4914   0    runningboardd: (RunningBoard) limitationsForInstance
2026-07-02 00:07:42.000586+0200 0x13027    Error       0x9d504              5035   0    SpringBoard: (BaseBoard) [com.apple.BaseBoard:Common] [BSBlockSentinel:XBLaunchImageProvider] unexpected signal! 2 of 1
2026-07-02 00:07:42.000634+0200 0x13027    Default     0x9d504              5035   0    SpringBoard: (SplashBoard) [com.apple.SplashBoard:Capture] Image generation complete for: <XBLaunchStateRequest: 0x1203c0930; groupID: MJR-Labs.Aura-Health - {DEFAULT GROUP}; statusBar: normal; refSize: {440, 956}; orientation: Portrait; userInterfaceStyle: Dark>
2026-07-02 00:07:42.000755+0200 0x12ffe    Default     0x9d504              5035   0    SpringBoard: (SplashBoard) [com.apple.SplashBoard:Capture] Asynchronously generating image data for request: <XBLaunchStateRequest: 0x1203c09a0; groupID: MJR-Labs.Aura-Health - {DEFAULT GROUP}; statusBar: hidden; refSize: {440, 956}; naturalSize: {956, 440}; orientation: LandscapeLeft; userInterfaceStyle: Light>
2026-07-02 00:07:42.001119+0200 0x13004    Default     0x9d504              5035   0    SpringBoard: (SplashBoard) [com.apple.SplashBoard:FileManifest] <XBApplicationSnapshotManifestImpl: 0x11ed5cb80> [MJR-Labs.Aura-Health] Snapshot data for <XBApplicationSnapshot: 0x11a8def40; …31DFA54581CB> [MJR-Labs.Aura-Health] written to file: /Users/miguelito/Library/Developer/CoreSimulator/Devices/A0AA6D6A-0B56-46BF-ACF4-378FDCADA106/data/Containers/Data/Application/20E05A3C-5908-4011-8D30-8BED051E08FE/Library/SplashBoard/Snapshots/MJR-Labs.Aura-Health - {DEFAULT GROUP}/F1E5034B-9244-49D7-8903-31DFA54581CB@3x.ktx
2026-07-02 00:07:42.001620+0200 0x12ffe    Default     0x9d504              5035   0    SpringBoard: (SplashBoard) [com.apple.SplashBoard:Capture] Nothing to validate
2026-07-02 00:07:42.001671+0200 0x12ffe    Default     0x9d504              5035   0    SpringBoard: (SplashBoard) [com.apple.SplashBoard:Capture] Validated OK
2026-07-02 00:07:42.045421+0200 0x127e2    Default     0x9ae0d              5035   0    SpringBoard: (UIKitCore) [com.apple.UIKit:UIFocus] Failed to update focus with context <UIFocusUpdateContext: 0x11efe2a80; previouslyFocusedItem: (nil); nextFocusedItem: (nil); focusHeading: None>. No additional info available.
2026-07-02 00:07:42.065711+0200 0x13003    Error       0x9d504              5035   0    SpringBoard: (BaseBoard) [com.apple.BaseBoard:Common] [BSBlockSentinel:XBLaunchImageProvider] unexpected signal! 3 of 1
2026-07-02 00:07:42.065791+0200 0x13003    Default     0x9d504              5035   0    SpringBoard: (SplashBoard) [com.apple.SplashBoard:Capture] Image generation complete for: <XBLaunchStateRequest: 0x1203c09a0; groupID: MJR-Labs.Aura-Health - {DEFAULT GROUP}; statusBar: hidden; refSize: {440, 956}; naturalSize: {956, 440}; orientation: LandscapeLeft; userInterfaceStyle: Light>
2026-07-02 00:07:42.065911+0200 0x12ffe    Default     0x9d504              5035   0    SpringBoard: (SplashBoard) [com.apple.SplashBoard:Capture] Asynchronously generating image data for request: <XBLaunchStateRequest: 0x1203c0a10; groupID: MJR-Labs.Aura-Health - {DEFAULT GROUP}; statusBar: hidden; refSize: {440, 956}; naturalSize: {956, 440}; orientation: LandscapeLeft; userInterfaceStyle: Dark>
2026-07-02 00:07:42.066131+0200 0x13004    Default     0x9d504              5035   0    SpringBoard: (SplashBoard) [com.apple.SplashBoard:FileManifest] <XBApplicationSnapshotManifestImpl: 0x11ed5cb80> [MJR-Labs.Aura-Health] Snapshot data for <XBApplicationSnapshot: 0x11a960700; …73838757BF47> [MJR-Labs.Aura-Health] written to file: /Users/miguelito/Library/Developer/CoreSimulator/Devices/A0AA6D6A-0B56-46BF-ACF4-378FDCADA106/data/Containers/Data/Application/20E05A3C-5908-4011-8D30-8BED051E08FE/Library/SplashBoard/Snapshots/MJR-Labs.Aura-Health - {DEFAULT GROUP}/A6236657-CD07-4388-AD38-73838757BF47@3x.ktx
2026-07-02 00:07:42.066136+0200 0x12ffe    Default     0x9d504              5035   0    SpringBoard: (SplashBoard) [com.apple.SplashBoard:Capture] Nothing to validate
2026-07-02 00:07:42.066227+0200 0x12ffe    Default     0x9d504              5035   0    SpringBoard: (SplashBoard) [com.apple.SplashBoard:Capture] Validated OK
2026-07-02 00:07:42.107869+0200 0x12f95    Error       0x9d504              5035   0    SpringBoard: (BaseBoard) [com.apple.BaseBoard:Common] [BSBlockSentinel:XBLaunchImageProvider] unexpected signal! 4 of 1
2026-07-02 00:07:42.107947+0200 0x12f95    Default     0x9d504              5035   0    SpringBoard: (SplashBoard) [com.apple.SplashBoard:Capture] Image generation complete for: <XBLaunchStateRequest: 0x1203c0a10; groupID: MJR-Labs.Aura-Health - {DEFAULT GROUP}; statusBar: hidden; refSize: {440, 956}; naturalSize: {956, 440}; orientation: LandscapeLeft; userInterfaceStyle: Dark>
2026-07-02 00:07:42.108004+0200 0x12ffe    Error       0x9d504              5035   0    SpringBoard: (BaseBoard) [com.apple.BaseBoard:Common] [BSBlockSentinel:XBLaunchImageProvider] unexpected signal! 5 of 1
2026-07-02 00:07:42.108070+0200 0x12f95    Default     0x9d504              5035   0    SpringBoard: (libxpc.dylib) [com.apple.xpc:connection] [0x11ae6a580] invalidated because the current process cancelled the connection by calling xpc_connection_cancel()
2026-07-02 00:07:42.108492+0200 0x13004    Default     0x9d504              5035   0    SpringBoard: (SplashBoard) [com.apple.SplashBoard:FileManifest] <XBApplicationSnapshotManifestImpl: 0x11ed5cb80> [MJR-Labs.Aura-Health] Snapshot data for <XBApplicationSnapshot: 0x11ed6da40; …9063A7B233A8> [MJR-Labs.Aura-Health] written to file: /Users/miguelito/Library/Developer/CoreSimulator/Devices/A0AA6D6A-0B56-46BF-ACF4-378FDCADA106/data/Containers/Data/Application/20E05A3C-5908-4011-8D30-8BED051E08FE/Library/SplashBoard/Snapshots/MJR-Labs.Aura-Health - {DEFAULT GROUP}/D2296934-287E-47A4-8202-9063A7B233A8@3x.ktx
2026-07-02 00:07:42.379981+0200 0x127e2    Default     0x0                  5035   0    SpringBoard: (SpringBoardHome) [com.apple.SpringBoard:ProactiveAppLibrary] (3) Starting Library Category Map refresh from requests '(
    "<SBHLibraryCategoryMapProviderRefreshRequest: 0x11aeac480; requestReason: -[SBHLibraryCategoryMapProvider requestLibraryCategoryMapUpdateWithRefreshOptions:source:SBHLibraryCategoryMapProviderDefaultSource]> options = {\n    startFromScratch = 0;\n    refreshNow = 0;\n    fetch proactive categories = 1;\n    fetch categories = 1;\n}"
)'
2026-07-02 00:07:42.380034+0200 0x127e2    Default     0x0                  5035   0    SpringBoard: (SpringBoardHome) [com.apple.SpringBoard:ProactiveAppLibrary] (3) Refresh options: {
    "fetch categories" = 1;
    "fetch proactive categories" = 1;
    refreshNow = 0;
    startFromScratch = 0;
}
2026-07-02 00:07:42.380725+0200 0x12ffe    Default     0x0                  5035   0    SpringBoard: (AppPredictionClient) [com.apple.duetexpertd.atx:homescreen] -[ATXDefaultHomeScreenItemManager _readUpdateFromFileAtPath:completionHandler:]_block_invoke: No suggestions file found.
2026-07-02 00:07:42.380797+0200 0x12ffe    Error       0x0                  5035   0    SpringBoard: (AppPredictionClient) [com.apple.duetexpertd.atx:homescreen] -[ATXDefaultHomeScreenItemManager fetchGalleryItemsForVariant:gridSize:supportedFamilies:personaIdentifier:completionHandler:]_block_invoke: Error fetching add widget defaults: Error Domain=ATXDefaultWidgetManager Code=2 "No suggestions file found" UserInfo={NSDebugDescription=No suggestions file found}, fetching results on the fly
2026-07-02 00:07:42.381018+0200 0x12f95    Default     0x0                  5035   5    SpringBoard: (ChronoServices) [com.apple.chrono:ChronoServices] <CHSWidgetExtensionProvider:0x11aa79320> Add observer: <CHSWidgetDescriptorProvider:0x11ecaa840>.
2026-07-02 00:07:42.381088+0200 0x12f95    Default     0x0                  5035   5    SpringBoard: (ChronoServices) [com.apple.chrono:ChronoServices] <CHSWidgetExtensionProvider:0x11aa79320> Loading synchronously options: <WidgetExtensionProviderOptions:0x000000011ac80240> includeIntents=false, widgets=[includeRelevanceBacked=false, remote:none], controls=false>.
2026-07-02 00:07:42.381146+0200 0x12f95    Default     0x0                  5035   5    SpringBoard: (ChronoServices) [com.apple.chrono:ChronoServices] Extension subscription updating options to <WidgetExtensionProviderOptions:0x000000011ac80de0> includeIntents=true, widgets=[includeRelevanceBacked=true, remote:none], controls=[visible=true, hidden=false, remote=false]>, forcing update NO
2026-07-02 00:07:42.381221+0200 0x12f95    Default     0x0                  5035   5    SpringBoard: (ChronoServices) [com.apple.chrono:Subscriptions] [extensions] Local subscription count (post add): 8
2026-07-02 00:07:42.381337+0200 0x12f95    Default     0x0                  5035   5    SpringBoard: (ChronoServices) [com.apple.chrono:ChronoServices] <CHSWidgetExtensionProvider:0x11aa79320> Loaded synchronously - 20 received, options: <WidgetExtensionProviderOptions:0x000000011ac80240> includeIntents=false, widgets=[includeRelevanceBacked=false, remote:none], controls=false>.
2026-07-02 00:07:42.381378+0200 0x12f95    Default     0x0                  5035   5    SpringBoard: (ChronoServices) [com.apple.chrono:ChronoServices] <CHSWidgetExtensionProvider:0x11aa79320> Widget extensions changed - 20 received for initial sync.
2026-07-02 00:07:42.382307+0200 0x12f95    Default     0x0                  5035   0    SpringBoard: (AppPredictionClient) [com.apple.duetexpertd.atx:general] ATXWidgetDescriptorCache init - descriptor count: 34
2026-07-02 00:07:42.383524+0200 0x12ffe    Activity    0x9d644              5035   0    SpringBoard: (BiomeFoundation) _BMXPCFileManager._fileHandleForFileAtPath:flags:protection:error:
2026-07-02 00:07:42.383753+0200 0x12ffe    Default     0x9d644              5035   0    SpringBoard: (libxpc.dylib) [com.apple.xpc:connection] [0x11ae69400] activating connection: mach=true listener=false peer=false name=com.apple.biome.access.user
2026-07-02 00:07:42.385496+0200 0x13004    Default     0x0                  5035   0    SpringBoard: (SpringBoardHome) [com.apple.SpringBoard:ProactiveAppLibrary] (3) Finished Library Category Map refresh
2026-07-02 00:07:42.385508+0200 0x13004    Default     0x0                  5035   0    SpringBoard: (SpringBoardHome) [com.apple.SpringBoard:ProactiveAppLibrary] (3) Existing Library category map: 0x11aa05d00
2026-07-02 00:07:42.385517+0200 0x13004    Default     0x0                  5035   0    SpringBoard: (SpringBoardHome) [com.apple.SpringBoard:ProactiveAppLibrary] (3) Refreshed Library category map: 0x11ecaa740
2026-07-02 00:07:42.385873+0200 0x13004    Default     0x0                  5035   0    SpringBoard: (SpringBoardHome) [com.apple.SpringBoard:ProactiveAppLibrary] (3) Library category map changes: LHS: 0x11ecaa740
RHS: 0x11aa05d00
	-->CategoryIdentifiers: 
		DELETION <SBHLibraryCategoryIdentifier: 0x11a8d6a00; localizedDisplayName: " System"; predictionCategoryID: 3000>
		INSERT <SBHLibraryCategoryIdentifier: 0x11ac80e40; localizedDisplayName: Other; predictionCategoryID: 3000>
		INSERT <SBHLibraryCategoryIdentifier: 0x11ac805a0; localizedDisplayName: " System"; predictionCategoryID: 3001>
Category id '<SBHLibraryCategoryIdentifier: 0x11a8d6a00; localizedDisplayName: " System"; predictionCategoryID: 3000>' name change from '(null)'->'(null)'	--> System: 
		DELETION com.apple.Bridge
		DELETION com.apple.DocumentsApp
		DELETION com.apple.Fitness
		DELETION com.apple.Health
		DELETION com.apple.Maps
		DELETION com.apple.MobileAddressBook
		DELETION com.apple.MobileSMS
		DELETION com.apple.Passbook
		DELETION com.apple.Passwords
		DELETION com.apple.Preferences
		DELETION com.apple.Preview
		DELETION com.apple.mobilecal
		DELETION com.apple.mobilesafari
		DELETION com.apple.m
2026-07-02 00:07:42.385899+0200 0x13004    Default     0x0                  5035   0    SpringBoard: (SpringBoardHome) [com.apple.SpringBoard:ProactiveAppLibrary] (3) Will update library category map
2026-07-02 00:07:42.385910+0200 0x13004    Default     0x0                  5035   0    SpringBoard: (SpringBoardHome) [com.apple.SpringBoard:ProactiveAppLibrary] (3) Did update library category map
2026-07-02 00:07:42.385920+0200 0x13004    Default     0x0                  5035   0    SpringBoard: (SpringBoardHome) [com.apple.SpringBoard:ProactiveAppLibrary] (3) Attempting to persist library category map, updated for reason: _performNextRequest
2026-07-02 00:07:42.385964+0200 0x13004    Default     0x0                  5035   0    SpringBoard: (SpringBoardHome) [com.apple.SpringBoard:ProactiveAppLibrary] (3) Session completed 'SUCCESSFULLY'; Request fulfillment time: 0.006109 -- Requests fulfilled: (
    "<SBHLibraryCategoryMapProviderRefreshRequest: 0x11aeac480; requestReason: -[SBHLibraryCategoryMapProvider requestLibraryCategoryMapUpdateWithRefreshOptions:source:SBHLibraryCategoryMapProviderDefaultSource]> options = {\n    startFromScratch = 0;\n    refreshNow = 0;\n    fetch proactive categories = 1;\n    fetch categories = 1;\n}"
)
2026-07-02 00:07:42.386047+0200 0x127e2    Default     0x0                  5035   0    SpringBoard: (SpringBoardHome) [com.apple.SpringBoard:Library] library category map update received: <SBHLibraryMutableCategoryMap: 0x11ecaa740; generatedDate: 2026-07-01 22:07:42 +0000; uniqueIdentifier: CDC65343-AAB1-445F-9FF2-54B2AE46850E; loadedFromDisk: NO; _localizedCategoryNameByCategoryIdentifier: (empty)> categoryIdentifiers = {
    3000;
    3001;
}
sortedApplicationIdentifiersByCategoryIdentifier = {
    <SBHLibraryCategoryIdentifier: 0x11ac81aa0; localizedDisplayName: Other> = {
        MJR-Labs.Aura-Health;
    }
    <SBHLibraryCategoryIdentifier: 0x11ac82220; localizedDisplayName: " System"> = {
        com.apple.Bridge;
        com.apple.DocumentsApp;
        com.apple.Fitness;
        com.apple.Health;
        com.apple.Maps;
        com.apple.MobileAddressBook;
        com.apple.MobileSMS;
        com.apple.Passbook;
        com.apple.Passwords;
        com.apple.Preferences;
        com.apple.Preview;
        com.apple.mobilecal;
        com.apple.mobilesafari;
        com.apple.mobileslideshow;
        com.apple.news;
        com.apple.reminders;
        com.apple.shortcuts;
2026-07-02 00:07:42.386058+0200 0x12f95    Default     0x0                  5035   0    SpringBoard: (SpringBoardHome) [com.apple.SpringBoard:ProactiveAppLibrary] (3) Library category map caches directory exists @ '/Users/miguelito/Library/Developer/CoreSimulator/Devices/A0AA6D6A-0B56-46BF-ACF4-378FDCADA106/data/Documents/com.apple.springboard.appLibrary/com.apple.springboardhome.categorymapcache.es_ES.default.6.plist'; skipping creation...
2026-07-02 00:07:42.386105+0200 0x127e2    Default     0x0                  5035   0    SpringBoard: (SpringBoardHome) [com.apple.SpringBoard:Library] Installing category map <SBHLibraryMutableCategoryMap: 0x11ecaa740; generatedDate: 2026-07-01 22:07:42 +0000; uniqueIdentifier: CDC65343-AAB1-445F-9FF2-54B2AE46850E; loadedFromDisk: NO; _localizedCategoryNameByCategoryIdentifier: (empty)> categoryIdentifiers = {
    3000;
    3001;
}
sortedApplicationIdentifiersByCategoryIdentifier = {
    <SBHLibraryCategoryIdentifier: 0x11ac81aa0; localizedDisplayName: Other> = {
        MJR-Labs.Aura-Health;
    }
    <SBHLibraryCategoryIdentifier: 0x11ac82220; localizedDisplayName: " System"> = {
        com.apple.Bridge;
        com.apple.DocumentsApp;
        com.apple.Fitness;
        com.apple.Health;
        com.apple.Maps;
        com.apple.MobileAddressBook;
        com.apple.MobileSMS;
        com.apple.Passbook;
        com.apple.Passwords;
        com.apple.Preferences;
        com.apple.Preview;
        com.apple.mobilecal;
        com.apple.mobilesafari;
        com.apple.mobileslideshow;
        com.apple.news;
        com.apple.reminders;
        com.apple.shortcuts;
   - animated <decode: missing data>
2026-07-02 00:07:42.386293+0200 0x12f95    Default     0x0                  5035   0    SpringBoard: (SpringBoardHome) [com.apple.SpringBoard:ProactiveAppLibrary] (3) Library category map update persisted; contacting observers about successful refresh.
2026-07-02 00:07:42.388338+0200 0x12f95    Default     0x0                  5035   0    SpringBoard: (SpringBoardHome) [com.apple.SpringBoard:ProactiveAppLibrary] (3) Library category map successfully written to file.
2026-07-02 00:07:42.388481+0200 0x12ffe    Default     0x0                  5035   0    SpringBoard: (libxpc.dylib) [com.apple.xpc:connection] [0x11ae69400] invalidated because the current process cancelled the connection by calling xpc_connection_cancel()
2026-07-02 00:07:42.389146+0200 0x12ffe    Default     0x0                  5035   0    SpringBoard: (AppPredictionClient) [com.apple.duetexpertd.atx:homescreen] -[ATXDefaultHomeScreenItemProducer _dayZeroUpdate]: updating with day zero defaults
2026-07-02 00:07:42.392013+0200 0x12ffe    Default     0x0                  5035   0    SpringBoard: (ProactiveSupport) Default bundle asset for "com.apple.MobileAsset.ProactiveSupport.BrokenAssetTypeDescriptor" has missing or unreadable file at path: /Library/Developer/CoreSimulator/Volumes/iOS_23F77/Library/Developer/CoreSimulator/Profiles/Runtimes/iOS 26.5.simruntime/Contents/Resources/RuntimeRoot/System/Library/PrivateFrameworks/AppPredictionClient.framework/../Assets.bundle/AssetData/ATXDefaultHomeScreenItemUpdater.plist. Error: Error Domain=NSCocoaErrorDomain Code=260 "El archivo “ATXDefaultHomeScreenItemUpdater.plist” no ha podido abrirse porque no se encuentra." UserInfo={NSURL=file:///Library/Developer/CoreSimulator/Volumes/iOS_23F77/Library/Developer/CoreSimulator/Profiles/Runtimes/iOS%2026.5.simruntime/Contents/Resources/RuntimeRoot/System/Library/PrivateFrameworks/AppPredictionClient.framework/../Assets.bundle/AssetData/ATXDefaultHomeScreenItemUpdater.plist, NSFilePath=/Library/Developer/CoreSimulator/Volumes/iOS_23F77/Library/Developer/CoreSimulator/Profiles/Runtimes/iOS 26.5.simruntime/Contents/Resources/RuntimeRoot/System/Library/PrivateFrameworks/AppPrediction
2026-07-02 00:07:42.392438+0200 0x127e2    Default     0x0                  5035   0    SpringBoard: (SpringBoardHome) [com.apple.SpringBoard:Icon] <<SBLeafIcon:0x1201b1080 [dewey_category-3000-Other]>> Changing active data source: <SBHLibraryPodCategoryIcon: 0x1201b1080; nodeID: dewey_category-3000-Other; bundleID: dewey_category-3000-Other>
2026-07-02 00:07:42.392458+0200 0x127e2    Default     0x0                  5035   0    SpringBoard: (SpringBoardHome) [com.apple.SpringBoard:Icon] <<SBLeafIcon:0x1201b1080 [dewey_category-3000-Other]>> Changing from data souce: (null) to data source:dewey_category-3000-Other.
2026-07-02 00:07:42.392861+0200 0x127e2    Default     0x0                  5035   0    SpringBoard: (SpringBoardHome) [com.apple.SpringBoard:Icon] <<SBLeafIcon:0x1201b0cc0 [dewey_category-3001- System]>> Changing active data source: <SBHLibraryPodCategoryIcon: 0x1201b0cc0; nodeID: dewey_category-3001- System; bundleID: "dewey_category-3001- System">
2026-07-02 00:07:42.392889+0200 0x12ffe    Fault       0x9d645              5035   14   SpringBoard: (AppPredictionClient) [com.apple.duetexpertd.atx:general] ATXAssets2 - could not find path for resource: ATXDefaultHomeScreenItemUpdater with extension: plist
2026-07-02 00:07:42.392890+0200 0x12ffe    Activity    0x9d645              5035   0    SpringBoard: (libsystem_trace.dylib) Activity for state dumps
2026-07-02 00:07:42.392911+0200 0x127e2    Default     0x0                  5035   0    SpringBoard: (SpringBoardHome) [com.apple.SpringBoard:Icon] <<SBLeafIcon:0x1201b0cc0 [dewey_category-3001- System]>> Changing from data souce: (null) to data source:dewey_category-3001- System.
2026-07-02 00:07:42.392941+0200 0x12ffe    Default     0x0                  5035   0    SpringBoard: (AppPredictionClient) [com.apple.duetexpertd.atx:general] ATXAssets2 - using path: (null) for resource name: ATXDefaultHomeScreenItemUpdater
2026-07-02 00:07:42.393314+0200 0x12ffe    Error       0x0                  5035   0    SpringBoard: (AppPredictionClient) [com.apple.duetexpertd.atx:homescreen] +[ATXDefaultHomeScreenItemProducerUtilities _defaultWidgetStackFromSmallStack:mediumStack:largeStack:extraLargeStack:suggestedSize:maxWidgetsPerStack:isiPad:]: default stack does not have enough widgets (small: 0, med: 0, large: 0)
2026-07-02 00:07:42.393552+0200 0x12ffe    Default     0x0                  5035   0    SpringBoard: (ProactiveSupport) Default bundle asset for "com.apple.MobileAsset.ProactiveSupport.BrokenAssetTypeDescriptor" has missing or unreadable file at path: /Library/Developer/CoreSimulator/Volumes/iOS_23F77/Library/Developer/CoreSimulator/Profiles/Runtimes/iOS 26.5.simruntime/Contents/Resources/RuntimeRoot/System/Library/PrivateFrameworks/AppPredictionClient.framework/../Assets.bundle/AssetData/ATXDefaultHomeScreenItemUpdater.plist. Error: Error Domain=NSCocoaErrorDomain Code=260 "El archivo “ATXDefaultHomeScreenItemUpdater.plist” no ha podido abrirse porque no se encuentra." UserInfo={NSURL=file:///Library/Developer/CoreSimulator/Volumes/iOS_23F77/Library/Developer/CoreSimulator/Profiles/Runtimes/iOS%2026.5.simruntime/Contents/Resources/RuntimeRoot/System/Library/PrivateFrameworks/AppPredictionClient.framework/../Assets.bundle/AssetData/ATXDefaultHomeScreenItemUpdater.plist, NSFilePath=/Library/Developer/CoreSimulator/Volumes/iOS_23F77/Library/Developer/CoreSimulator/Profiles/Runtimes/iOS 26.5.simruntime/Contents/Resources/RuntimeRoot/System/Library/PrivateFrameworks/AppPrediction
2026-07-02 00:07:42.394659+0200 0x12ffe    Fault       0x9d646              5035   14   SpringBoard: (AppPredictionClient) [com.apple.duetexpertd.atx:general] ATXAssets2 - could not find path for resource: ATXDefaultHomeScreenItemUpdater with extension: plist
2026-07-02 00:07:42.394660+0200 0x12ffe    Activity    0x9d646              5035   0    SpringBoard: (libsystem_trace.dylib) Activity for state dumps
2026-07-02 00:07:42.394697+0200 0x12ffe    Default     0x0                  5035   0    SpringBoard: (AppPredictionClient) [com.apple.duetexpertd.atx:general] ATXAssets2 - using path: (null) for resource name: ATXDefaultHomeScreenItemUpdater
2026-07-02 00:07:42.394720+0200 0x12ffe    Error       0x0                  5035   0    SpringBoard: (AppPredictionClient) [com.apple.duetexpertd.atx:homescreen] +[ATXDefaultHomeScreenItemProducerUtilities _defaultWidgetStackFromSmallStack:mediumStack:largeStack:extraLargeStack:suggestedSize:maxWidgetsPerStack:isiPad:]: default stack does not have enough widgets (small: 0, med: 0, large: 0)
2026-07-02 00:07:42.395092+0200 0x12ffe    Default     0x0                  5035   0    SpringBoard: (ProactiveSupport) Default bundle asset for "com.apple.MobileAsset.ProactiveSupport.BrokenAssetTypeDescriptor" has missing or unreadable file at path: /Library/Developer/CoreSimulator/Volumes/iOS_23F77/Library/Developer/CoreSimulator/Profiles/Runtimes/iOS 26.5.simruntime/Contents/Resources/RuntimeRoot/System/Library/PrivateFrameworks/AppPredictionClient.framework/../Assets.bundle/AssetData/ATXDefaultHomeScreenItemUpdater.plist. Error: Error Domain=NSCocoaErrorDomain Code=260 "El archivo “ATXDefaultHomeScreenItemUpdater.plist” no ha podido abrirse porque no se encuentra." UserInfo={NSURL=file:///Library/Developer/CoreSimulator/Volumes/iOS_23F77/Library/Developer/CoreSimulator/Profiles/Runtimes/iOS%2026.5.simruntime/Contents/Resources/RuntimeRoot/System/Library/PrivateFrameworks/AppPredictionClient.framework/../Assets.bundle/AssetData/ATXDefaultHomeScreenItemUpdater.plist, NSFilePath=/Library/Developer/CoreSimulator/Volumes/iOS_23F77/Library/Developer/CoreSimulator/Profiles/Runtimes/iOS 26.5.simruntime/Contents/Resources/RuntimeRoot/System/Library/PrivateFrameworks/AppPrediction
2026-07-02 00:07:42.395612+0200 0x12ffe    Fault       0x9d647              5035   14   SpringBoard: (AppPredictionClient) [com.apple.duetexpertd.atx:general] ATXAssets2 - could not find path for resource: ATXDefaultHomeScreenItemUpdater with extension: plist
2026-07-02 00:07:42.395613+0200 0x12ffe    Activity    0x9d647              5035   0    SpringBoard: (libsystem_trace.dylib) Activity for state dumps
2026-07-02 00:07:42.395644+0200 0x12ffe    Default     0x0                  5035   0    SpringBoard: (AppPredictionClient) [com.apple.duetexpertd.atx:general] ATXAssets2 - using path: (null) for resource name: ATXDefaultHomeScreenItemUpdater
2026-07-02 00:07:42.395826+0200 0x12ffe    Default     0x0                  5035   0    SpringBoard: (ProactiveSupport) Default bundle asset for "com.apple.MobileAsset.ProactiveSupport.BrokenAssetTypeDescriptor" has missing or unreadable file at path: /Library/Developer/CoreSimulator/Volumes/iOS_23F77/Library/Developer/CoreSimulator/Profiles/Runtimes/iOS 26.5.simruntime/Contents/Resources/RuntimeRoot/System/Library/PrivateFrameworks/AppPredictionClient.framework/../Assets.bundle/AssetData/ATXDefaultHomeScreenItemUpdater.plist. Error: Error Domain=NSCocoaErrorDomain Code=260 "El archivo “ATXDefaultHomeScreenItemUpdater.plist” no ha podido abrirse porque no se encuentra." UserInfo={NSURL=file:///Library/Developer/CoreSimulator/Volumes/iOS_23F77/Library/Developer/CoreSimulator/Profiles/Runtimes/iOS%2026.5.simruntime/Contents/Resources/RuntimeRoot/System/Library/PrivateFrameworks/AppPredictionClient.framework/../Assets.bundle/AssetData/ATXDefaultHomeScreenItemUpdater.plist, NSFilePath=/Library/Developer/CoreSimulator/Volumes/iOS_23F77/Library/Developer/CoreSimulator/Profiles/Runtimes/iOS 26.5.simruntime/Contents/Resources/RuntimeRoot/System/Library/PrivateFrameworks/AppPrediction
2026-07-02 00:07:42.396327+0200 0x12ffe    Fault       0x9d648              5035   14   SpringBoard: (AppPredictionClient) [com.apple.duetexpertd.atx:general] ATXAssets2 - could not find path for resource: ATXDefaultHomeScreenItemUpdater with extension: plist
2026-07-02 00:07:42.396328+0200 0x12ffe    Activity    0x9d648              5035   0    SpringBoard: (libsystem_trace.dylib) Activity for state dumps
2026-07-02 00:07:42.396356+0200 0x12ffe    Default     0x0                  5035   0    SpringBoard: (AppPredictionClient) [com.apple.duetexpertd.atx:general] ATXAssets2 - using path: (null) for resource name: ATXDefaultHomeScreenItemUpdater
2026-07-02 00:07:42.397728+0200 0x12ffe    Activity    0x9d649              5035   0    SpringBoard: (CoreFoundation) Loading Preferences From User Session CFPrefsD
2026-07-02 00:07:42.408719+0200 0x127e2    Activity    0x9d64a              5035   0    SpringBoard: (PosterLegibilityKit) <PLKLegibilityContentDataSource legibilityContentForObject:legibilityDescriptor:>
2026-07-02 00:07:42.409220+0200 0x12ffe    Default     0x0                  5035   0    SpringBoard: (AppPredictionClient) [com.apple.duetexpertd.atx:homescreen] -[ATXDefaultHomeScreenItemOnboardingStacksProducer _dayZeroOnboardingStacks]: not allowing news widget
2026-07-02 00:07:42.409597+0200 0x12ffe    Error       0x0                  5035   0    SpringBoard: (AppPredictionClient) [com.apple.duetexpertd.atx:homescreen] +[ATXDefaultHomeScreenItemProducerUtilities _defaultWidgetStackFromSmallStack:mediumStack:largeStack:extraLargeStack:suggestedSize:maxWidgetsPerStack:isiPad:]: default stack does not have enough widgets (small: 0, med: 0, large: 0)
2026-07-02 00:07:42.409599+0200 0x127e2    Activity    0x9d64b              5035   0    SpringBoard: (PosterLegibilityKit) <PLKLegibilityContentDataSource legibilityContentForObject:legibilityDescriptor:>
2026-07-02 00:07:42.410404+0200 0x12ffe    Error       0x0                  5035   0    SpringBoard: (AppPredictionClient) [com.apple.duetexpertd.atx:homescreen] +[ATXDefaultHomeScreenItemProducerUtilities _defaultWidgetStackFromSmallStack:mediumStack:largeStack:extraLargeStack:suggestedSize:maxWidgetsPerStack:isiPad:]: default stack does not have enough widgets (small: 0, med: 0, large: 0)
2026-07-02 00:07:42.411462+0200 0x12ffe    Default     0x0                  5035   0    SpringBoard: (ProactiveSupport) Default bundle asset for "com.apple.MobileAsset.ProactiveSupport.BrokenAssetTypeDescriptor" has missing or unreadable file at path: /Library/Developer/CoreSimulator/Volumes/iOS_23F77/Library/Developer/CoreSimulator/Profiles/Runtimes/iOS 26.5.simruntime/Contents/Resources/RuntimeRoot/System/Library/PrivateFrameworks/AppPredictionClient.framework/../Assets.bundle/AssetData/ATXDefaultHomeScreenItemUpdater.plist. Error: Error Domain=NSCocoaErrorDomain Code=260 "El archivo “ATXDefaultHomeScreenItemUpdater.plist” no ha podido abrirse porque no se encuentra." UserInfo={NSURL=file:///Library/Developer/CoreSimulator/Volumes/iOS_23F77/Library/Developer/CoreSimulator/Profiles/Runtimes/iOS%2026.5.simruntime/Contents/Resources/RuntimeRoot/System/Library/PrivateFrameworks/AppPredictionClient.framework/../Assets.bundle/AssetData/ATXDefaultHomeScreenItemUpdater.plist, NSFilePath=/Library/Developer/CoreSimulator/Volumes/iOS_23F77/Library/Developer/CoreSimulator/Profiles/Runtimes/iOS 26.5.simruntime/Contents/Resources/RuntimeRoot/System/Library/PrivateFrameworks/AppPrediction
2026-07-02 00:07:42.412768+0200 0x13004    Error       0x9d64a              5035   0    SpringBoard: (CoreGraphics) [com.apple.coregraphics:Unknown process name] verify_image_parameters: invalid image colorspace: NULL.
2026-07-02 00:07:42.418230+0200 0x127e2    Activity    0x9d64c              5035   0    SpringBoard: (PosterLegibilityKit) <PLKLegibilityContentDataSource legibilityContentForObject:legibilityDescriptor:>
2026-07-02 00:07:42.419074+0200 0x127e2    Activity    0x9d64d              5035   0    SpringBoard: (PosterLegibilityKit) <PLKLegibilityContentDataSource legibilityContentForObject:legibilityDescriptor:>
2026-07-02 00:07:42.419213+0200 0x12ffe    Fault       0x9d64e              5035   14   SpringBoard: (AppPredictionClient) [com.apple.duetexpertd.atx:general] ATXAssets2 - could not find path for resource: ATXDefaultHomeScreenItemUpdater with extension: plist
2026-07-02 00:07:42.419214+0200 0x12ffe    Activity    0x9d64e              5035   0    SpringBoard: (libsystem_trace.dylib) Activity for state dumps
2026-07-02 00:07:42.419441+0200 0x127e2    Default     0x9d64b              5035   0    SpringBoard: (PosterLegibilityKit) [com.apple.PosterLegibilityKit:Rendering] PLK view alignment offset: insets={1.886736, 8.3164200000000008, 3.10548, 7.4880119999999994}, offset=(0.41, -0.61)
2026-07-02 00:07:42.419514+0200 0x12ffe    Default     0x0                  5035   0    SpringBoard: (AppPredictionClient) [com.apple.duetexpertd.atx:general] ATXAssets2 - using path: (null) for resource name: ATXDefaultHomeScreenItemUpdater
2026-07-02 00:07:42.419789+0200 0x12ffe    Default     0x0                  5035   0    SpringBoard: (AppPredictionClient) [com.apple.duetexpertd.atx:homescreen] -[ATXDefaultHomeScreenItemManager fetchGalleryItemsForVariant:gridSize:supportedFamilies:personaIdentifier:completionHandler:]_block_invoke_2: Fetched add widget defaults: (
)
2026-07-02 00:07:42.420041+0200 0x130e3    Default     0x0                  5035   0    SpringBoard: (AppPredictionClient) [com.apple.duetexpertd.atx:homescreen] -[ATXDefaultHomeScreenItemManager _fetchSmartStackOfVariant:localObserver:completionHandler:]: fetching smart stack of variant 0
2026-07-02 00:07:42.420161+0200 0x12ffe    Default     0x0                  5035   0    SpringBoard: (AppPredictionClient) [com.apple.duetexpertd.atx:homescreen] -[ATXDefaultHomeScreenItemManager _readUpdateFromFileAtPath:completionHandler:]_block_invoke: No suggestions file found.
2026-07-02 00:07:42.421458+0200 0x127e2    Default     0x9d64b              5035   0    SpringBoard: (PosterLegibilityKit) [com.apple.PosterLegibilityKit:Rendering] PLK view alignment offset: insets={1.886736, 8.3164200000000008, 3.10548, 7.4880119999999994}, offset=(0.41, -0.61)
2026-07-02 00:07:42.422459+0200 0x13025    Default     0x0                  5035   0    SpringBoard: (Search) Apps Source fired data:4
2026-07-02 00:07:42.423262+0200 0x0        State       0x9d645              5035   14   SpringBoard: (21AB2359-DEEC-3444-94FE-B7257E43BE34) IOHIDManager State
{
    DispatchQueue = 0;
    RunLoop = 1;
    createOptions = 0;
    isOpen = 0;
    openOptions = 0;
}
2026-07-02 00:07:42.424037+0200 0x0        State       0x9d645              5035   14   SpringBoard: (40710312-8A06-3D69-BA85-194E3F3A3704) BLSHLocalAssertionService
activeAssertions: [
    1: <BLSAssertion: 0x106fc19d0; state: acquired; acquired: 42284146783 approx:00:06:36.859; duration: 1 min 5 s 565ms; descriptor: <BLSAssertionDescriptor: 0x10bd3d8a0; explanation: "alwaysFillFlipbook default set"> attributes = {
    <BLSAlwaysFillFlipbookAttribute: 0x106f39660>;
}; identifier: <BLSAssertionIdentifier: 0x10bd3d940; clientPid: 5035; hostPid: 5035; count: 2>; service: 0x10bc8be20; observerCount: 0>;
]; pausedAssertions: [
]; longHeldAssertions: [
]
2026-07-02 00:07:42.424067+0200 0x0        State       0x9d645              5035   14   SpringBoard: (40710312-8A06-3D69-BA85-194E3F3A3704) BLSHServiceBudget
enabled
2026-07-02 00:07:42.424102+0200 0x0        State       0x9d645              5035   14   SpringBoard: (40710312-8A06-3D69-BA85-194E3F3A3704) BLSHBacklightDisplayStateMachine
<BLSHBacklightDisplayStateMachine: 0x106ea3d80; displayMode: Live; transitioning: NO; prewarmedDisplayMode: Live; liveAssertion: <SWSystemActivityAssertion: 0x10d15fa20; identifier: BacklightServices.liveRendering; state: 4; assertionID: 1>; caDisplayState: on; cbDisplayMode: ActiveOn; cbFlipbookState: 3>
2026-07-02 00:07:42.424143+0200 0x0        State       0x9d645              5035   14   SpringBoard: (40710312-8A06-3D69-BA85-194E3F3A3704) BLSHAlwaysOnPresentationEngine
<BLSHAlwaysOnPresentationEngine: 0x10bd1d7c0; onStandby: YES; suppressed: NO; backlightState: stopped; renderFlipbookSession: 0x0; sleepActionState: Idle; fillState: Awake; powerSavingsEnabled> lastRequestInterval: <nil>
2026-07-02 00:07:42.424533+0200 0x0        State       0x9d645              5035   14   SpringBoard: (40710312-8A06-3D69-BA85-194E3F3A3704) BLSHBacklightTransitionStateMachine
<BLSHBacklightTransitionStateMachine: 0x10bd1d680; backlightState: ActiveOn for 1 min y 4 s since 00:06:37.941; flipbookState: Off; flipbookState (immediate-engine): Off; currentState: <BLSHBacklightAggregateState: 0x10bd3cae0; displayMode: Live; presentation: 0x0>; targetState: <BLSHBacklightMutableTargetState: 0x11edb4c60; displayMode: Live; presentation: 0x0>; pendingEventToPerform: 0x0; pendingUpdateDisplayMode: 0x0; pendingUpdatePresentation: 0x0; pendingUpdateToSpecifier: 0x0; ensureFlipbookCurrentOperation: 0x0; queuedEvents: <__NSArrayM 0x106caa8b0>(

)
; pendingPrewarmedEvent: 0x0>
2026-07-02 00:07:42.425784+0200 0x0        State       0x9d645              5035   14   SpringBoard: (21AB2359-DEEC-3444-94FE-B7257E43BE34) IOHIDManager State
{
    DispatchQueue = 0;
    RunLoop = 1;
    createOptions = 0;
    isOpen = 0;
    openOptions = 0;
}
2026-07-02 00:07:42.427482+0200 0x13025    Default     0x0                  5035   0    SpringBoard: (Search) Updated visible apps: 27 (1)
2026-07-02 00:07:42.427604+0200 0x13004    Error       0x9d64a              5035   0    SpringBoard: (CoreGraphics) [com.apple.coregraphics:Unknown process name] verify_image_parameters: invalid image colorspace: NULL.
2026-07-02 00:07:42.427833+0200 0x13004    Error       0x9d64a              5035   0    SpringBoard: (CoreGraphics) [com.apple.coregraphics:Unknown process name] verify_image_parameters: invalid image colorspace: NULL.
2026-07-02 00:07:42.427893+0200 0x0        State       0x9d645              5035   14   SpringBoard: (21AB2359-DEEC-3444-94FE-B7257E43BE34) IOHIDManager State
{
    DispatchQueue = 0;
    RunLoop = 1;
    createOptions = 0;
    isOpen = 0;
    openOptions = 0;
}
2026-07-02 00:07:42.428139+0200 0x0        State       0x9d645              5035   14   SpringBoard: (21AB2359-DEEC-3444-94FE-B7257E43BE34) IOHIDManager State
{
    DispatchQueue = 0;
    RunLoop = 1;
    createOptions = 0;
    isOpen = 0;
    openOptions = 0;
}
2026-07-02 00:07:42.428323+0200 0x0        State       0x9d645              5035   14   SpringBoard: (7D813155-8C9C-3F02-B5AA-234349C93FF6) TCC Authorization Cache
{
}
2026-07-02 00:07:42.428535+0200 0x0        State       0x9d645              5035   14   SpringBoard: (438B9CA3-9602-3367-90E2-8A0D745CC6C7) CLLocationManagerStateTracker

2026-07-02 00:07:42.429012+0200 0x0        State       0x9d645              5035   14   SpringBoard: (21AB2359-DEEC-3444-94FE-B7257E43BE34) IOHIDManager State
{
    DispatchQueue = 0;
    RunLoop = 1;
    createOptions = 0;
    isOpen = 0;
    openOptions = 0;
}
2026-07-02 00:07:42.429098+0200 0x0        State       0x9d645              5035   14   SpringBoard: (21AB2359-DEEC-3444-94FE-B7257E43BE34) IOHIDManager State
{
    DispatchQueue = 0;
    RunLoop = 1;
    createOptions = 0;
    isOpen = 0;
    openOptions = 0;
}
2026-07-02 00:07:42.433115+0200 0x12e67    Default     0x0                  4914   5    runningboardd: (CoreServices) [com.apple.launchservices:db] NotifyToken::RegisterDispatch(com.apple.LaunchServices.database) fired for session key LSSessionKey(system: 0 uid: 501)
2026-07-02 00:07:42.433607+0200 0x130e5    Default     0x0                  5035   5    SpringBoard: (CoreServices) [com.apple.launchservices:db] NotifyToken::RegisterDispatch(com.apple.LaunchServices.database) fired for session key LSSessionKey(system: 0 uid: 501)
2026-07-02 00:07:42.436409+0200 0x127e2    Default     0x9d64b              5035   0    SpringBoard: (PosterLegibilityKit) [com.apple.PosterLegibilityKit:Rendering] PLK view alignment offset: insets={1.886736, 8.3164200000000008, 3.10548, 7.4880119999999994}, offset=(0.41, -0.61)
2026-07-02 00:07:42.440347+0200 0x12e67    Activity    0x9d704              4914   0    runningboardd: (RunningBoard) acquireAssertionWithDescriptor
2026-07-02 00:07:42.440458+0200 0x12e67    Default     0x9d704              4914   7    runningboardd: (RunningBoard) [com.apple.runningboard:ttl] Acquiring assertion targeting [xpcservice<com.apple.ax.MauiTTSSupport.MauiAUSP([osservice<com.apple.accessibility.axassetsd>:4920])>{vt hash: 0}{definition:com.apple.ax.MauiTTSSupport.MauiAUSP[extension][client]}:5087] from originator [osservice<com.apple.accessibility.axassetsd>:4920] with description <RBSAssertionDescriptor| "com.apple.extension.session" ID:4914-4920-656 target:5087 attributes:[
	<RBSLegacyAttribute| requestedReason:ViewService reason:ViewService flags:( AllowIdleSleep PreventTaskSuspend PreventTaskThrottleDown WantsForegroundResourcePriority )>,
	<RBSAcquisitionCompletionAttribute| policy:AfterValidation>
	]>
2026-07-02 00:07:42.440474+0200 0x12e67    Default     0x9d704              4914   0    runningboardd: (RunningBoard) [com.apple.runningboard:assertion] Mutating assertion 4914-4920-656 reason from ViewService to Extension because it targets an xpc service.
2026-07-02 00:07:42.440499+0200 0x12e67    Default     0x9d704              4914   7    runningboardd: (RunningBoard) [com.apple.runningboard:ttl] Assertion 4914-4920-656 (target:[xpcservice<com.apple.ax.MauiTTSSupport.MauiAUSP([osservice<com.apple.accessibility.axassetsd>:4920])>{vt hash: 0}{definition:com.apple.ax.MauiTTSSupport.MauiAUSP[extension][client]}:5087]) will be created as active
2026-07-02 00:07:42.440577+0200 0x12e70    Activity    0x9d705              4914   0    runningboardd: (RunningBoard) state update
2026-07-02 00:07:42.440813+0200 0x12e70    Default     0x9d704              4914   0    runningboardd: (RunningBoard) [com.apple.runningboard:monitor] Calculated state for xpcservice<com.apple.ax.MauiTTSSupport.MauiAUSP([osservice<com.apple.accessibility.axassetsd>:4920])>{vt hash: 0}{definition:com.apple.ax.MauiTTSSupport.MauiAUSP[extension][client]}: running-active (role: UserInteractiveNonFocal) (endowments: (null))
2026-07-02 00:07:42.440822+0200 0x12e68    Default     0x9d704              4914   7    runningboardd: (RunningBoard) [com.apple.runningboard:ttl] [xpcservice<com.apple.ax.MauiTTSSupport.MauiAUSP([osservice<com.apple.accessibility.axassetsd>:4920])>{vt hash: 0}{definition:com.apple.ax.MauiTTSSupport.MauiAUSP[extension][client]}:5087] Resuming task.
2026-07-02 00:07:42.440997+0200 0x12f95    Activity    0x9d64f              5035   0    SpringBoard: (RunningBoardServices) observedProcessStatesDidChange
2026-07-02 00:07:42.441043+0200 0x12f95    Default     0x9d64f              5035   0    SpringBoard: (RunningBoardServices) [com.apple.runningboard:monitor] Received state update for 5087 (xpcservice<com.apple.ax.MauiTTSSupport.MauiAUSP([osservice<com.apple.accessibility.axassetsd>:4920])>{vt hash: 0}{definition:com.apple.ax.MauiTTSSupport.MauiAUSP[extension][client]}, running-active-NotVisible
2026-07-02 00:07:42.441137+0200 0x12e71    Activity    0x9d706              4914   0    runningboardd: (RunningBoard) statesForPredicate
2026-07-02 00:07:42.444520+0200 0x12e68    Error       0x9d704              4914   0    runningboardd: (RunningBoard) [com.apple.runningboard:process] [xpcservice<com.apple.ax.MauiTTSSupport.MauiAUSP([osservice<com.apple.accessibility.axassetsd>:4920])>{vt hash: 0}{definition:com.apple.ax.MauiTTSSupport.MauiAUSP[extension][client]}:5087] pid_resume() returned error 1: Operation not permitted
2026-07-02 00:07:42.444544+0200 0x12e68    Default     0x9d704              4914   0    runningboardd: (RunningBoard) [com.apple.runningboard:process] [xpcservice<com.apple.ax.MauiTTSSupport.MauiAUSP([osservice<com.apple.accessibility.axassetsd>:4920])>{vt hash: 0}{definition:com.apple.ax.MauiTTSSupport.MauiAUSP[extension][client]}:5087] Result 45 setting darwin role to UserInteractiveNonFocal: Operation not supported, falling back to setting priority
2026-07-02 00:07:42.444560+0200 0x12e68    Default     0x9d704              4914   7    runningboardd: (RunningBoard) [com.apple.runningboard:ttl] [xpcservice<com.apple.ax.MauiTTSSupport.MauiAUSP([osservice<com.apple.accessibility.axassetsd>:4920])>{vt hash: 0}{definition:com.apple.ax.MauiTTSSupport.MauiAUSP[extension][client]}:5087] Set darwin priority to: PRIO_DEFAULT
2026-07-02 00:07:42.444572+0200 0x12e68    Error       0x9d704              4914   0    runningboardd: (RunningBoard) [com.apple.runningboard:process] 5087 Error setting Darwin GPU to "Backgrounds" (3): Operation not permitted
2026-07-02 00:07:42.445130+0200 0x12da4    Activity    0x9d707              4914   0    runningboardd: (RunningBoard) acquireAssertionWithDescriptor
2026-07-02 00:07:42.445224+0200 0x12da4    Default     0x9d707              4914   7    runningboardd: (RunningBoard) [com.apple.runningboard:ttl] Acquiring assertion targeting [xpcservice<com.apple.texttospeech.SiriAUSP([osservice<com.apple.accessibility.axassetsd>:4920])>{vt hash: 0}{definition:com.apple.texttospeech.SiriAUSP[extension][client]}:5079] from originator [osservice<com.apple.accessibility.axassetsd>:4920] with description <RBSAssertionDescriptor| "com.apple.extension.session" ID:4914-4920-657 target:5079 attributes:[
	<RBSLegacyAttribute| requestedReason:ViewService reason:ViewService flags:( AllowIdleSleep PreventTaskSuspend PreventTaskThrottleDown WantsForegroundResourcePriority )>,
	<RBSAcquisitionCompletionAttribute| policy:AfterValidation>
	]>
2026-07-02 00:07:42.445240+0200 0x12da4    Default     0x9d707              4914   0    runningboardd: (RunningBoard) [com.apple.runningboard:assertion] Mutating assertion 4914-4920-657 reason from ViewService to Extension because it targets an xpc service.
2026-07-02 00:07:42.445260+0200 0x12da4    Default     0x9d707              4914   7    runningboardd: (RunningBoard) [com.apple.runningboard:ttl] Assertion 4914-4920-657 (target:[xpcservice<com.apple.texttospeech.SiriAUSP([osservice<com.apple.accessibility.axassetsd>:4920])>{vt hash: 0}{definition:com.apple.texttospeech.SiriAUSP[extension][client]}:5079]) will be created as active
2026-07-02 00:07:42.445321+0200 0x12e68    Activity    0x9d708              4914   0    runningboardd: (RunningBoard) state update
2026-07-02 00:07:42.445601+0200 0x12e67    Default     0x9d707              4914   0    runningboardd: (RunningBoard) [com.apple.runningboard:monitor] Calculated state for xpcservice<com.apple.texttospeech.SiriAUSP([osservice<com.apple.accessibility.axassetsd>:4920])>{vt hash: 0}{definition:com.apple.texttospeech.SiriAUSP[extension][client]}: running-active (role: UserInteractiveNonFocal) (endowments: (null))
2026-07-02 00:07:42.445611+0200 0x12e71    Default     0x9d707              4914   7    runningboardd: (RunningBoard) [com.apple.runningboard:ttl] [xpcservice<com.apple.texttospeech.SiriAUSP([osservice<com.apple.accessibility.axassetsd>:4920])>{vt hash: 0}{definition:com.apple.texttospeech.SiriAUSP[extension][client]}:5079] Resuming task.
2026-07-02 00:07:42.445713+0200 0x130e5    Activity    0x9d7b0              5035   0    SpringBoard: (RunningBoardServices) observedProcessStatesDidChange
2026-07-02 00:07:42.445758+0200 0x130e5    Default     0x9d7b0              5035   0    SpringBoard: (RunningBoardServices) [com.apple.runningboard:monitor] Received state update for 5079 (xpcservice<com.apple.texttospeech.SiriAUSP([osservice<com.apple.accessibility.axassetsd>:4920])>{vt hash: 0}{definition:com.apple.texttospeech.SiriAUSP[extension][client]}, running-active-NotVisible
2026-07-02 00:07:42.445851+0200 0x12e70    Activity    0x9d709              4914   0    runningboardd: (RunningBoard) statesForPredicate
2026-07-02 00:07:42.446999+0200 0x13025    Default     0x0                  5035   0    SpringBoard: (Search) Finished getting 20 applications, took 0.022053 seconds updateApps ? YES
2026-07-02 00:07:42.447502+0200 0x13025    Default     0x0                  5035   0    SpringBoard: (SpotlightUI) Send apps:20 hidden:0
2026-07-02 00:07:42.448584+0200 0x12e71    Error       0x9d707              4914   0    runningboardd: (RunningBoard) [com.apple.runningboard:process] [xpcservice<com.apple.texttospeech.SiriAUSP([osservice<com.apple.accessibility.axassetsd>:4920])>{vt hash: 0}{definition:com.apple.texttospeech.SiriAUSP[extension][client]}:5079] pid_resume() returned error 1: Operation not permitted
2026-07-02 00:07:42.448605+0200 0x12e71    Default     0x9d707              4914   0    runningboardd: (RunningBoard) [com.apple.runningboard:process] [xpcservice<com.apple.texttospeech.SiriAUSP([osservice<com.apple.accessibility.axassetsd>:4920])>{vt hash: 0}{definition:com.apple.texttospeech.SiriAUSP[extension][client]}:5079] Result 45 setting darwin role to UserInteractiveNonFocal: Operation not supported, falling back to setting priority
2026-07-02 00:07:42.448618+0200 0x12e68    Default     0x9b738              4914   0    runningboardd: (RunningBoard) [com.apple.runningboard:message] PERF: Received lookupHandleForPredicate request from [osservice<com.apple.pluginkit.pkd>:5000] (euid 501, auid 501) (persona (null))
2026-07-02 00:07:42.448624+0200 0x12e71    Default     0x9d707              4914   7    runningboardd: (RunningBoard) [com.apple.runningboard:ttl] [xpcservice<com.apple.texttospeech.SiriAUSP([osservice<com.apple.accessibility.axassetsd>:4920])>{vt hash: 0}{definition:com.apple.texttospeech.SiriAUSP[extension][client]}:5079] Set darwin priority to: PRIO_DEFAULT
2026-07-02 00:07:42.448628+0200 0x12e68    Activity    0x9d70a              4914   0    runningboardd: (RunningBoard) lookupHandleForPredicate
2026-07-02 00:07:42.448637+0200 0x12e71    Error       0x9d707              4914   0    runningboardd: (RunningBoard) [com.apple.runningboard:process] 5079 Error setting Darwin GPU to "Backgrounds" (3): Operation not permitted
2026-07-02 00:07:42.449007+0200 0x12da4    Activity    0x9d70b              4914   0    runningboardd: (RunningBoard) acquireAssertionWithDescriptor
2026-07-02 00:07:42.449084+0200 0x12da4    Default     0x9d70b              4914   7    runningboardd: (RunningBoard) [com.apple.runningboard:ttl] Acquiring assertion targeting [xpcservice<com.apple.speech.MacinTalkFramework.MacinTalkAUSP([osservice<com.apple.accessibility.axassetsd>:4920])>{vt hash: 0}{definition:com.apple.speech.MacinTalkFramework.MacinTalkAUSP[extension][client]}:5081] from originator [osservice<com.apple.accessibility.axassetsd>:4920] with description <RBSAssertionDescriptor| "com.apple.extension.session" ID:4914-4920-658 target:5081 attributes:[
	<RBSLegacyAttribute| requestedReason:ViewService reason:ViewService flags:( AllowIdleSleep PreventTaskSuspend PreventTaskThrottleDown WantsForegroundResourcePriority )>,
	<RBSAcquisitionCompletionAttribute| policy:AfterValidation>
	]>
2026-07-02 00:07:42.449102+0200 0x12da4    Default     0x9d70b              4914   0    runningboardd: (RunningBoard) [com.apple.runningboard:assertion] Mutating assertion 4914-4920-658 reason from ViewService to Extension because it targets an xpc service.
2026-07-02 00:07:42.449120+0200 0x12da4    Default     0x9d70b              4914   7    runningboardd: (RunningBoard) [com.apple.runningboard:ttl] Assertion 4914-4920-658 (target:[xpcservice<com.apple.speech.MacinTalkFramework.MacinTalkAUSP([osservice<com.apple.accessibility.axassetsd>:4920])>{vt hash: 0}{definition:com.apple.speech.MacinTalkFramework.MacinTalkAUSP[extension][client]}:5081]) will be created as active
2026-07-02 00:07:42.449171+0200 0x12da4    Activity    0x9d70c              4914   0    runningboardd: (RunningBoard) state update
2026-07-02 00:07:42.449360+0200 0x12da4    Default     0x9d70b              4914   0    runningboardd: (RunningBoard) [com.apple.runningboard:monitor] Calculated state for xpcservice<com.apple.speech.MacinTalkFramework.MacinTalkAUSP([osservice<com.apple.accessibility.axassetsd>:4920])>{vt hash: 0}{definition:com.apple.speech.MacinTalkFramework.MacinTalkAUSP[extension][client]}: running-active (role: UserInteractiveNonFocal) (endowments: (null))
2026-07-02 00:07:42.449377+0200 0x12e70    Default     0x9d70b              4914   7    runningboardd: (RunningBoard) [com.apple.runningboard:ttl] [xpcservice<com.apple.speech.MacinTalkFramework.MacinTalkAUSP([osservice<com.apple.accessibility.axassetsd>:4920])>{vt hash: 0}{definition:com.apple.speech.MacinTalkFramework.MacinTalkAUSP[extension][client]}:5081] Resuming task.
2026-07-02 00:07:42.449475+0200 0x13025    Activity    0x9d7b1              5035   0    SpringBoard: (RunningBoardServices) observedProcessStatesDidChange
2026-07-02 00:07:42.449511+0200 0x13025    Default     0x9d7b1              5035   0    SpringBoard: (RunningBoardServices) [com.apple.runningboard:monitor] Received state update for 5081 (xpcservice<com.apple.speech.MacinTalkFramework.MacinTalkAUSP([osservice<com.apple.accessibility.axassetsd>:4920])>{vt hash: 0}{definition:com.apple.speech.MacinTalkFramework.MacinTalkAUSP[extension][client]}, running-active-NotVisible
2026-07-02 00:07:42.449594+0200 0x12e67    Activity    0x9d70d              4914   0    runningboardd: (RunningBoard) statesForPredicate
2026-07-02 00:07:42.450306+0200 0x12e68    Activity    0x9d70e              4914   0    runningboardd: (RunningBoard) executeLaunchRequest
2026-07-02 00:07:42.450398+0200 0x12e67    Default     0x9d70e              4914   7    runningboardd: (RunningBoard) [com.apple.runningboard:ttl] Executing launch request for xpcservice<com.apple.ax.MauiTTSSupport.MauiAUSP([osservice<com.apple.accessibility.axassetsd>:4920])>{vt hash: 0}{definition:com.apple.ax.MauiTTSSupport.MauiAUSP[extension][client]} (Launching extension com.apple.ax.MauiTTSSupport.MauiAUSP(D466235F-AA98-475E-8672-4CB1DAAA0C8D) for host 4920) from requestor: [osservice<com.apple.pluginkit.pkd>:5000]
2026-07-02 00:07:42.450411+0200 0x12e67    Default     0x9d70e              4914   0    runningboardd: (RunningBoard) [com.apple.runningboard:process] Checking PreventLaunch: global:0 exPath:(null) predicates:(null) allow:(null)
2026-07-02 00:07:42.450429+0200 0x12e67    Default     0x9d70e              4914   0    runningboardd: (RunningBoard) [com.apple.runningboard:job] Creating and launching job for: xpcservice<com.apple.ax.MauiTTSSupport.MauiAUSP([osservice<com.apple.accessibility.axassetsd>:4920])>{vt hash: 0}{definition:com.apple.ax.MauiTTSSupport.MauiAUSP[extension][client]}
2026-07-02 00:07:42.450493+0200 0x12e68    Default     0x9d70e              4914   0    runningboardd: (RunningBoard) [com.apple.runningboard:job_oversize] '(null)' Submitting extension overlay (host PID 4920, path /Library/Developer/CoreSimulator/Volumes/iOS_23F77/Library/Developer/CoreSimulator/Profiles/Runtimes/iOS 26.5.simruntime/Contents/Resources/RuntimeRoot/System/Library/ExtensionKit/Extensions/MauiAUSP.appex/MauiAUSP):
<dictionary: 0x105944f60> { count = 3, transaction: 0, voucher = 0x0, contents =
	"XPCService" => <dictionary: 0x1059451a0> { count = 10, transaction: 0, voucher = 0x0, contents =
		"_ManagedBy" => <string: 0x1058eff90> { string cache = 0x0, length = 22, contents = "com.apple.runningboard" }
		"Platform" => <int64: 0x9ee0c886ab443377>: 7
		"RunLoopType" => <string: 0x1058ef3f0> { string cache = 0x0, length = 9, contents = "NSRunLoop" }
		"_SandboxProfile" => <string: 0x10580b600> { string cache = 0x0, length = 8, contents = "keyboard" }
		"_AdditionalSubServices" => <dictionary: 0x105945260> { count = 1, transaction: 0, voucher = 0x0, contents =
			"apple-extension-service" => <bool: 0x1e6e64540>: true
		}
		"_AdditionalProperties" => <dictionary: 0x105945200> { count = 1, transaction: 0, voucher = 0x0, contents =
			"RunningBoard" => <dictionary: 0x1059452c0> { count = 2, transaction: 0, voucher = 0x0, contents =
				"RunningBoardLaunchedIdentity" => <dictionary: 0x105945380> { count = 5, transaction: 0, voucher = 0x0, contents =
					"TYPE" => <int64: 0x9ee0c886ab44336f>: 4
					"h" => <int64: 0x9ee0c886ab44aa8f>: 4920
					"i" => <string: 0x1058eff60> { string cache = 0x0, length = 36, contents = "com.apple.ax.MauiTTSSupport.MauiAUSP" }
					"r" => <int64: 0x9ee0c886ab44335f>: 2
					"H" => <dictionary: 0x1059453e0> { count = 4, transaction: 0, voucher = 0x0, contents =
						"l" => <string: 0x1058ef840> { string cache = 0x0, length = 33, contents = "com.apple.accessibility.axassetsd" }
						"t" => <int64: 0x9ee0c886ab44335f>: 2
						"TYPE" => <int64: 0x9ee0c886ab44337f>: 6
						"p" => <int64: 0x9ee0c886ab44334f>: 0
					}
				}
				"RunningBoardLaunched" => <bool: 0x1e6e64540>: true
			}
		}
		"EnvironmentVariables" => <dictionary: 0x105945320> { count = 3, transaction: 0, voucher = 0x0, contents =
			"TMPDIR" => <string: 0x10580bab0> { string cache = 0x0, length = 171, contents = "/Users/miguelito/Library/Developer/CoreSimulator/Devices/A0AA6D6A-0B56-46BF-ACF4-378FDCADA106/data/Containers/Data/PluginKitPlugin/6B49499B-6422-46F4-87F6-EE365C597A9D/tmp" }
			"HOME" => <string: 0x1058084b0> { string cache = 0x0, length = 167, contents = "/Users/miguelito/Library/Developer/CoreSimulator/Devices/A0AA6D6A-0B56-46BF-ACF4-378FDCADA106/data/Containers/Data/PluginKitPlugin/6B49499B-6422-46F4-87F6-EE365C597A9D" }
			"CFFIXED_USER_HOME" => <string: 0x1058080c0> { string cache = 0x0, length = 167, contents = "/Users/miguelito/Library/Developer/CoreSimulator/Devices/A0AA6D6A-0B56-46BF-ACF4-378FDCADA106/data/Containers/Data/PluginKitPlugin/6B49499B-6422-46F4-87F6-EE365C597A9D" }
		}
		"_OmitSandboxParameters" => <bool: 0x1e6e64540>: true
		"ServiceType" => <string: 0x1058097d0> { string cache = 0x0, length = 11, contents = "Application" }
		"ProgramArguments" => <array: 0x1058086c0> { count = 3, capacity = 8, contents =
			0: <string: 0x1058082d0> { string cache = 0x0, length = 214, contents = "/Library/Developer/CoreSimulator/Volumes/iOS_23F77/Library/Developer/CoreSimulator/Profiles/Runtimes/iOS 26.5.simruntime/Contents/Resources/RuntimeRoot/System/Library/ExtensionKit/Extensions/MauiAUSP.appex/MauiAUSP" }
			1: <string: 0x1058082a0> { string cache = 0x0, length = 15, contents = "-AppleLanguages" }
			2: <string: 0x101d21e60> { string cache = 0x0, length = 18, contents = "("es-ES", "en-ES")" }
		}
	}
	"RunningBoard" => <dictionary: 0x105945140> { count = 1, transaction: 0, voucher = 0x0, contents =
		"Managed" => <bool: 0x1e6e64540>: true
	}
	"CFBundlePackageType" => <string: 0x1058edb30> { string cache = 0x0, length = 4, contents = "XPC!" }
}
2026-07-02 00:07:42.450960+0200 0x12e67    Default     0x9d70e              4914   0    runningboardd: (AppServerSupport) [com.apple.libxpc.OSLaunchdJob:all] <OSLaunchdJob | handle=9F6774D4-4ADB-4537-B4B1-0119E9BD8EA3>: submitExtension created a job
2026-07-02 00:07:42.451066+0200 0x12e67    Default     0x9d70e              4914   0    runningboardd: (AppServerSupport) [com.apple.libxpc.OSLaunchdJob:all] <OSLaunchdJob | handle=9F6774D4-4ADB-4537-B4B1-0119E9BD8EA3>: start succeeded, info=running, pid=5087
2026-07-02 00:07:42.451611+0200 0x12e67    Activity    0x9d70f              4914   0    runningboardd: (RunningBoard) acquireAssertionWithDescriptor
2026-07-02 00:07:42.451672+0200 0x12e67    Default     0x9d70f              4914   7    runningboardd: (RunningBoard) [com.apple.runningboard:ttl] Acquiring assertion targeting [xpcservice<com.apple.ax.MauiTTSSupport.MauiAUSP([osservice<com.apple.accessibility.axassetsd>:4920])>{vt hash: 0}{definition:com.apple.ax.MauiTTSSupport.MauiAUSP[extension][client]}:5087] from originator [osservice<com.apple.accessibility.axassetsd>:4920] with description <RBSAssertionDescriptor| "com.apple.extension.session" ID:4914-4920-659 target:5087 attributes:[
	<RBSLegacyAttribute| requestedReason:ViewService reason:ViewService flags:( AllowIdleSleep PreventTaskSuspend PreventTaskThrottleDown )>,
	<RBSAcquisitionCompletionAttribute| policy:AfterValidation>
	]>
2026-07-02 00:07:42.451687+0200 0x12e67    Default     0x9d70f              4914   0    runningboardd: (RunningBoard) [com.apple.runningboard:assertion] Mutating assertion 4914-4920-659 reason from ViewService to Extension because it targets an xpc service.
2026-07-02 00:07:42.451702+0200 0x12e67    Default     0x9d70f              4914   7    runningboardd: (RunningBoard) [com.apple.runningboard:ttl] Assertion 4914-4920-659 (target:[xpcservice<com.apple.ax.MauiTTSSupport.MauiAUSP([osservice<com.apple.accessibility.axassetsd>:4920])>{vt hash: 0}{definition:com.apple.ax.MauiTTSSupport.MauiAUSP[extension][client]}:5087]) will be created as active
2026-07-02 00:07:42.451758+0200 0x12e68    Activity    0x9d7e0              4914   0    runningboardd: (RunningBoard) state update
2026-07-02 00:07:42.452887+0200 0x12e70    Error       0x9d70b              4914   0    runningboardd: (RunningBoard) [com.apple.runningboard:process] [xpcservice<com.apple.speech.MacinTalkFramework.MacinTalkAUSP([osservice<com.apple.accessibility.axassetsd>:4920])>{vt hash: 0}{definition:com.apple.speech.MacinTalkFramework.MacinTalkAUSP[extension][client]}:5081] pid_resume() returned error 1: Operation not permitted
2026-07-02 00:07:42.452903+0200 0x12e70    Default     0x9d70b              4914   0    runningboardd: (RunningBoard) [com.apple.runningboard:process] [xpcservice<com.apple.speech.MacinTalkFramework.MacinTalkAUSP([osservice<com.apple.accessibility.axassetsd>:4920])>{vt hash: 0}{definition:com.apple.speech.MacinTalkFramework.MacinTalkAUSP[extension][client]}:5081] Result 45 setting darwin role to UserInteractiveNonFocal: Operation not supported, falling back to setting priority
2026-07-02 00:07:42.452916+0200 0x12e70    Default     0x9d70b              4914   7    runningboardd: (RunningBoard) [com.apple.runningboard:ttl] [xpcservice<com.apple.speech.MacinTalkFramework.MacinTalkAUSP([osservice<com.apple.accessibility.axassetsd>:4920])>{vt hash: 0}{definition:com.apple.speech.MacinTalkFramework.MacinTalkAUSP[extension][client]}:5081] Set darwin priority to: PRIO_DEFAULT
2026-07-02 00:07:42.452923+0200 0x12e70    Error       0x9d70b              4914   0    runningboardd: (RunningBoard) [com.apple.runningboard:process] 5081 Error setting Darwin GPU to "Backgrounds" (3): Operation not permitted
2026-07-02 00:07:42.453081+0200 0x12e70    Activity    0x9d7e1              4914   0    runningboardd: (RunningBoard) executeLaunchRequest
2026-07-02 00:07:42.453224+0200 0x12e70    Default     0x9d7e1              4914   7    runningboardd: (RunningBoard) [com.apple.runningboard:ttl] Executing launch request for xpcservice<com.apple.texttospeech.SiriAUSP([osservice<com.apple.accessibility.axassetsd>:4920])>{vt hash: 0}{definition:com.apple.texttospeech.SiriAUSP[extension][client]} (Launching extension com.apple.texttospeech.SiriAUSP(CAD41CDC-CC50-4C42-8A70-0862FCEB0777) for host 4920) from requestor: [osservice<com.apple.pluginkit.pkd>:5000]
2026-07-02 00:07:42.453233+0200 0x12e70    Default     0x9d7e1              4914   0    runningboardd: (RunningBoard) [com.apple.runningboard:process] Checking PreventLaunch: global:0 exPath:(null) predicates:(null) allow:(null)
2026-07-02 00:07:42.453247+0200 0x12e70    Default     0x9d7e1              4914   0    runningboardd: (RunningBoard) [com.apple.runningboard:job] Creating and launching job for: xpcservice<com.apple.texttospeech.SiriAUSP([osservice<com.apple.accessibility.axassetsd>:4920])>{vt hash: 0}{definition:com.apple.texttospeech.SiriAUSP[extension][client]}
2026-07-02 00:07:42.453303+0200 0x12e71    Default     0x9d7e1              4914   0    runningboardd: (RunningBoard) [com.apple.runningboard:job_oversize] '(null)' Submitting extension overlay (host PID 4920, path /Library/Developer/CoreSimulator/Volumes/iOS_23F77/Library/Developer/CoreSimulator/Profiles/Runtimes/iOS 26.5.simruntime/Contents/Resources/RuntimeRoot/System/Library/ExtensionKit/Extensions/SiriAUSP.appex/SiriAUSP):
<dictionary: 0x1059452c0> { count = 3, transaction: 0, voucher = 0x0, contents =
	"XPCService" => <dictionary: 0x105944f60> { count = 10, transaction: 0, voucher = 0x0, contents =
		"_ManagedBy" => <string: 0x101d21e60> { string cache = 0x0, length = 22, contents = "com.apple.runningboard" }
		"Platform" => <int64: 0x9ee0c886ab443377>: 7
		"RunLoopType" => <string: 0x10580bab0> { string cache = 0x0, length = 9, contents = "NSRunLoop" }
		"_SandboxProfile" => <string: 0x105809fe0> { string cache = 0x0, length = 8, contents = "keyboard" }
		"_AdditionalSubServices" => <dictionary: 0x105945200> { count = 1, transaction: 0, voucher = 0x0, contents =
			"apple-extension-service" => <bool: 0x1e6e64540>: true
		}
		"_AdditionalProperties" => <dictionary: 0x105945380> { count = 1, transaction: 0, voucher = 0x0, contents =
			"RunningBoard" => <dictionary: 0x105945320> { count = 2, transaction: 0, voucher = 0x0, contents =
				"RunningBoardLaunchedIdentity" => <dictionary: 0x105945260> { count = 5, transaction: 0, voucher = 0x0, contents =
					"TYPE" => <int64: 0x9ee0c886ab44336f>: 4
					"h" => <int64: 0x9ee0c886ab44aa8f>: 4920
					"i" => <string: 0x1058ef510> { string cache = 0x0, length = 31, contents = "com.apple.texttospeech.SiriAUSP" }
					"r" => <int64: 0x9ee0c886ab44335f>: 2
					"H" => <dictionary: 0x1059454a0> { count = 4, transaction: 0, voucher = 0x0, contents =
						"l" => <string: 0x1058edb30> { string cache = 0x0, length = 33, contents = "com.apple.accessibility.axassetsd" }
						"t" => <int64: 0x9ee0c886ab44335f>: 2
						"TYPE" => <int64: 0x9ee0c886ab44337f>: 6
						"p" => <int64: 0x9ee0c886ab44334f>: 0
					}
				}
				"RunningBoardLaunched" => <bool: 0x1e6e64540>: true
			}
		}
		"EnvironmentVariables" => <dictionary: 0x1059453e0> { count = 3, transaction: 0, voucher = 0x0, contents =
			"TMPDIR" => <string: 0x105808930> { string cache = 0x0, length = 171, contents = "/Users/miguelito/Library/Developer/CoreSimulator/Devices/A0AA6D6A-0B56-46BF-ACF4-378FDCADA106/data/Containers/Data/PluginKitPlugin/F8DC062A-8FBA-4601-8CE7-FEE85FF64FD4/tmp" }
			"HOME" => <string: 0x1058086c0> { string cache = 0x0, length = 167, contents = "/Users/miguelito/Library/Developer/CoreSimulator/Devices/A0AA6D6A-0B56-46BF-ACF4-378FDCADA106/data/Containers/Data/PluginKitPlugin/F8DC062A-8FBA-4601-8CE7-FEE85FF64FD4" }
			"CFFIXED_USER_HOME" => <string: 0x10580afa0> { string cache = 0x0, length = 167, contents = "/Users/miguelito/Library/Developer/CoreSimulator/Devices/A0AA6D6A-0B56-46BF-ACF4-378FDCADA106/data/Containers/Data/PluginKitPlugin/F8DC062A-8FBA-4601-8CE7-FEE85FF64FD4" }
		}
		"_OmitSandboxParameters" => <bool: 0x1e6e64540>: true
		"ServiceType" => <string: 0x1058082a0> { string cache = 0x0, length = 11, contents = "Application" }
		"ProgramArguments" => <array: 0x1058082d0> { count = 3, capacity = 8, contents =
			0: <string: 0x1058097d0> { string cache = 0x0, length = 214, contents = "/Library/Developer/CoreSimulator/Volumes/iOS_23F77/Library/Developer/CoreSimulator/Profiles/Runtimes/iOS 26.5.simruntime/Contents/Resources/RuntimeRoot/System/Library/ExtensionKit/Extensions/SiriAUSP.appex/SiriAUSP" }
			1: <string: 0x1058080c0> { string cache = 0x0, length = 15, contents = "-AppleLanguages" }
			2: <string: 0x1058084b0> { string cache = 0x0, length = 18, contents = "("es-ES", "en-ES")" }
		}
	}
	"RunningBoard" => <dictionary: 0x1059451a0> { count = 1, transaction: 0, voucher = 0x0, contents =
		"Managed" => <bool: 0x1e6e64540>: true
	}
	"CFBundlePackageType" => <string: 0x10580b600> { string cache = 0x0, length = 4, contents = "XPC!" }
}
2026-07-02 00:07:42.453513+0200 0x12e70    Default     0x9d7e1              4914   0    runningboardd: (AppServerSupport) [com.apple.libxpc.OSLaunchdJob:all] <OSLaunchdJob | handle=039A323D-3650-45F5-A93B-5C5E32513EE9>: submitExtension created a job
2026-07-02 00:07:42.453563+0200 0x12e67    Activity    0x9d7e2              4914   0    runningboardd: (RunningBoard) statesForPredicate
2026-07-02 00:07:42.453609+0200 0x12e67    Activity    0x9d7e3              4914   0    runningboardd: (RunningBoard) acquireAssertionWithDescriptor
2026-07-02 00:07:42.453649+0200 0x12e70    Default     0x9d7e1              4914   0    runningboardd: (AppServerSupport) [com.apple.libxpc.OSLaunchdJob:all] <OSLaunchdJob | handle=039A323D-3650-45F5-A93B-5C5E32513EE9>: start succeeded, info=running, pid=5079
2026-07-02 00:07:42.453840+0200 0x12e67    Default     0x9d7e3              4914   7    runningboardd: (RunningBoard) [com.apple.runningboard:ttl] Acquiring assertion targeting [xpcservice<com.apple.ax.KonaTTSSupport.KonaSynthesizer([osservice<com.apple.accessibility.axassetsd>:4920])>{vt hash: 0}{definition:com.apple.ax.KonaTTSSupport.KonaSynthesizer[extension][client]}:5084] from originator [osservice<com.apple.accessibility.axassetsd>:4920] with description <RBSAssertionDescriptor| "com.apple.extension.session" ID:4914-4920-660 target:5084 attributes:[
	<RBSLegacyAttribute| requestedReason:ViewService reason:ViewService flags:( AllowIdleSleep PreventTaskSuspend PreventTaskThrottleDown WantsForegroundResourcePriority )>,
	<RBSAcquisitionCompletionAttribute| policy:AfterValidation>
	]>
2026-07-02 00:07:42.453868+0200 0x12e67    Default     0x9d7e3              4914   0    runningboardd: (RunningBoard) [com.apple.runningboard:assertion] Mutating assertion 4914-4920-660 reason from ViewService to Extension because it targets an xpc service.
2026-07-02 00:07:42.453904+0200 0x12e67    Default     0x9d7e3              4914   7    runningboardd: (RunningBoard) [com.apple.runningboard:ttl] Assertion 4914-4920-660 (target:[xpcservice<com.apple.ax.KonaTTSSupport.KonaSynthesizer([osservice<com.apple.accessibility.axassetsd>:4920])>{vt hash: 0}{definition:com.apple.ax.KonaTTSSupport.KonaSynthesizer[extension][client]}:5084]) will be created as active
2026-07-02 00:07:42.453950+0200 0x12e67    Activity    0x9d7e4              4914   0    runningboardd: (RunningBoard) lookupHandleForKey
2026-07-02 00:07:42.454086+0200 0x12e71    Activity    0x9d7e5              4914   0    runningboardd: (RunningBoard) state update
2026-07-02 00:07:42.454316+0200 0x12e67    Default     0x9d7e3              4914   0    runningboardd: (RunningBoard) [com.apple.runningboard:monitor] Calculated state for xpcservice<com.apple.ax.KonaTTSSupport.KonaSynthesizer([osservice<com.apple.accessibility.axassetsd>:4920])>{vt hash: 0}{definition:com.apple.ax.KonaTTSSupport.KonaSynthesizer[extension][client]}: running-active (role: UserInteractiveNonFocal) (endowments: (null))
2026-07-02 00:07:42.454323+0200 0x12e68    Default     0x9d7e3              4914   7    runningboardd: (RunningBoard) [com.apple.runningboard:ttl] [xpcservice<com.apple.ax.KonaTTSSupport.KonaSynthesizer([osservice<com.apple.accessibility.axassetsd>:4920])>{vt hash: 0}{definition:com.apple.ax.KonaTTSSupport.KonaSynthesizer[extension][client]}:5084] Resuming task.
2026-07-02 00:07:42.454434+0200 0x13025    Activity    0x9d7b2              5035   0    SpringBoard: (RunningBoardServices) observedProcessStatesDidChange
2026-07-02 00:07:42.454471+0200 0x13025    Default     0x9d7b2              5035   0    SpringBoard: (RunningBoardServices) [com.apple.runningboard:monitor] Received state update for 5084 (xpcservice<com.apple.ax.KonaTTSSupport.KonaSynthesizer([osservice<com.apple.accessibility.axassetsd>:4920])>{vt hash: 0}{definition:com.apple.ax.KonaTTSSupport.KonaSynthesizer[extension][client]}, running-active-NotVisible
2026-07-02 00:07:42.454557+0200 0x12da4    Activity    0x9d7e6              4914   0    runningboardd: (RunningBoard) statesForPredicate
2026-07-02 00:07:42.455392+0200 0x12e67    Activity    0x9d7e7              4914   0    runningboardd: (RunningBoard) acquireAssertionWithDescriptor
2026-07-02 00:07:42.455461+0200 0x12e67    Default     0x9d7e7              4914   7    runningboardd: (RunningBoard) [com.apple.runningboard:ttl] Acquiring assertion targeting [xpcservice<com.apple.texttospeech.SiriAUSP([osservice<com.apple.accessibility.axassetsd>:4920])>{vt hash: 0}{definition:com.apple.texttospeech.SiriAUSP[extension][client]}:5079] from originator [osservice<com.apple.accessibility.axassetsd>:4920] with description <RBSAssertionDescriptor| "com.apple.extension.session" ID:4914-4920-661 target:5079 attributes:[
	<RBSLegacyAttribute| requestedReason:ViewService reason:ViewService flags:( AllowIdleSleep PreventTaskSuspend PreventTaskThrottleDown )>,
	<RBSAcquisitionCompletionAttribute| policy:AfterValidation>
	]>
2026-07-02 00:07:42.455473+0200 0x12e67    Default     0x9d7e7              4914   0    runningboardd: (RunningBoard) [com.apple.runningboard:assertion] Mutating assertion 4914-4920-661 reason from ViewService to Extension because it targets an xpc service.
2026-07-02 00:07:42.455491+0200 0x12e67    Default     0x9d7e7              4914   7    runningboardd: (RunningBoard) [com.apple.runningboard:ttl] Assertion 4914-4920-661 (target:[xpcservice<com.apple.texttospeech.SiriAUSP([osservice<com.apple.accessibility.axassetsd>:4920])>{vt hash: 0}{definition:com.apple.texttospeech.SiriAUSP[extension][client]}:5079]) will be created as active
2026-07-02 00:07:42.455696+0200 0x12da4    Activity    0x9d7e8              4914   0    runningboardd: (RunningBoard) state update
2026-07-02 00:07:42.457222+0200 0x12da5    Activity    0x9d7e9              4914   0    runningboardd: (RunningBoard) invalidateAssertionWithIdentifier
2026-07-02 00:07:42.457237+0200 0x12da5    Default     0x9d7e9              4914   7    runningboardd: (RunningBoard) [com.apple.runningboard:ttl] Invalidating assertion 4914-4920-659 (target:[xpcservice<com.apple.ax.MauiTTSSupport.MauiAUSP([osservice<com.apple.accessibility.axassetsd>:4920])>{vt hash: 0}{definition:com.apple.ax.MauiTTSSupport.MauiAUSP[extension][client]}:5087]) from originator [osservice<com.apple.accessibility.axassetsd>:4920]
2026-07-02 00:07:42.457586+0200 0x12da5    Activity    0x9d7ea              4914   0    runningboardd: (RunningBoard) executeLaunchRequest
2026-07-02 00:07:42.457683+0200 0x12da5    Default     0x9d7ea              4914   7    runningboardd: (RunningBoard) [com.apple.runningboard:ttl] Executing launch request for xpcservice<com.apple.speech.MacinTalkFramework.MacinTalkAUSP([osservice<com.apple.accessibility.axassetsd>:4920])>{vt hash: 0}{definition:com.apple.speech.MacinTalkFramework.MacinTalkAUSP[extension][client]} (Launching extension com.apple.speech.MacinTalkFramework.MacinTalkAUSP(3D144E97-93E3-47CD-B510-C5C3DC794512) for host 4920) from requestor: [osservice<com.apple.pluginkit.pkd>:5000]
2026-07-02 00:07:42.457697+0200 0x12da5    Default     0x9d7ea              4914   0    runningboardd: (RunningBoard) [com.apple.runningboard:process] Checking PreventLaunch: global:0 exPath:(null) predicates:(null) allow:(null)
2026-07-02 00:07:42.457700+0200 0x12e68    Error       0x9d7e3              4914   0    runningboardd: (RunningBoard) [com.apple.runningboard:process] [xpcservice<com.apple.ax.KonaTTSSupport.KonaSynthesizer([osservice<com.apple.accessibility.axassetsd>:4920])>{vt hash: 0}{definition:com.apple.ax.KonaTTSSupport.KonaSynthesizer[extension][client]}:5084] pid_resume() returned error 1: Operation not permitted
2026-07-02 00:07:42.457714+0200 0x12da5    Default     0x9d7ea              4914   0    runningboardd: (RunningBoard) [com.apple.runningboard:job] Creating and launching job for: xpcservice<com.apple.speech.MacinTalkFramework.MacinTalkAUSP([osservice<com.apple.accessibility.axassetsd>:4920])>{vt hash: 0}{definition:com.apple.speech.MacinTalkFramework.MacinTalkAUSP[extension][client]}
2026-07-02 00:07:42.457728+0200 0x12e68    Default     0x9d7e3              4914   0    runningboardd: (RunningBoard) [com.apple.runningboard:process] [xpcservice<com.apple.ax.KonaTTSSupport.KonaSynthesizer([osservice<com.apple.accessibility.axassetsd>:4920])>{vt hash: 0}{definition:com.apple.ax.KonaTTSSupport.KonaSynthesizer[extension][client]}:5084] Result 45 setting darwin role to UserInteractiveNonFocal: Operation not supported, falling back to setting priority
2026-07-02 00:07:42.457754+0200 0x12e68    Default     0x9d7e3              4914   7    runningboardd: (RunningBoard) [com.apple.runningboard:ttl] [xpcservice<com.apple.ax.KonaTTSSupport.KonaSynthesizer([osservice<com.apple.accessibility.axassetsd>:4920])>{vt hash: 0}{definition:com.apple.ax.KonaTTSSupport.KonaSynthesizer[extension][client]}:5084] Set darwin priority to: PRIO_DEFAULT
2026-07-02 00:07:42.457772+0200 0x12e68    Error       0x9d7e3              4914   0    runningboardd: (RunningBoard) [com.apple.runningboard:process] 5084 Error setting Darwin GPU to "Backgrounds" (3): Operation not permitted
2026-07-02 00:07:42.457785+0200 0x12da4    Default     0x9d7ea              4914   0    runningboardd: (RunningBoard) [com.apple.runningboard:job_oversize] '(null)' Submitting extension overlay (host PID 4920, path /Library/Developer/CoreSimulator/Volumes/iOS_23F77/Library/Developer/CoreSimulator/Profiles/Runtimes/iOS 26.5.simruntime/Contents/Resources/RuntimeRoot/System/Library/PrivateFrameworks/MacinTalk.framework/PlugIns/MacinTalkAUSP.appex/MacinTalkAUSP):
<dictionary: 0x1059455c0> { count = 3, transaction: 0, voucher = 0x0, contents =
	"XPCService" => <dictionary: 0x1059453e0> { count = 10, transaction: 0, voucher = 0x0, contents =
		"_ManagedBy" => <string: 0x105896af0> { string cache = 0x0, length = 22, contents = "com.apple.runningboard" }
		"Platform" => <int64: 0x9ee0c886ab443377>: 7
		"RunLoopType" => <string: 0x105896970> { string cache = 0x0, length = 9, contents = "NSRunLoop" }
		"_SandboxProfile" => <string: 0x1058084b0> { string cache = 0x0, length = 8, contents = "keyboard" }
		"_AdditionalSubServices" => <dictionary: 0x105945320> { count = 1, transaction: 0, voucher = 0x0, contents =
			"apple-extension-service" => <bool: 0x1e6e64540>: true
		}
		"_AdditionalProperties" => <dictionary: 0x1059452c0> { count = 1, transaction: 0, voucher = 0x0, contents =
			"RunningBoard" => <dictionary: 0x1059454a0> { count = 2, transaction: 0, voucher = 0x0, contents =
				"RunningBoardLaunchedIdentity" => <dictionary: 0x105945200> { count = 5, transaction: 0, voucher = 0x0, contents =
					"TYPE" => <int64: 0x9ee0c886ab44336f>: 4
					"h" => <int64: 0x9ee0c886ab44aa8f>: 4920
					"i" => <string: 0x1058963d0> { string cache = 0x0, length = 49, contents = "com.apple.speech.MacinTalkFramework.MacinTalkAUSP" }
					"r" => <int64: 0x9ee0c886ab44335f>: 2
					"H" => <dictionary: 0x105945860> { count = 4, transaction: 0, voucher = 0x0, contents =
						"l" => <string: 0x105897900> { string cache = 0x0, length = 33, contents = "com.apple.accessibility.axassetsd" }
						"t" => <int64: 0x9ee0c886ab44335f>: 2
						"TYPE" => <int64: 0x9ee0c886ab44337f>: 6
						"p" => <int64: 0x9ee0c886ab44334f>: 0
					}
				}
				"RunningBoardLaunched" => <bool: 0x1e6e64540>: true
			}
		}
		"EnvironmentVariables" => <dictionary: 0x105945260> { count = 3, transaction: 0, voucher = 0x0, contents =
			"TMPDIR" => <string: 0x105809830> { string cache = 0x0, length = 171, contents = "/Users/miguelito/Library/Developer/CoreSimulator/Devices/A0AA6D6A-0B56-46BF-ACF4-378FDCADA106/data/Containers/Data/PluginKitPlugin/4C4F8283-F57E-464D-9ABA-419FA0F20ECE/tmp" }
			"HOME" => <string: 0x1058097d0> { string cache = 0x0, length = 167, contents = "/Users/miguelito/Library/Developer/CoreSimulator/Devices/A0AA6D6A-0B56-46BF-ACF4-378FDCADA106/data/Containers/Data/PluginKitPlugin/4C4F8283-F57E-464D-9ABA-419FA0F20ECE" }
			"CFFIXED_USER_HOME" => <string: 0x10580b600> { string cache = 0x0, length = 167, contents = "/Users/miguelito/Library/Developer/CoreSimulator/Devices/A0AA6D6A-0B56-46BF-ACF4-378FDCADA106/data/Containers/Data/PluginKitPlugin/4C4F8283-F57E-464D-9ABA-419FA0F20ECE" }
		}
		"_OmitSandboxParameters" => <bool: 0x1e6e64540>: true
		"ServiceType" => <string: 0x1058080c0> { string cache = 0x0, length = 11, contents = "Application" }
		"ProgramArguments" => <array: 0x1058086c0> { count = 3, capacity = 8, contents =
			0: <string: 0x105809fe0> { string cache = 0x0, length = 246, contents = "/Library/Developer/CoreSimulator/Volumes/iOS_23F77/Library/Developer/CoreSimulator/Profiles/Runtimes/iOS 26.5.simruntime/Contents/Resources/RuntimeRoot/System/Library/PrivateFrameworks/MacinTalk.framework/PlugIns/MacinTalkAUSP.appex/MacinTalkAUSP" }
			1: <string: 0x10580bab0> { string cache = 0x0, length = 15, contents = "-AppleLanguages" }
			2: <string: 0x105897a20> { string cache = 0x0, length = 18, contents = "("es-ES", "en-ES")" }
		}
	}
	"RunningBoard" => <dictionary: 0x105945380> { count = 1, transaction: 0, voucher = 0x0, contents =
		"Managed" => <bool: 0x1e6e64540>: true
	}
	"CFBundlePackageType" => <string: 0x105896130> { string cache = 0x0, length = 4, contents = "XPC!" }
}
2026-07-02 00:07:42.458165+0200 0x12da5    Default     0x9d7ea              4914   0    runningboardd: (AppServerSupport) [com.apple.libxpc.OSLaunchdJob:all] <OSLaunchdJob | handle=B91C302E-741B-4872-941E-AA4C9DB65BA9>: submitExtension created a job
2026-07-02 00:07:42.458286+0200 0x12da5    Default     0x9d7ea              4914   0    runningboardd: (AppServerSupport) [com.apple.libxpc.OSLaunchdJob:all] <OSLaunchdJob | handle=B91C302E-741B-4872-941E-AA4C9DB65BA9>: start succeeded, info=running, pid=5081
2026-07-02 00:07:42.458449+0200 0x12da5    Activity    0x9d7eb              4914   0    runningboardd: (RunningBoard) statesForPredicate
2026-07-02 00:07:42.458673+0200 0x12da5    Activity    0x9d7ec              4914   0    runningboardd: (RunningBoard) lookupHandleForKey
2026-07-02 00:07:42.460173+0200 0x12da5    Activity    0x9d7ed              4914   0    runningboardd: (RunningBoard) acquireAssertionWithDescriptor
2026-07-02 00:07:42.460313+0200 0x12da5    Default     0x9d7ed              4914   7    runningboardd: (RunningBoard) [com.apple.runningboard:ttl] Acquiring assertion targeting [xpcservice<com.apple.speech.MacinTalkFramework.MacinTalkAUSP([osservice<com.apple.accessibility.axassetsd>:4920])>{vt hash: 0}{definition:com.apple.speech.MacinTalkFramework.MacinTalkAUSP[extension][client]}:5081] from originator [osservice<com.apple.accessibility.axassetsd>:4920] with description <RBSAssertionDescriptor| "com.apple.extension.session" ID:4914-4920-662 target:5081 attributes:[
	<RBSLegacyAttribute| requestedReason:ViewService reason:ViewService flags:( AllowIdleSleep PreventTaskSuspend PreventTaskThrottleDown )>,
	<RBSAcquisitionCompletionAttribute| policy:AfterValidation>
	]>
2026-07-02 00:07:42.460364+0200 0x12da5    Default     0x9d7ed              4914   0    runningboardd: (RunningBoard) [com.apple.runningboard:assertion] Mutating assertion 4914-4920-662 reason from ViewService to Extension because it targets an xpc service.
2026-07-02 00:07:42.460395+0200 0x12da5    Default     0x9d7ed              4914   7    runningboardd: (RunningBoard) [com.apple.runningboard:ttl] Assertion 4914-4920-662 (target:[xpcservice<com.apple.speech.MacinTalkFramework.MacinTalkAUSP([osservice<com.apple.accessibility.axassetsd>:4920])>{vt hash: 0}{definition:com.apple.speech.MacinTalkFramework.MacinTalkAUSP[extension][client]}:5081]) will be created as active
2026-07-02 00:07:42.460480+0200 0x12e71    Activity    0x9d7ee              4914   0    runningboardd: (RunningBoard) state update
2026-07-02 00:07:42.461310+0200 0x12da4    Activity    0x9d7ef              4914   0    runningboardd: (RunningBoard) statesForPredicate
2026-07-02 00:07:42.461450+0200 0x12da4    Activity    0x9d820              4914   0    runningboardd: (RunningBoard) lookupHandleForKey
2026-07-02 00:07:42.461843+0200 0x12e71    Activity    0x9d821              4914   0    runningboardd: (RunningBoard) executeLaunchRequest
2026-07-02 00:07:42.461936+0200 0x12e71    Default     0x9d821              4914   7    runningboardd: (RunningBoard) [com.apple.runningboard:ttl] Executing launch request for xpcservice<com.apple.ax.KonaTTSSupport.KonaSynthesizer([osservice<com.apple.accessibility.axassetsd>:4920])>{vt hash: 0}{definition:com.apple.ax.KonaTTSSupport.KonaSynthesizer[extension][client]} (Launching extension com.apple.ax.KonaTTSSupport.KonaSynthesizer(1BE21A64-E96D-4857-A36E-7DC957C0CE01) for host 4920) from requestor: [osservice<com.apple.pluginkit.pkd>:5000]
2026-07-02 00:07:42.461947+0200 0x12e71    Default     0x9d821              4914   0    runningboardd: (RunningBoard) [com.apple.runningboard:process] Checking PreventLaunch: global:0 exPath:(null) predicates:(null) allow:(null)
2026-07-02 00:07:42.461963+0200 0x12e71    Default     0x9d821              4914   0    runningboardd: (RunningBoard) [com.apple.runningboard:job] Creating and launching job for: xpcservice<com.apple.ax.KonaTTSSupport.KonaSynthesizer([osservice<com.apple.accessibility.axassetsd>:4920])>{vt hash: 0}{definition:com.apple.ax.KonaTTSSupport.KonaSynthesizer[extension][client]}
2026-07-02 00:07:42.462028+0200 0x12da4    Default     0x9d821              4914   0    runningboardd: (RunningBoard) [com.apple.runningboard:job_oversize] '(null)' Submitting extension overlay (host PID 4920, path /Library/Developer/CoreSimulator/Volumes/iOS_23F77/Library/Developer/CoreSimulator/Profiles/Runtimes/iOS 26.5.simruntime/Contents/Resources/RuntimeRoot/System/Library/ExtensionKit/Extensions/KonaSynthesizer.appex/KonaSynthesizer):
<dictionary: 0x1059455c0> { count = 3, transaction: 0, voucher = 0x0, contents =
	"XPCService" => <dictionary: 0x1059454a0> { count = 10, transaction: 0, voucher = 0x0, contents =
		"_ManagedBy" => <string: 0x105897d80> { string cache = 0x0, length = 22, contents = "com.apple.runningboard" }
		"Platform" => <int64: 0x9ee0c886ab443377>: 7
		"RunLoopType" => <string: 0x10580afa0> { string cache = 0x0, length = 9, contents = "NSRunLoop" }
		"_SandboxProfile" => <string: 0x105809fe0> { string cache = 0x0, length = 8, contents = "keyboard" }
		"_AdditionalSubServices" => <dictionary: 0x1059452c0> { count = 1, transaction: 0, voucher = 0x0, contents =
			"apple-extension-service" => <bool: 0x1e6e64540>: true
		}
		"_AdditionalProperties" => <dictionary: 0x105945320> { count = 1, transaction: 0, voucher = 0x0, contents =
			"RunningBoard" => <dictionary: 0x105945860> { count = 2, transaction: 0, voucher = 0x0, contents =
				"RunningBoardLaunchedIdentity" => <dictionary: 0x105945920> { count = 5, transaction: 0, voucher = 0x0, contents =
					"TYPE" => <int64: 0x9ee0c886ab44336f>: 4
					"h" => <int64: 0x9ee0c886ab44aa8f>: 4920
					"i" => <string: 0x105896d90> { string cache = 0x0, length = 43, contents = "com.apple.ax.KonaTTSSupport.KonaSynthesizer" }
					"r" => <int64: 0x9ee0c886ab44335f>: 2
					"H" => <dictionary: 0x105945560> { count = 4, transaction: 0, voucher = 0x0, contents =
						"l" => <string: 0x105897b70> { string cache = 0x0, length = 33, contents = "com.apple.accessibility.axassetsd" }
						"t" => <int64: 0x9ee0c886ab44335f>: 2
						"TYPE" => <int64: 0x9ee0c886ab44337f>: 6
						"p" => <int64: 0x9ee0c886ab44334f>: 0
					}
				}
				"RunningBoardLaunched" => <bool: 0x1e6e64540>: true
			}
		}
		"EnvironmentVariables" => <dictionary: 0x1059451a0> { count = 3, transaction: 0, voucher = 0x0, contents =
			"TMPDIR" => <string: 0x10580bab0> { string cache = 0x0, length = 171, contents = "/Users/miguelito/Library/Developer/CoreSimulator/Devices/A0AA6D6A-0B56-46BF-ACF4-378FDCADA106/data/Containers/Data/PluginKitPlugin/FEAD42EF-5BDF-40DF-8B6C-F6E83E0CAAEF/tmp" }
			"HOME" => <string: 0x1058086c0> { string cache = 0x0, length = 167, contents = "/Users/miguelito/Library/Developer/CoreSimulator/Devices/A0AA6D6A-0B56-46BF-ACF4-378FDCADA106/data/Containers/Data/PluginKitPlugin/FEAD42EF-5BDF-40DF-8B6C-F6E83E0CAAEF" }
			"CFFIXED_USER_HOME" => <string: 0x1058082a0> { string cache = 0x0, length = 167, contents = "/Users/miguelito/Library/Developer/CoreSimulator/Devices/A0AA6D6A-0B56-46BF-ACF4-378FDCADA106/data/Containers/Data/PluginKitPlugin/FEAD42EF-5BDF-40DF-8B6C-F6E83E0CAAEF" }
		}
		"_OmitSandboxParameters" => <bool: 0x1e6e64540>: true
		"ServiceType" => <string: 0x10580b600> { string cache = 0x0, length = 11, contents = "Application" }
		"ProgramArguments" => <array: 0x1058097d0> { count = 3, capacity = 8, contents =
			0: <string: 0x105809830> { string cache = 0x0, length = 228, contents = "/Library/Developer/CoreSimulator/Volumes/iOS_23F77/Library/Developer/CoreSimulator/Profiles/Runtimes/iOS 26.5.simruntime/Contents/Resources/RuntimeRoot/System/Library/ExtensionKit/Extensions/KonaSynthesizer.appex/KonaSynthesizer" }
			1: <string: 0x1058084b0> { string cache = 0x0, length = 15, contents = "-AppleLanguages" }
			2: <string: 0x1058082d0> { string cache = 0x0, length = 18, contents = "("es-ES", "en-ES")" }
		}
	}
	"RunningBoard" => <dictionary: 0x105945380> { count = 1, transaction: 0, voucher = 0x0, contents =
		"Managed" => <bool: 0x1e6e64540>: true
	}
	"CFBundlePackageType" => <string: 0x105808930> { string cache = 0x0, length = 4, contents = "XPC!" }
}
2026-07-02 00:07:42.462127+0200 0x12da5    Activity    0x9d822              4914   0    runningboardd: (RunningBoard) invalidateAssertionWithIdentifier
2026-07-02 00:07:42.462140+0200 0x12da5    Default     0x9d822              4914   7    runningboardd: (RunningBoard) [com.apple.runningboard:ttl] Invalidating assertion 4914-4920-661 (target:[xpcservice<com.apple.texttospeech.SiriAUSP([osservice<com.apple.accessibility.axassetsd>:4920])>{vt hash: 0}{definition:com.apple.texttospeech.SiriAUSP[extension][client]}:5079]) from originator [osservice<com.apple.accessibility.axassetsd>:4920]
2026-07-02 00:07:42.462284+0200 0x12da5    Activity    0x9d823              4914   0    runningboardd: (RunningBoard) invalidateAssertionWithIdentifier
2026-07-02 00:07:42.462291+0200 0x12e71    Default     0x9d821              4914   0    runningboardd: (AppServerSupport) [com.apple.libxpc.OSLaunchdJob:all] <OSLaunchdJob | handle=057099B4-E8D8-4D2C-B5C0-7178736D5E8D>: submitExtension created a job
2026-07-02 00:07:42.462389+0200 0x12da5    Default     0x9d823              4914   7    runningboardd: (RunningBoard) [com.apple.runningboard:ttl] Invalidating assertion 4914-4920-656 (target:[xpcservice<com.apple.ax.MauiTTSSupport.MauiAUSP([osservice<com.apple.accessibility.axassetsd>:4920])>{vt hash: 0}{definition:com.apple.ax.MauiTTSSupport.MauiAUSP[extension][client]}:5087]) from originator [osservice<com.apple.accessibility.axassetsd>:4920]
2026-07-02 00:07:42.462793+0200 0x12e71    Default     0x9d821              4914   0    runningboardd: (AppServerSupport) [com.apple.libxpc.OSLaunchdJob:all] <OSLaunchdJob | handle=057099B4-E8D8-4D2C-B5C0-7178736D5E8D>: start succeeded, info=running, pid=5084
2026-07-02 00:07:42.463637+0200 0x12e71    Activity    0x9d824              4914   0    runningboardd: (RunningBoard) acquireAssertionWithDescriptor
2026-07-02 00:07:42.463717+0200 0x12e71    Default     0x9d824              4914   7    runningboardd: (RunningBoard) [com.apple.runningboard:ttl] Acquiring assertion targeting [xpcservice<com.apple.ax.KonaTTSSupport.KonaSynthesizer([osservice<com.apple.accessibility.axassetsd>:4920])>{vt hash: 0}{definition:com.apple.ax.KonaTTSSupport.KonaSynthesizer[extension][client]}:5084] from originator [osservice<com.apple.accessibility.axassetsd>:4920] with description <RBSAssertionDescriptor| "com.apple.extension.session" ID:4914-4920-663 target:5084 attributes:[
	<RBSLegacyAttribute| requestedReason:ViewService reason:ViewService flags:( AllowIdleSleep PreventTaskSuspend PreventTaskThrottleDown )>,
	<RBSAcquisitionCompletionAttribute| policy:AfterValidation>
	]>
2026-07-02 00:07:42.463732+0200 0x12e71    Default     0x9d824              4914   0    runningboardd: (RunningBoard) [com.apple.runningboard:assertion] Mutating assertion 4914-4920-663 reason from ViewService to Extension because it targets an xpc service.
2026-07-02 00:07:42.463750+0200 0x12e71    Default     0x9d824              4914   7    runningboardd: (RunningBoard) [com.apple.runningboard:ttl] Assertion 4914-4920-663 (target:[xpcservice<com.apple.ax.KonaTTSSupport.KonaSynthesizer([osservice<com.apple.accessibility.axassetsd>:4920])>{vt hash: 0}{definition:com.apple.ax.KonaTTSSupport.KonaSynthesizer[extension][client]}:5084]) will be created as active
2026-07-02 00:07:42.463813+0200 0x12da5    Activity    0x9d825              4914   0    runningboardd: (RunningBoard) state update
2026-07-02 00:07:42.464259+0200 0x12da4    Activity    0x9d826              4914   0    runningboardd: (RunningBoard) invalidateAssertionWithIdentifier
2026-07-02 00:07:42.464270+0200 0x12da4    Default     0x9d826              4914   7    runningboardd: (RunningBoard) [com.apple.runningboard:ttl] Invalidating assertion 4914-4920-662 (target:[xpcservice<com.apple.speech.MacinTalkFramework.MacinTalkAUSP([osservice<com.apple.accessibility.axassetsd>:4920])>{vt hash: 0}{definition:com.apple.speech.MacinTalkFramework.MacinTalkAUSP[extension][client]}:5081]) from originator [osservice<com.apple.accessibility.axassetsd>:4920]
2026-07-02 00:07:42.464417+0200 0x12da4    Activity    0x9d827              4914   0    runningboardd: (RunningBoard) statesForPredicate
2026-07-02 00:07:42.464710+0200 0x12da4    Activity    0x9d828              4914   0    runningboardd: (RunningBoard) lookupHandleForKey
2026-07-02 00:07:42.466015+0200 0x12da4    Activity    0x9d829              4914   0    runningboardd: (RunningBoard) invalidateAssertionWithIdentifier
2026-07-02 00:07:42.466032+0200 0x12da4    Default     0x9d829              4914   7    runningboardd: (RunningBoard) [com.apple.runningboard:ttl] Invalidating assertion 4914-4920-657 (target:[xpcservice<com.apple.texttospeech.SiriAUSP([osservice<com.apple.accessibility.axassetsd>:4920])>{vt hash: 0}{definition:com.apple.texttospeech.SiriAUSP[extension][client]}:5079]) from originator [osservice<com.apple.accessibility.axassetsd>:4920]
2026-07-02 00:07:42.466967+0200 0x12da4    Activity    0x9d82a              4914   0    runningboardd: (RunningBoard) invalidateAssertionWithIdentifier
2026-07-02 00:07:42.466978+0200 0x12da4    Default     0x9d82a              4914   7    runningboardd: (RunningBoard) [com.apple.runningboard:ttl] Invalidating assertion 4914-4920-663 (target:[xpcservice<com.apple.ax.KonaTTSSupport.KonaSynthesizer([osservice<com.apple.accessibility.axassetsd>:4920])>{vt hash: 0}{definition:com.apple.ax.KonaTTSSupport.KonaSynthesizer[extension][client]}:5084]) from originator [osservice<com.apple.accessibility.axassetsd>:4920]
2026-07-02 00:07:42.467916+0200 0x12da4    Activity    0x9d82b              4914   0    runningboardd: (RunningBoard) invalidateAssertionWithIdentifier
2026-07-02 00:07:42.467929+0200 0x12da4    Default     0x9d82b              4914   7    runningboardd: (RunningBoard) [com.apple.runningboard:ttl] Invalidating assertion 4914-4920-658 (target:[xpcservice<com.apple.speech.MacinTalkFramework.MacinTalkAUSP([osservice<com.apple.accessibility.axassetsd>:4920])>{vt hash: 0}{definition:com.apple.speech.MacinTalkFramework.MacinTalkAUSP[extension][client]}:5081]) from originator [osservice<com.apple.accessibility.axassetsd>:4920]
2026-07-02 00:07:42.469971+0200 0x12da4    Activity    0x9d82c              4914   0    runningboardd: (RunningBoard) invalidateAssertionWithIdentifier
2026-07-02 00:07:42.469985+0200 0x12da4    Default     0x9d82c              4914   7    runningboardd: (RunningBoard) [com.apple.runningboard:ttl] Invalidating assertion 4914-4920-660 (target:[xpcservice<com.apple.ax.KonaTTSSupport.KonaSynthesizer([osservice<com.apple.accessibility.axassetsd>:4920])>{vt hash: 0}{definition:com.apple.ax.KonaTTSSupport.KonaSynthesizer[extension][client]}:5084]) from originator [osservice<com.apple.accessibility.axassetsd>:4920]
2026-07-02 00:07:42.510760+0200 0x12da4    Activity    0x9d82d              4914   0    runningboardd: (RunningBoard) incoming connection
2026-07-02 00:07:42.510785+0200 0x12da4    Default     0x9d82d              4914   0    runningboardd: (RunningBoard) [com.apple.runningboard:connection] Incoming connection from 5145, user 501/501
2026-07-02 00:07:42.511058+0200 0x12da4    Default     0x9d82d              4914   0    runningboardd: (RunningBoard) [com.apple.runningboard:process] _resolveProcessWithIdentifier pid 5145 euid 501 auid 501
2026-07-02 00:07:42.511155+0200 0x12da4    Default     0x9d82d              4914   0    runningboardd: (RunningBoard) [com.apple.runningboard:process] Resolved pid 5145 to [osservice<com.apple.FileProvider>:5145]
2026-07-02 00:07:42.511179+0200 0x12da4    Default     0x9d82d              4914   7    runningboardd: (RunningBoard) [com.apple.runningboard:ttl] existingInstance is: (null)
2026-07-02 00:07:42.511208+0200 0x12da4    Error       0x9d82d              4914   0    runningboardd: (RunningBoard) [com.apple.runningboard:jetsam] memorystatus_control error: MEMORYSTATUS_CMD_CONVERT_MEMLIMIT_MB(-1) returned -1 1 (Operation not permitted)
2026-07-02 00:07:42.511221+0200 0x12da4    Error       0x9d82d              4914   0    runningboardd: (RunningBoard) [com.apple.runningboard:jetsam] memorystatus_control error: MEMORYSTATUS_CMD_CONVERT_MEMLIMIT_MB(0) returned -1 1 (Operation not permitted)
2026-07-02 00:07:42.513180+0200 0x12da4    Default     0x9d82d              4914   0    runningboardd: (RunningBoardServices) [com.apple.runningboard:general] Full encoding handle [osservice<com.apple.FileProvider>:5145], with data 4232fbb700001419, and pid 5145
2026-07-02 00:07:42.513430+0200 0x12da4    Default     0x9d82d              4914   0    runningboardd: (RunningBoard) [com.apple.runningboard:process] [osservice<com.apple.FileProvider>:5145] is not RunningBoard jetsam managed.
2026-07-02 00:07:42.513538+0200 0x12da4    Default     0x9d82d              4914   0    runningboardd: (RunningBoard) [com.apple.runningboard:process] [osservice<com.apple.FileProvider>:5145] This process will not be managed.
2026-07-02 00:07:42.513553+0200 0x12da4    Default     0x9d82d              4914   7    runningboardd: (RunningBoard) [com.apple.runningboard:ttl] Now tracking process: [osservice<com.apple.FileProvider>:5145]
2026-07-02 00:07:42.513566+0200 0x12da4    Default     0x9d82d              4914   7    runningboardd: (RunningBoard) [com.apple.runningboard:ttl] Existing process in RBProcessIndex is: (null)
2026-07-02 00:07:42.513577+0200 0x12da4    Default     0x9d82d              4914   7    runningboardd: (RunningBoard) [com.apple.runningboard:ttl] existingProcess in RBProcessManager is: (null)
2026-07-02 00:07:42.513587+0200 0x12da4    Default     0x9d82d              4914   0    runningboardd: (RunningBoard) [com.apple.runningboard:general] Process HWM C 109(109) P 133(133) A 45(174) M 17(18)
2026-07-02 00:07:42.513605+0200 0x12da4    Default     0x9d82d              4914   7    runningboardd: (RunningBoard) [com.apple.runningboard:ttl] Existing process in RBProcessIndex is: (null)
2026-07-02 00:07:42.513664+0200 0x12e71    Default     0x9d82d              4914   7    runningboardd: (RunningBoard) [com.apple.runningboard:ttl] Existing process in RBProcessIndex is: (null)
2026-07-02 00:07:42.513673+0200 0x12da4    Default     0x9d82d              4914   7    runningboardd: (RunningBoard) [com.apple.runningboard:ttl] Existing process in RBProcessIndex is: (null)
2026-07-02 00:07:42.513798+0200 0x12da4    Default     0x9d82d              4914   0    runningboardd: (AppServerSupport) [com.apple.libxpc.OSLaunchdJob:all] <OSLaunchdJob | handle=8BFD35BF-AD94-4CDF-BEDB-69A28E432CC4>: copyJobWithPid:5145 created a job
2026-07-02 00:07:42.513990+0200 0x13025    Activity    0x9d7b3              5035   0    SpringBoard: (RunningBoardServices) observedProcessStatesDidChange
2026-07-02 00:07:42.514066+0200 0x12e71    Default     0x9d82d              4914   0    runningboardd: (AppServerSupport) [com.apple.libxpc.OSLaunchdJob:all] <OSLaunchdJob | handle=8BFD35BF-AD94-4CDF-BEDB-69A28E432CC4>: monitor initial info is running, pid=5145
2026-07-02 00:07:42.514073+0200 0x12da5    Activity    0x9d82e              4914   0    runningboardd: (RunningBoard) lookupHandleForKey
2026-07-02 00:07:42.514149+0200 0x12e71    Default     0x9d82d              4914   0    runningboardd: (RunningBoard) [com.apple.runningboard:general] [osservice<com.apple.FileProvider>:5145] reported to RB as running
2026-07-02 00:07:42.514188+0200 0x12e71    Default     0x9d82d              4914   0    runningboardd: (AppServerSupport) [com.apple.libxpc.OSLaunchdJob:all] <OSLaunchdJob | handle=8BFD35BF-AD94-4CDF-BEDB-69A28E432CC4>: starting monitoring
2026-07-02 00:07:42.514211+0200 0x13025    Default     0x9d7b3              5035   0    SpringBoard: (RunningBoardServices) [com.apple.runningboard:process] Hit the server for a process handle 232fbb700001419 that resolved to: [osservice<com.apple.FileProvider>:5145]
2026-07-02 00:07:42.514241+0200 0x13025    Default     0x9d7b3              5035   0    SpringBoard: (RunningBoardServices) [com.apple.runningboard:monitor] Received state update for 5145 (osservice<com.apple.FileProvider>, running-NotVisible
2026-07-02 00:07:42.514322+0200 0x12da4    Default     0x9d82d              4914   0    runningboardd: (RunningBoard) [com.apple.runningboard:general] Client HWM C 110(110) P 133(133) A 45(174) M 17(18)
2026-07-02 00:07:42.514337+0200 0x12e71    Activity    0x9d82f              4914   0    runningboardd: (RunningBoard) statesForPredicate
2026-07-02 00:07:42.514412+0200 0x12da4    Default     0x9d82d              4914   0    runningboardd: (libxpc.dylib) [com.apple.xpc:connection] [0x105939980] activating connection: mach=false listener=false peer=true name=com.apple.runningboard.peer[5145].0x105939980
2026-07-02 00:07:42.514485+0200 0x12da4    Activity    0x9d840              4914   0    runningboardd: (RunningBoard) handshakeWithRequest
2026-07-02 00:07:42.514527+0200 0x12da4    Default     0x9d840              4914   0    runningboardd: (RunningBoard) [com.apple.runningboard:connection] Setting client for [osservice<com.apple.FileProvider>:5145] as ready
2026-07-02 00:07:42.514569+0200 0x12da4    Default     0x9d840              4914   0    runningboardd: (RunningBoard) [com.apple.runningboard:connection] Received handshake request from 5145 with 0 assertion descriptors
2026-07-02 00:07:42.514591+0200 0x12da4    Default     0x9d840              4914   0    runningboardd: (RunningBoard) [com.apple.runningboard:connection] Handshake successful with 5145; sending response
2026-07-02 00:07:42.515235+0200 0x12da4    Activity    0x9d841              4914   0    runningboardd: (RunningBoard) subscribeToProcessStateChangesWithConfiguration
2026-07-02 00:07:42.515413+0200 0x12da4    Activity    0x9d842              4914   0    runningboardd: (RunningBoard) subscribeToProcessStateChangesWithConfiguration
2026-07-02 00:07:42.515718+0200 0x12da4    Activity    0x9d843              4914   0    runningboardd: (RunningBoard) subscribeToProcessStateChangesWithConfiguration
2026-07-02 00:07:42.515841+0200 0x12da4    Activity    0x9d844              4914   0    runningboardd: (RunningBoard) subscribeToProcessStateChangesWithConfiguration
2026-07-02 00:07:42.516986+0200 0x12da4    Activity    0x9d845              4914   0    runningboardd: (RunningBoard) subscribeToProcessStateChangesWithConfiguration
2026-07-02 00:07:42.545947+0200 0x130e5    Error       0x9d504              5035   0    SpringBoard: (BaseBoard) [com.apple.BaseBoard:Common] [BSBlockSentinel:XBApplicationController] unexpected signal! 2 of 1
2026-07-02 00:07:42.560464+0200 0x12e71    Default     0x9d7e9              4914   0    runningboardd: (RunningBoard) [com.apple.runningboard:assertion] Removed last relative-start-date-defining assertion for process xpcservice<com.apple.ax.MauiTTSSupport.MauiAUSP([osservice<com.apple.accessibility.axassetsd>:4920])>{vt hash: 0}{definition:com.apple.ax.MauiTTSSupport.MauiAUSP[extension][client]}
2026-07-02 00:07:42.560502+0200 0x12e71    Default     0x9d7e9              4914   0    runningboardd: (RunningBoard) [com.apple.runningboard:assertion] Removed last relative-start-date-defining assertion for process xpcservice<com.apple.ax.KonaTTSSupport.KonaSynthesizer([osservice<com.apple.accessibility.axassetsd>:4920])>{vt hash: 0}{definition:com.apple.ax.KonaTTSSupport.KonaSynthesizer[extension][client]}
2026-07-02 00:07:42.560517+0200 0x12e71    Default     0x9d7e9              4914   0    runningboardd: (RunningBoard) [com.apple.runningboard:assertion] Removed last relative-start-date-defining assertion for process xpcservice<com.apple.texttospeech.SiriAUSP([osservice<com.apple.accessibility.axassetsd>:4920])>{vt hash: 0}{definition:com.apple.texttospeech.SiriAUSP[extension][client]}
2026-07-02 00:07:42.560530+0200 0x12e71    Default     0x9d7e9              4914   0    runningboardd: (RunningBoard) [com.apple.runningboard:assertion] Removed last relative-start-date-defining assertion for process xpcservice<com.apple.speech.MacinTalkFramework.MacinTalkAUSP([osservice<com.apple.accessibility.axassetsd>:4920])>{vt hash: 0}{definition:com.apple.speech.MacinTalkFramework.MacinTalkAUSP[extension][client]}
2026-07-02 00:07:42.560566+0200 0x12e71    Activity    0x9d846              4914   0    runningboardd: (RunningBoard) state update
2026-07-02 00:07:42.560914+0200 0x12e71    Activity    0x9d847              4914   0    runningboardd: (RunningBoard) state notification
2026-07-02 00:07:42.561075+0200 0x12da5    Default     0x9d847              4914   7    runningboardd: (RunningBoard) [com.apple.runningboard:ttl] [xpcservice<com.apple.speech.MacinTalkFramework.MacinTalkAUSP([osservice<com.apple.accessibility.axassetsd>:4920])>{vt hash: 0}{definition:com.apple.speech.MacinTalkFramework.MacinTalkAUSP[extension][client]}:5081] Suspending task.
2026-07-02 00:07:42.561090+0200 0x12e68    Default     0x9d847              4914   0    runningboardd: (RunningBoard) [com.apple.runningboard:monitor] Calculated state for xpcservice<com.apple.speech.MacinTalkFramework.MacinTalkAUSP([osservice<com.apple.accessibility.axassetsd>:4920])>{vt hash: 0}{definition:com.apple.speech.MacinTalkFramework.MacinTalkAUSP[extension][client]}: running-suspended (role: None) (endowments: (null))
2026-07-02 00:07:42.561159+0200 0x12e68    Default     0x9d847              4914   0    runningboardd: (RunningBoard) [com.apple.runningboard:monitor] Calculated state for xpcservice<com.apple.ax.KonaTTSSupport.KonaSynthesizer([osservice<com.apple.accessibility.axassetsd>:4920])>{vt hash: 0}{definition:com.apple.ax.KonaTTSSupport.KonaSynthesizer[extension][client]}: running-suspended (role: None) (endowments: (null))
2026-07-02 00:07:42.561300+0200 0x12e68    Default     0x9d847              4914   0    runningboardd: (RunningBoard) [com.apple.runningboard:monitor] Calculated state for xpcservice<com.apple.ax.MauiTTSSupport.MauiAUSP([osservice<com.apple.accessibility.axassetsd>:4920])>{vt hash: 0}{definition:com.apple.ax.MauiTTSSupport.MauiAUSP[extension][client]}: running-suspended (role: None) (endowments: (null))
2026-07-02 00:07:42.561302+0200 0x13004    Activity    0x9d7b4              5035   0    SpringBoard: (RunningBoardServices) observedProcessStatesDidChange
2026-07-02 00:07:42.561389+0200 0x13004    Default     0x9d7b4              5035   0    SpringBoard: (RunningBoardServices) [com.apple.runningboard:monitor] Received state update for 5081 (xpcservice<com.apple.speech.MacinTalkFramework.MacinTalkAUSP([osservice<com.apple.accessibility.axassetsd>:4920])>{vt hash: 0}{definition:com.apple.speech.MacinTalkFramework.MacinTalkAUSP[extension][client]}, running-suspended-NotVisible
2026-07-02 00:07:42.561421+0200 0x12e68    Default     0x9d847              4914   0    runningboardd: (RunningBoard) [com.apple.runningboard:monitor] Calculated state for xpcservice<com.apple.texttospeech.SiriAUSP([osservice<com.apple.accessibility.axassetsd>:4920])>{vt hash: 0}{definition:com.apple.texttospeech.SiriAUSP[extension][client]}: running-suspended (role: None) (endowments: (null))
2026-07-02 00:07:42.561525+0200 0x13004    Activity    0x9d7b5              5035   0    SpringBoard: (RunningBoardServices) observedProcessStatesDidChange
2026-07-02 00:07:42.561555+0200 0x12da4    Activity    0x9d848              4914   0    runningboardd: (RunningBoard) statesForPredicate
2026-07-02 00:07:42.561574+0200 0x13004    Default     0x9d7b5              5035   0    SpringBoard: (RunningBoardServices) [com.apple.runningboard:monitor] Received state update for 5087 (xpcservice<com.apple.ax.MauiTTSSupport.MauiAUSP([osservice<com.apple.accessibility.axassetsd>:4920])>{vt hash: 0}{definition:com.apple.ax.MauiTTSSupport.MauiAUSP[extension][client]}, running-suspended-NotVisible
2026-07-02 00:07:42.561588+0200 0x13004    Default     0x9d7b5              5035   0    SpringBoard: (RunningBoardServices) [com.apple.runningboard:monitor] Received state update for 5084 (xpcservice<com.apple.ax.KonaTTSSupport.KonaSynthesizer([osservice<com.apple.accessibility.axassetsd>:4920])>{vt hash: 0}{definition:com.apple.ax.KonaTTSSupport.KonaSynthesizer[extension][client]}, running-suspended-NotVisible
2026-07-02 00:07:42.561706+0200 0x13004    Activity    0x9d7b6              5035   0    SpringBoard: (RunningBoardServices) observedProcessStatesDidChange
2026-07-02 00:07:42.561735+0200 0x13004    Default     0x9d7b6              5035   0    SpringBoard: (RunningBoardServices) [com.apple.runningboard:monitor] Received state update for 5079 (xpcservice<com.apple.texttospeech.SiriAUSP([osservice<com.apple.accessibility.axassetsd>:4920])>{vt hash: 0}{definition:com.apple.texttospeech.SiriAUSP[extension][client]}, running-suspended-NotVisible
2026-07-02 00:07:42.561917+0200 0x12da4    Activity    0x9d849              4914   0    runningboardd: (RunningBoard) statesForPredicate
2026-07-02 00:07:42.562158+0200 0x12e71    Activity    0x9d84a              4914   0    runningboardd: (RunningBoard) statesForPredicate
2026-07-02 00:07:42.562363+0200 0x12e71    Activity    0x9d84b              4914   0    runningboardd: (RunningBoard) statesForPredicate
2026-07-02 00:07:42.564730+0200 0x12da5    Error       0x9d847              4914   0    runningboardd: (RunningBoard) [com.apple.runningboard:process] [xpcservice<com.apple.speech.MacinTalkFramework.MacinTalkAUSP([osservice<com.apple.accessibility.axassetsd>:4920])>{vt hash: 0}{definition:com.apple.speech.MacinTalkFramework.MacinTalkAUSP[extension][client]}:5081] pid_suspend() failed with error 1: Operation not permitted
2026-07-02 00:07:42.564752+0200 0x12da5    Default     0x9d847              4914   0    runningboardd: (RunningBoard) [com.apple.runningboard:process] [xpcservice<com.apple.speech.MacinTalkFramework.MacinTalkAUSP([osservice<com.apple.accessibility.axassetsd>:4920])>{vt hash: 0}{definition:com.apple.speech.MacinTalkFramework.MacinTalkAUSP[extension][client]}:5081] Result 45 setting darwin role to None: Operation not supported, falling back to setting priority
2026-07-02 00:07:42.564767+0200 0x12da5    Default     0x9d847              4914   7    runningboardd: (RunningBoard) [com.apple.runningboard:ttl] [xpcservice<com.apple.speech.MacinTalkFramework.MacinTalkAUSP([osservice<com.apple.accessibility.axassetsd>:4920])>{vt hash: 0}{definition:com.apple.speech.MacinTalkFramework.MacinTalkAUSP[extension][client]}:5081] Set darwin priority to: PRIO_DARWIN_BG
2026-07-02 00:07:42.564778+0200 0x12da5    Error       0x9d847              4914   0    runningboardd: (RunningBoard) [com.apple.runningboard:process] 5081 Error setting Darwin GPU to "Denys" (2): Operation not permitted
2026-07-02 00:07:42.564803+0200 0x12da5    Default     0x9d847              4914   7    runningboardd: (RunningBoard) [com.apple.runningboard:ttl] [xpcservice<com.apple.ax.MauiTTSSupport.MauiAUSP([osservice<com.apple.accessibility.axassetsd>:4920])>{vt hash: 0}{definition:com.apple.ax.MauiTTSSupport.MauiAUSP[extension][client]}:5087] Suspending task.
2026-07-02 00:07:42.567486+0200 0x12da5    Error       0x9d847              4914   0    runningboardd: (RunningBoard) [com.apple.runningboard:process] [xpcservice<com.apple.ax.MauiTTSSupport.MauiAUSP([osservice<com.apple.accessibility.axassetsd>:4920])>{vt hash: 0}{definition:com.apple.ax.MauiTTSSupport.MauiAUSP[extension][client]}:5087] pid_suspend() failed with error 1: Operation not permitted
2026-07-02 00:07:42.567510+0200 0x12da5    Default     0x9d847              4914   0    runningboardd: (RunningBoard) [com.apple.runningboard:process] [xpcservice<com.apple.ax.MauiTTSSupport.MauiAUSP([osservice<com.apple.accessibility.axassetsd>:4920])>{vt hash: 0}{definition:com.apple.ax.MauiTTSSupport.MauiAUSP[extension][client]}:5087] Result 45 setting darwin role to None: Operation not supported, falling back to setting priority
2026-07-02 00:07:42.567526+0200 0x12da5    Default     0x9d847              4914   7    runningboardd: (RunningBoard) [com.apple.runningboard:ttl] [xpcservice<com.apple.ax.MauiTTSSupport.MauiAUSP([osservice<com.apple.accessibility.axassetsd>:4920])>{vt hash: 0}{definition:com.apple.ax.MauiTTSSupport.MauiAUSP[extension][client]}:5087] Set darwin priority to: PRIO_DARWIN_BG
2026-07-02 00:07:42.567536+0200 0x12da5    Error       0x9d847              4914   0    runningboardd: (RunningBoard) [com.apple.runningboard:process] 5087 Error setting Darwin GPU to "Denys" (2): Operation not permitted
2026-07-02 00:07:42.567559+0200 0x12da5    Default     0x9d847              4914   7    runningboardd: (RunningBoard) [com.apple.runningboard:ttl] [xpcservice<com.apple.ax.KonaTTSSupport.KonaSynthesizer([osservice<com.apple.accessibility.axassetsd>:4920])>{vt hash: 0}{definition:com.apple.ax.KonaTTSSupport.KonaSynthesizer[extension][client]}:5084] Suspending task.
2026-07-02 00:07:42.570129+0200 0x12da5    Error       0x9d847              4914   0    runningboardd: (RunningBoard) [com.apple.runningboard:process] [xpcservice<com.apple.ax.KonaTTSSupport.KonaSynthesizer([osservice<com.apple.accessibility.axassetsd>:4920])>{vt hash: 0}{definition:com.apple.ax.KonaTTSSupport.KonaSynthesizer[extension][client]}:5084] pid_suspend() failed with error 1: Operation not permitted
2026-07-02 00:07:42.570153+0200 0x12da5    Default     0x9d847              4914   0    runningboardd: (RunningBoard) [com.apple.runningboard:process] [xpcservice<com.apple.ax.KonaTTSSupport.KonaSynthesizer([osservice<com.apple.accessibility.axassetsd>:4920])>{vt hash: 0}{definition:com.apple.ax.KonaTTSSupport.KonaSynthesizer[extension][client]}:5084] Result 45 setting darwin role to None: Operation not supported, falling back to setting priority
2026-07-02 00:07:42.570169+0200 0x12da5    Default     0x9d847              4914   7    runningboardd: (RunningBoard) [com.apple.runningboard:ttl] [xpcservice<com.apple.ax.KonaTTSSupport.KonaSynthesizer([osservice<com.apple.accessibility.axassetsd>:4920])>{vt hash: 0}{definition:com.apple.ax.KonaTTSSupport.KonaSynthesizer[extension][client]}:5084] Set darwin priority to: PRIO_DARWIN_BG
2026-07-02 00:07:42.570180+0200 0x12da5    Error       0x9d847              4914   0    runningboardd: (RunningBoard) [com.apple.runningboard:process] 5084 Error setting Darwin GPU to "Denys" (2): Operation not permitted
2026-07-02 00:07:42.570201+0200 0x12da5    Default     0x9d847              4914   7    runningboardd: (RunningBoard) [com.apple.runningboard:ttl] [xpcservice<com.apple.texttospeech.SiriAUSP([osservice<com.apple.accessibility.axassetsd>:4920])>{vt hash: 0}{definition:com.apple.texttospeech.SiriAUSP[extension][client]}:5079] Suspending task.
2026-07-02 00:07:42.572508+0200 0x12da5    Error       0x9d847              4914   0    runningboardd: (RunningBoard) [com.apple.runningboard:process] [xpcservice<com.apple.texttospeech.SiriAUSP([osservice<com.apple.accessibility.axassetsd>:4920])>{vt hash: 0}{definition:com.apple.texttospeech.SiriAUSP[extension][client]}:5079] pid_suspend() failed with error 1: Operation not permitted
2026-07-02 00:07:42.572526+0200 0x12da5    Default     0x9d847              4914   0    runningboardd: (RunningBoard) [com.apple.runningboard:process] [xpcservice<com.apple.texttospeech.SiriAUSP([osservice<com.apple.accessibility.axassetsd>:4920])>{vt hash: 0}{definition:com.apple.texttospeech.SiriAUSP[extension][client]}:5079] Result 45 setting darwin role to None: Operation not supported, falling back to setting priority
2026-07-02 00:07:42.572541+0200 0x12da5    Default     0x9d847              4914   7    runningboardd: (RunningBoard) [com.apple.runningboard:ttl] [xpcservice<com.apple.texttospeech.SiriAUSP([osservice<com.apple.accessibility.axassetsd>:4920])>{vt hash: 0}{definition:com.apple.texttospeech.SiriAUSP[extension][client]}:5079] Set darwin priority to: PRIO_DARWIN_BG
2026-07-02 00:07:42.572550+0200 0x12da5    Error       0x9d847              4914   0    runningboardd: (RunningBoard) [com.apple.runningboard:process] 5079 Error setting Darwin GPU to "Denys" (2): Operation not permitted
2026-07-02 00:07:42.752659+0200 0x12e67    Activity    0x9d84c              4914   0    runningboardd: (RunningBoard) incoming connection
2026-07-02 00:07:42.752679+0200 0x12e67    Default     0x9d84c              4914   0    runningboardd: (RunningBoard) [com.apple.runningboard:connection] Incoming connection from 5149, user 501/501
2026-07-02 00:07:42.752816+0200 0x12e67    Default     0x9d84c              4914   0    runningboardd: (RunningBoard) [com.apple.runningboard:process] _resolveProcessWithIdentifier pid 5149 euid 501 auid 501
2026-07-02 00:07:42.752825+0200 0x12e67    Default     0x9d84c              4914   0    runningboardd: (RunningBoard) [com.apple.runningboard:process] _resolveProcessWithIdentifier pid 5149 host is auid 501
2026-07-02 00:07:42.753060+0200 0x12e67    Default     0x9d84c              4914   0    runningboardd: (RunningBoardServices) [com.apple.runningboard:process] Resolved XPC Service com.apple.extensionkitservice (extensionkitservice) with host pid 5145, variant 1, scope 1, uuid (null), pid 5149, and auid 0
2026-07-02 00:07:42.753096+0200 0x12e67    Default     0x9d84c              4914   0    runningboardd: (RunningBoard) [com.apple.runningboard:process] Resolved pid 5149 to [xpcservice<com.apple.extensionkitservice([osservice<com.apple.FileProvider>:5145])>{vt hash: 0}{definition:com.apple.extensionkitservice[standard][client]}:5149:5149]
2026-07-02 00:07:42.753138+0200 0x12e67    Default     0x9d84c              4914   7    runningboardd: (RunningBoard) [com.apple.runningboard:ttl] existingInstance is: (null)
2026-07-02 00:07:42.753489+0200 0x12e67    Error       0x9d84c              4914   0    runningboardd: (RunningBoard) [com.apple.runningboard:jetsam] memorystatus_control error: MEMORYSTATUS_CMD_CONVERT_MEMLIMIT_MB(-1) returned -1 1 (Operation not permitted)
2026-07-02 00:07:42.753504+0200 0x12e67    Error       0x9d84c              4914   0    runningboardd: (RunningBoard) [com.apple.runningboard:jetsam] memorystatus_control error: MEMORYSTATUS_CMD_CONVERT_MEMLIMIT_MB(0) returned -1 1 (Operation not permitted)
2026-07-02 00:07:42.753538+0200 0x12e67    Default     0x9d84c              4914   0    runningboardd: (RunningBoardServices) [com.apple.runningboard:general] Full encoding handle [xpcservice<com.apple.extensionkitservice([osservice<com.apple.FileProvider>:5145])>{vt hash: 0}{definition:com.apple.extensionkitservice[standard][client]}:5149:5149], with data 58cd09ee0000141d, and pid 5149
2026-07-02 00:07:42.753690+0200 0x12e67    Default     0x9d84c              4914   0    runningboardd: (RunningBoard) [com.apple.runningboard:process] [xpcservice<com.apple.extensionkitservice([osservice<com.apple.FileProvider>:5145])>{vt hash: 0}{definition:com.apple.extensionkitservice[standard][client]}:5149:5149] is not RunningBoard jetsam managed.
2026-07-02 00:07:42.753706+0200 0x12e67    Default     0x9d84c              4914   0    runningboardd: (RunningBoard) [com.apple.runningboard:process] [xpcservice<com.apple.extensionkitservice([osservice<com.apple.FileProvider>:5145])>{vt hash: 0}{definition:com.apple.extensionkitservice[standard][client]}:5149:5149] This process will not be managed.
2026-07-02 00:07:42.753716+0200 0x12e67    Default     0x9d84c              4914   7    runningboardd: (RunningBoard) [com.apple.runningboard:ttl] Now tracking process: [xpcservice<com.apple.extensionkitservice([osservice<com.apple.FileProvider>:5145])>{vt hash: 0}{definition:com.apple.extensionkitservice[standard][client]}:5149:5149]
2026-07-02 00:07:42.753725+0200 0x12e67    Default     0x9d84c              4914   7    runningboardd: (RunningBoard) [com.apple.runningboard:ttl] Existing process in RBProcessIndex is: (null)
2026-07-02 00:07:42.753732+0200 0x12e67    Default     0x9d84c              4914   7    runningboardd: (RunningBoard) [com.apple.runningboard:ttl] existingProcess in RBProcessManager is: (null)
2026-07-02 00:07:42.753738+0200 0x12e67    Default     0x9d84c              4914   0    runningboardd: (RunningBoard) [com.apple.runningboard:general] Process HWM C 110(110) P 134(134) A 37(174) M 18(18)
2026-07-02 00:07:42.753751+0200 0x12e67    Default     0x9d84c              4914   7    runningboardd: (RunningBoard) [com.apple.runningboard:ttl] Existing process in RBProcessIndex is: (null)
2026-07-02 00:07:42.753794+0200 0x12da4    Default     0x9d84c              4914   7    runningboardd: (RunningBoard) [com.apple.runningboard:ttl] Existing process in RBProcessIndex is: (null)
2026-07-02 00:07:42.753796+0200 0x12e67    Default     0x9d84c              4914   7    runningboardd: (RunningBoard) [com.apple.runningboard:ttl] Existing process in RBProcessIndex is: (null)
2026-07-02 00:07:42.753877+0200 0x12e67    Default     0x9d84c              4914   0    runningboardd: (AppServerSupport) [com.apple.libxpc.OSLaunchdJob:all] <OSLaunchdJob | handle=93A160AC-41B8-4EA6-BB0C-FC3E2AD093B4>: copyJobWithPid:5149 created a job
2026-07-02 00:07:42.754053+0200 0x12e71    Default     0x9d84c              4914   0    runningboardd: (AppServerSupport) [com.apple.libxpc.OSLaunchdJob:all] <OSLaunchdJob | handle=93A160AC-41B8-4EA6-BB0C-FC3E2AD093B4>: monitor initial info is running, pid=5149
2026-07-02 00:07:42.754054+0200 0x13004    Activity    0x9d7b7              5035   0    SpringBoard: (RunningBoardServices) observedProcessStatesDidChange
2026-07-02 00:07:42.754088+0200 0x12e71    Default     0x9d84c              4914   0    runningboardd: (RunningBoard) [com.apple.runningboard:general] [xpcservice<com.apple.extensionkitservice([osservice<com.apple.FileProvider>:5145])>{vt hash: 0}{definition:com.apple.extensionkitservice[standard][client]}:5149:5149] reported to RB as running
2026-07-02 00:07:42.754115+0200 0x12e71    Default     0x9d84c              4914   0    runningboardd: (AppServerSupport) [com.apple.libxpc.OSLaunchdJob:all] <OSLaunchdJob | handle=93A160AC-41B8-4EA6-BB0C-FC3E2AD093B4>: starting monitoring
2026-07-02 00:07:42.754153+0200 0x12da4    Activity    0x9d84d              4914   0    runningboardd: (RunningBoard) lookupHandleForKey
2026-07-02 00:07:42.754237+0200 0x12e67    Default     0x9d84c              4914   0    runningboardd: (RunningBoard) [com.apple.runningboard:general] Client HWM C 111(111) P 134(134) A 37(174) M 18(18)
2026-07-02 00:07:42.754248+0200 0x12e67    Default     0x9d84c              4914   0    runningboardd: (libxpc.dylib) [com.apple.xpc:connection] [0x105939c80] activating connection: mach=false listener=false peer=true name=com.apple.runningboard.peer[5149].0x105939c80
2026-07-02 00:07:42.754294+0200 0x13004    Default     0x9d7b7              5035   0    SpringBoard: (RunningBoardServices) [com.apple.runningboard:process] Hit the server for a process handle 18cd09ee0000141d that resolved to: [xpcservice<com.apple.extensionkitservice([osservice<com.apple.FileProvider>:5145])>{vt hash: 0}{definition:com.apple.extensionkitservice[standard][client]}:5149:5149]
2026-07-02 00:07:42.754298+0200 0x12da4    Activity    0x9d84e              4914   0    runningboardd: (RunningBoard) handshakeWithRequest
2026-07-02 00:07:42.754311+0200 0x12da4    Default     0x9d84e              4914   0    runningboardd: (RunningBoard) [com.apple.runningboard:connection] Setting client for [xpcservice<com.apple.extensionkitservice([osservice<com.apple.FileProvider>:5145])>{vt hash: 0}{definition:com.apple.extensionkitservice[standard][client]}:5149:5149] as ready
2026-07-02 00:07:42.754328+0200 0x12da4    Default     0x9d84e              4914   0    runningboardd: (RunningBoard) [com.apple.runningboard:connection] Received handshake request from 5149 with 0 assertion descriptors
2026-07-02 00:07:42.754330+0200 0x13004    Default     0x9d7b7              5035   0    SpringBoard: (RunningBoardServices) [com.apple.runningboard:monitor] Received state update for 5149 (xpcservice<com.apple.extensionkitservice([osservice<com.apple.FileProvider>:5145])>{vt hash: 0}{definition:com.apple.extensionkitservice[standard][client]}:5149, running-NotVisible
2026-07-02 00:07:42.754347+0200 0x12da4    Default     0x9d84e              4914   0    runningboardd: (RunningBoard) [com.apple.runningboard:connection] Handshake successful with 5149; sending response
2026-07-02 00:07:42.754436+0200 0x12da4    Activity    0x9d84f              4914   0    runningboardd: (RunningBoard) statesForPredicate
2026-07-02 00:07:42.765055+0200 0x12e71    Default     0x0                  4914   0    runningboardd: (RunningBoard) [com.apple.runningboard:message] PERF: Received lookupHandleForPredicate request from [xpcservice<com.apple.extensionkitservice([osservice<com.apple.FileProvider>:5145])>{vt hash: 0}{definition:com.apple.extensionkitservice[standard][client]}:5149:5149] (euid 501, auid 501) (persona (null))
2026-07-02 00:07:42.765064+0200 0x12e71    Activity    0x9d890              4914   0    runningboardd: (RunningBoard) lookupHandleForPredicate
2026-07-02 00:07:42.774117+0200 0x12e71    Activity    0x9d891              4914   0    runningboardd: (RunningBoard) executeLaunchRequest
2026-07-02 00:07:42.774283+0200 0x12da4    Default     0x9d891              4914   7    runningboardd: (RunningBoard) [com.apple.runningboard:ttl] Executing launch request for xpcservice<com.apple.mobileslideshow.PhotosFileProvider([osservice<com.apple.FileProvider>:5145])>{vt hash: 72978104}[uuid:4525AC4F-7632-499D-83B9-E16EB1E753AA]{definition:com.apple.mobileslideshow.PhotosFileProvider[extension][client]} (Launching extension com.apple.mobileslideshow.PhotosFileProvider(0F6C754F-353B-46BA-98B4-96F200FA93F2 for host 5145) from requestor: [xpcservice<com.apple.extensionkitservice([osservice<com.apple.FileProvider>:5145])>{vt hash: 0}{definition:com.apple.extensionkitservice[standard][client]}:5149:5149]
2026-07-02 00:07:42.774306+0200 0x12da4    Default     0x9d891              4914   0    runningboardd: (RunningBoard) [com.apple.runningboard:process] Checking PreventLaunch: global:0 exPath:(null) predicates:(null) allow:(null)
2026-07-02 00:07:42.774332+0200 0x12da4    Default     0x9d891              4914   0    runningboardd: (RunningBoard) [com.apple.runningboard:job] Creating and launching job for: xpcservice<com.apple.mobileslideshow.PhotosFileProvider([osservice<com.apple.FileProvider>:5145])>{vt hash: 72978104}[uuid:4525AC4F-7632-499D-83B9-E16EB1E753AA]{definition:com.apple.mobileslideshow.PhotosFileProvider[extension][client]}
2026-07-02 00:07:42.774420+0200 0x12e71    Default     0x9d891              4914   0    runningboardd: (RunningBoard) [com.apple.runningboard:job_oversize] '4525AC4F-7632-499D-83B9-E16EB1E753AA' Submitting extension overlay (host PID 5145, path /Library/Developer/CoreSimulator/Volumes/iOS_23F77/Library/Developer/CoreSimulator/Profiles/Runtimes/iOS 26.5.simruntime/Contents/Resources/RuntimeRoot/System/Library/ExtensionKit/Extensions/PhotosFileProvider.appex/PhotosFileProvider):
<dictionary: 0x105945140> { count = 2, transaction: 0, voucher = 0x0, contents =
	"XPCService" => <dictionary: 0x105944f60> { count = 14, transaction: 0, voucher = 0x0, contents =
		"_ManagedBy" => <string: 0x1058effc0> { string cache = 0x0, length = 22, contents = "com.apple.runningboard" }
		"RunLoopType" => <string: 0x1058ef690> { string cache = 0x0, length = 9, contents = "NSRunLoop" }
		"Platform" => <int64: 0x9ee0c886ab443377>: 7
		"JoinExistingSession" => <bool: 0x1e6e64560>: false
		"_SandboxProfile" => <string: 0x1058eea30> { string cache = 0x0, length = 6, contents = "plugin" }
		"_AdditionalSubServices" => <dictionary: 0x105945380> { count = 1, transaction: 0, voucher = 0x0, contents =
			"xpc-session" => <bool: 0x1e6e64540>: true
		}
		"_AdditionalProperties" => <dictionary: 0x1059451a0> { count = 1, transaction: 0, voucher = 0x0, contents =
			"RunningBoard" => <dictionary: 0x105945c80> { count = 3, transaction: 0, voucher = 0x0, contents =
				"RunningBoardLaunchedIdentity" => <dictionary: 0x105945d40> { count = 6, transaction: 0, voucher = 0x0, contents =
					"TYPE" => <int64: 0x9ee0c886ab44336f>: 4
					"v" => <data: 0x101c52280>: { length = 103 bytes, contents = 0x7b226164646974696f6e616c456e7669726f6e6d656e7456... }
					"h" => <int64: 0x9ee0c886ab449387>: 5145
					"i" => <string: 0x1058ed530> { string cache = 0x0, length = 44, contents = "com.apple.mobileslideshow.PhotosFileProvider" }
					"r" => <int64: 0x9ee0c886ab44335f>: 2
					"H" => <dictionary: 0x105945c20> { count = 4, transaction: 0, voucher = 0x0, contents =
						"l" => <string: 0x1058ef960> { string cache = 0x0, length = 22, contents = "com.apple.FileProvider" }
						"t" => <int64: 0x9ee0c886ab44335f>: 2
						"TYPE" => <int64: 0x9ee0c886ab44337f>: 6
						"p" => <int64: 0x9ee0c886ab44334f>: 0
					}
				}
				"RunningBoardLaunched" => <bool: 0x1e6e64540>: true
				"LaunchRequestEndpointIdentifiers" => <dictionary: 0x105945ce0> { count = 2, transaction: 0, voucher = 0x0, contents =
					"com.apple.mobileslideshow.PhotosFileProvider" => <bool: 0x1e6e64540>: true
					"com.apple.mobileslideshow.PhotosFileProvider.xpc-session" => <bool: 0x1e6e64540>: true
				}
			}
		}
		"EnvironmentVariables" => <dictionary: 0x105945200> { count = 2, transaction: 0, voucher = 0x0, contents =
			"EXTENSION_KIT_EXTENSION_TYPE" => <string: 0x1058ed6b0> { string cache = 0x0, length = 1, contents = "1" }
			"BSServiceDomains" => <string: 0x1058ef3f0> { string cache = 0x0, length = 46, contents = "{"XPCService":{"Services":{"MainService":{}}}}" }
		}
		"_OmitSandboxParameters" => <bool: 0x1e6e64560>: false
		"_AbandonCoalition" => <bool: 0x1e6e64540>: true
		"_MultipleInstances" => <bool: 0x1e6e64540>: true
		"ServiceType" => <string: 0x1058ee850> { string cache = 0x0, length = 11, contents = "Application" }
		"ProgramArguments" => <array: 0x1058ed740> { count = 3, capacity = 8, contents =
			0: <string: 0x1058ecae0> { string cache = 0x0, length = 234, contents = "/Library/Developer/CoreSimulator/Volumes/iOS_23F77/Library/Developer/CoreSimulator/Profiles/Runtimes/iOS 26.5.simruntime/Contents/Resources/RuntimeRoot/System/Library/ExtensionKit/Extensions/PhotosFileProvider.appex/PhotosFileProvider" }
			1: <string: 0x1058ef3c0> { string cache = 0x0, length = 16, contents = "-LaunchArguments" }
			2: <string: 0x1058edb30> { string cache = 0x0, length = 128, contents = "eyJ0eXBlIjoxLCJlbmhhbmNlZFNlY3VyaXR5IjpmYWxzZSwic2VydmljZU5hbWUiOiJjb20uYXBwbGUubW9iaWxlc2xpZGVzaG93LlBob3Rvc0ZpbGVQcm92aWRlciJ9" }
		}
		"_ManagedBy_Services" => <array: 0x1058eda10> { count = 2, capacity = 8, contents =
			0: <string: 0x1058ef120> { string cache = 0x0, length = 44, contents = "com.apple.mobileslideshow.PhotosFileProvider" }
			1: <string: 0x1058efde0> { string cache = 0x0, length = 56, contents = "com.apple.mobileslideshow.PhotosFileProvider.xpc-session" }
		}
	}
	"CFBundlePackageType" => <string: 0x1058ef510> { string cache = 0x0, length = 4, contents = "XPC!" }
}
2026-07-02 00:07:42.774700+0200 0x12da4    Default     0x9d891              4914   0    runningboardd: (AppServerSupport) [com.apple.libxpc.OSLaunchdJob:all] <OSLaunchdJob | handle=86D0BBF0-9C7A-4DBC-AD5D-4C93883ABF25>: submitExtension created a job
2026-07-02 00:07:42.774828+0200 0x12da4    Default     0x9d891              4914   0    runningboardd: (AppServerSupport) [com.apple.libxpc.OSLaunchdJob:all] <OSLaunchdJob | handle=86D0BBF0-9C7A-4DBC-AD5D-4C93883ABF25>: createInstance created a job <OSLaunchdJob | handle=72108683-6EAA-4688-85A0-204F7339B287>
2026-07-02 00:07:42.873161+0200 0x12da4    Default     0x9d891              4914   0    runningboardd: (AppServerSupport) [com.apple.libxpc.OSLaunchdJob:all] <OSLaunchdJob | handle=72108683-6EAA-4688-85A0-204F7339B287>: start succeeded, info=running, pid=5150
2026-07-02 00:07:42.873507+0200 0x12da4    Default     0x9d891              4914   7    runningboardd: (RunningBoard) [com.apple.runningboard:ttl] existingInstance is: (null)
2026-07-02 00:07:42.873756+0200 0x12da4    Error       0x9d891              4914   0    runningboardd: (RunningBoard) [com.apple.runningboard:jetsam] memorystatus_control error: MEMORYSTATUS_CMD_CONVERT_MEMLIMIT_MB(-1) returned -1 1 (Operation not permitted)
2026-07-02 00:07:42.873767+0200 0x12da4    Error       0x9d891              4914   0    runningboardd: (RunningBoard) [com.apple.runningboard:jetsam] memorystatus_control error: MEMORYSTATUS_CMD_CONVERT_MEMLIMIT_MB(0) returned -1 1 (Operation not permitted)
2026-07-02 00:07:42.873774+0200 0x12da4    Error       0x9d891              4914   0    runningboardd: (RunningBoard) [com.apple.runningboard:jetsam] memorystatus_control error: MEMORYSTATUS_CMD_CONVERT_MEMLIMIT_MB(-1) returned -1 1 (Operation not permitted)
2026-07-02 00:07:42.873779+0200 0x12da4    Error       0x9d891              4914   0    runningboardd: (RunningBoard) [com.apple.runningboard:jetsam] memorystatus_control error: MEMORYSTATUS_CMD_CONVERT_MEMLIMIT_MB(0) returned -1 1 (Operation not permitted)
2026-07-02 00:07:42.873802+0200 0x12da4    Default     0x9d891              4914   0    runningboardd: (RunningBoardServices) [com.apple.runningboard:general] Full encoding handle [xpcservice<com.apple.mobileslideshow.PhotosFileProvider([osservice<com.apple.FileProvider>:5145])>{vt hash: 72978104}[uuid:4525AC4F-7632-499D-83B9-E16EB1E753AA]{definition:com.apple.mobileslideshow.PhotosFileProvider[extension][client]}:5150], with data f339ec7f0000141e, and pid 5150
2026-07-02 00:07:42.873914+0200 0x12da4    Default     0x9d891              4914   0    runningboardd: (RunningBoard) [com.apple.runningboard:process] [xpcservice<com.apple.mobileslideshow.PhotosFileProvider([osservice<com.apple.FileProvider>:5145])>{vt hash: 72978104}[uuid:4525AC4F-7632-499D-83B9-E16EB1E753AA]{definition:com.apple.mobileslideshow.PhotosFileProvider[extension][client]}:5150] Memory Limits: active 0 inactive 0
 <RBJetsamProperties| tasklimit=0
(null)>
2026-07-02 00:07:42.873925+0200 0x12da4    Default     0x9d891              4914   0    runningboardd: (RunningBoard) [com.apple.runningboard:process] [xpcservice<com.apple.mobileslideshow.PhotosFileProvider([osservice<com.apple.FileProvider>:5145])>{vt hash: 72978104}[uuid:4525AC4F-7632-499D-83B9-E16EB1E753AA]{definition:com.apple.mobileslideshow.PhotosFileProvider[extension][client]}:5150] This process will be managed.
2026-07-02 00:07:42.873932+0200 0x12da4    Error       0x9d891              4914   0    runningboardd: (RunningBoard) [com.apple.runningboard:process] [xpcservice<com.apple.mobileslideshow.PhotosFileProvider([osservice<com.apple.FileProvider>:5145])>{vt hash: 72978104}[uuid:4525AC4F-7632-499D-83B9-E16EB1E753AA]{definition:com.apple.mobileslideshow.PhotosFileProvider[extension][client]}:5150] Memorystatus failed with unexpected error: Operation not permitted (1)
2026-07-02 00:07:42.873938+0200 0x12da4    Default     0x9d891              4914   0    runningboardd: (RunningBoard) [com.apple.runningboard:process] [xpcservice<com.apple.mobileslideshow.PhotosFileProvider([osservice<com.apple.FileProvider>:5145])>{vt hash: 72978104}[uuid:4525AC4F-7632-499D-83B9-E16EB1E753AA]{definition:com.apple.mobileslideshow.PhotosFileProvider[extension][client]}:5150] is not freezer eligible, disabling freezing.
2026-07-02 00:07:42.873944+0200 0x12da4    Error       0x9d891              4914   0    runningboardd: (RunningBoard) [com.apple.runningboard:process] [xpcservice<com.apple.mobileslideshow.PhotosFileProvider([osservice<com.apple.FileProvider>:5145])>{vt hash: 72978104}[uuid:4525AC4F-7632-499D-83B9-E16EB1E753AA]{definition:com.apple.mobileslideshow.PhotosFileProvider[extension][client]}:5150] Memorystatus failed with unexpected error: Invalid argument (22)
2026-07-02 00:07:42.873950+0200 0x12da4    Default     0x9d891              4914   7    runningboardd: (RunningBoard) [com.apple.runningboard:ttl] Now tracking process: [xpcservice<com.apple.mobileslideshow.PhotosFileProvider([osservice<com.apple.FileProvider>:5145])>{vt hash: 72978104}[uuid:4525AC4F-7632-499D-83B9-E16EB1E753AA]{definition:com.apple.mobileslideshow.PhotosFileProvider[extension][client]}:5150]
2026-07-02 00:07:42.873956+0200 0x12da4    Default     0x9d891              4914   7    runningboardd: (RunningBoard) [com.apple.runningboard:ttl] Existing process in RBProcessIndex is: (null)
2026-07-02 00:07:42.873962+0200 0x12da4    Default     0x9d891              4914   7    runningboardd: (RunningBoard) [com.apple.runningboard:ttl] existingProcess in RBProcessManager is: (null)
2026-07-02 00:07:42.873968+0200 0x12da4    Default     0x9d891              4914   0    runningboardd: (RunningBoard) [com.apple.runningboard:general] Process HWM C 111(111) P 135(135) A 37(174) M 18(18)
2026-07-02 00:07:42.874004+0200 0x12da4    Default     0x9d891              4914   7    runningboardd: (RunningBoard) [com.apple.runningboard:ttl] Existing process in RBProcessIndex is: (null)
2026-07-02 00:07:42.874087+0200 0x12da5    Default     0x9d891              4914   7    runningboardd: (RunningBoard) [com.apple.runningboard:ttl] Existing process in RBProcessIndex is: (null)
2026-07-02 00:07:42.874113+0200 0x12da5    Default     0x9d891              4914   0    runningboardd: (RunningBoard) [com.apple.runningboard:monitor] Calculated state for xpcservice<com.apple.mobileslideshow.PhotosFileProvider([osservice<com.apple.FileProvider>:5145])>{vt hash: 72978104}[uuid:4525AC4F-7632-499D-83B9-E16EB1E753AA]{definition:com.apple.mobileslideshow.PhotosFileProvider[extension][client]}: running-suspended (role: None) (endowments: (null))
2026-07-02 00:07:42.874113+0200 0x12da4    Default     0x9d891              4914   7    runningboardd: (RunningBoard) [com.apple.runningboard:ttl] Existing process in RBProcessIndex is: (null)
2026-07-02 00:07:42.874265+0200 0x130e5    Activity    0x9d7b8              5035   0    SpringBoard: (RunningBoardServices) observedProcessStatesDidChange
2026-07-02 00:07:42.874270+0200 0x12e67    Default     0x9d891              4914   0    runningboardd: (AppServerSupport) [com.apple.libxpc.OSLaunchdJob:all] <OSLaunchdJob | handle=72108683-6EAA-4688-85A0-204F7339B287>: monitor initial info is running, pid=5150
2026-07-02 00:07:42.874302+0200 0x12e67    Default     0x9d891              4914   0    runningboardd: (RunningBoard) [com.apple.runningboard:general] [xpcservice<com.apple.mobileslideshow.PhotosFileProvider([osservice<com.apple.FileProvider>:5145])>{vt hash: 72978104}[uuid:4525AC4F-7632-499D-83B9-E16EB1E753AA]{definition:com.apple.mobileslideshow.PhotosFileProvider[extension][client]}:5150] reported to RB as running
2026-07-02 00:07:42.874313+0200 0x12e67    Default     0x9d891              4914   0    runningboardd: (AppServerSupport) [com.apple.libxpc.OSLaunchdJob:all] <OSLaunchdJob | handle=72108683-6EAA-4688-85A0-204F7339B287>: starting monitoring
2026-07-02 00:07:42.874400+0200 0x12da4    Activity    0x9d892              4914   0    runningboardd: (RunningBoard) lookupHandleForKey
2026-07-02 00:07:42.874606+0200 0x130e5    Default     0x9d7b8              5035   0    SpringBoard: (RunningBoardServices) [com.apple.runningboard:process] Hit the server for a process handle 1339ec7f0000141e that resolved to: [xpcservice<com.apple.mobileslideshow.PhotosFileProvider([osservice<com.apple.FileProvider>:5145])>{vt hash: 72978104}[uuid:4525AC4F-7632-499D-83B9-E16EB1E753AA]{definition:com.apple.mobileslideshow.PhotosFileProvider[extension][client]}:5150]
2026-07-02 00:07:42.874635+0200 0x130e5    Default     0x9d7b8              5035   0    SpringBoard: (RunningBoardServices) [com.apple.runningboard:monitor] Received state update for 5150 (xpcservice<com.apple.mobileslideshow.PhotosFileProvider([osservice<com.apple.FileProvider>:5145])>{vt hash: 72978104}[uuid:4525AC4F-7632-499D-83B9-E16EB1E753AA]{definition:com.apple.mobileslideshow.PhotosFileProvider[extension][client]}, running-suspended-NotVisible
2026-07-02 00:07:42.874651+0200 0x12da4    Activity    0x9d893              4914   0    runningboardd: (RunningBoard) lookupHandleForKey
2026-07-02 00:07:42.874778+0200 0x12da4    Activity    0x9d894              4914   0    runningboardd: (RunningBoard) statesForPredicate
2026-07-02 00:07:42.874883+0200 0x12da4    Activity    0x9d895              4914   0    runningboardd: (RunningBoard) lookupHandleForKey
2026-07-02 00:07:42.875500+0200 0x12e71    Activity    0x9d896              4914   0    runningboardd: (RunningBoard) hostProcessForInstance
2026-07-02 00:07:42.875924+0200 0x12e71    Activity    0x9d897              4914   0    runningboardd: (RunningBoard) acquireAssertionWithDescriptor
2026-07-02 00:07:42.875978+0200 0x12e71    Default     0x9d897              4914   7    runningboardd: (RunningBoard) [com.apple.runningboard:ttl] Acquiring assertion targeting [xpcservice<com.apple.mobileslideshow.PhotosFileProvider([osservice<com.apple.FileProvider>:5145])>{vt hash: 72978104}[uuid:4525AC4F-7632-499D-83B9-E16EB1E753AA]{definition:com.apple.mobileslideshow.PhotosFileProvider[extension][client]}:5150] from originator [xpcservice<com.apple.extensionkitservice([osservice<com.apple.FileProvider>:5145])>{vt hash: 0}{definition:com.apple.extensionkitservice[standard][client]}:5149:5149] with description <RBSAssertionDescriptor| "Taking assertion for pid 5150" ID:4914-5149-664 target:5150 attributes:[
	<RBSDomainAttribute| domain:"com.apple.extensionkit" name:"HandleMessage" sourceEnvironment:"(null)">
	]>
2026-07-02 00:07:42.876016+0200 0x12e71    Default     0x9d897              4914   7    runningboardd: (RunningBoard) [com.apple.runningboard:ttl] Assertion 4914-5149-664 (target:[xpcservice<com.apple.mobileslideshow.PhotosFileProvider([osservice<com.apple.FileProvider>:5145])>{vt hash: 72978104}[uuid:4525AC4F-7632-499D-83B9-E16EB1E753AA]{definition:com.apple.mobileslideshow.PhotosFileProvider[extension][client]}:5150]) will be created as active
2026-07-02 00:07:42.876116+0200 0x12da4    Activity    0x9d898              4914   0    runningboardd: (RunningBoard) state update
2026-07-02 00:07:42.876208+0200 0x12e67    Default     0x9d897              4914   0    runningboardd: (RunningBoard) [com.apple.runningboard:monitor] Calculated state for xpcservice<com.apple.mobileslideshow.PhotosFileProvider([osservice<com.apple.FileProvider>:5145])>{vt hash: 72978104}[uuid:4525AC4F-7632-499D-83B9-E16EB1E753AA]{definition:com.apple.mobileslideshow.PhotosFileProvider[extension][client]}: running-active (role: UserInteractiveNonFocal) (endowments: (null))
2026-07-02 00:07:42.876211+0200 0x12da5    Default     0x9d897              4914   7    runningboardd: (RunningBoard) [com.apple.runningboard:ttl] [xpcservice<com.apple.mobileslideshow.PhotosFileProvider([osservice<com.apple.FileProvider>:5145])>{vt hash: 72978104}[uuid:4525AC4F-7632-499D-83B9-E16EB1E753AA]{definition:com.apple.mobileslideshow.PhotosFileProvider[extension][client]}:5150] Resuming task.
2026-07-02 00:07:42.876290+0200 0x13004    Activity    0x9d7b9              5035   0    SpringBoard: (RunningBoardServices) observedProcessStatesDidChange
2026-07-02 00:07:42.876326+0200 0x13004    Default     0x9d7b9              5035   0    SpringBoard: (RunningBoardServices) [com.apple.runningboard:monitor] Received state update for 5150 (xpcservice<com.apple.mobileslideshow.PhotosFileProvider([osservice<com.apple.FileProvider>:5145])>{vt hash: 72978104}[uuid:4525AC4F-7632-499D-83B9-E16EB1E753AA]{definition:com.apple.mobileslideshow.PhotosFileProvider[extension][client]}, running-active-NotVisible
2026-07-02 00:07:42.876433+0200 0x12da4    Activity    0x9d899              4914   0    runningboardd: (RunningBoard) statesForPredicate
2026-07-02 00:07:42.878927+0200 0x12da5    Default     0x9d897              4914   0    runningboardd: (RunningBoard) [com.apple.runningboard:process] [xpcservice<com.apple.mobileslideshow.PhotosFileProvider([osservice<com.apple.FileProvider>:5145])>{vt hash: 72978104}[uuid:4525AC4F-7632-499D-83B9-E16EB1E753AA]{definition:com.apple.mobileslideshow.PhotosFileProvider[extension][client]}:5150] Result 45 setting darwin role to UserInteractiveNonFocal: Operation not supported, falling back to setting priority
2026-07-02 00:07:42.878944+0200 0x12da5    Default     0x9d897              4914   7    runningboardd: (RunningBoard) [com.apple.runningboard:ttl] [xpcservice<com.apple.mobileslideshow.PhotosFileProvider([osservice<com.apple.FileProvider>:5145])>{vt hash: 72978104}[uuid:4525AC4F-7632-499D-83B9-E16EB1E753AA]{definition:com.apple.mobileslideshow.PhotosFileProvider[extension][client]}:5150] Set darwin priority to: PRIO_DEFAULT
2026-07-02 00:07:42.878956+0200 0x12da5    Error       0x9d897              4914   0    runningboardd: (RunningBoard) [com.apple.runningboard:process] 5150 Error setting Darwin GPU to "Denys" (2): Operation not permitted
2026-07-02 00:07:42.878972+0200 0x12da5    Error       0x9d897              4914   0    runningboardd: (RunningBoard) [com.apple.runningboard:process] [xpcservice<com.apple.mobileslideshow.PhotosFileProvider([osservice<com.apple.FileProvider>:5145])>{vt hash: 72978104}[uuid:4525AC4F-7632-499D-83B9-E16EB1E753AA]{definition:com.apple.mobileslideshow.PhotosFileProvider[extension][client]}:5150] Error 1 setting Carplay mode to 0: Operation not permitted
2026-07-02 00:07:42.881328+0200 0x12da5    Activity    0x9d89a              4914   0    runningboardd: (RunningBoard) invalidateAssertionWithIdentifier
2026-07-02 00:07:42.881345+0200 0x12da5    Default     0x9d89a              4914   7    runningboardd: (RunningBoard) [com.apple.runningboard:ttl] Invalidating assertion 4914-5149-664 (target:[xpcservice<com.apple.mobileslideshow.PhotosFileProvider([osservice<com.apple.FileProvider>:5145])>{vt hash: 72978104}[uuid:4525AC4F-7632-499D-83B9-E16EB1E753AA]{definition:com.apple.mobileslideshow.PhotosFileProvider[extension][client]}:5150]) from originator [xpcservice<com.apple.extensionkitservice([osservice<com.apple.FileProvider>:5145])>{vt hash: 0}{definition:com.apple.extensionkitservice[standard][client]}:5149:5149]
2026-07-02 00:07:42.881460+0200 0x12e71    Activity    0x9d89b              4914   0    runningboardd: (RunningBoard) incoming connection
2026-07-02 00:07:42.881477+0200 0x12e71    Default     0x9d89b              4914   0    runningboardd: (RunningBoard) [com.apple.runningboard:connection] Incoming connection from 5145, user 501/501
2026-07-02 00:07:42.881531+0200 0x12e71    Default     0x9d89b              4914   0    runningboardd: (libxpc.dylib) [com.apple.xpc:connection] [0x105939f80] activating connection: mach=false listener=false peer=true name=com.apple.runningboard.peer[5145].0x105939f80
2026-07-02 00:07:42.881594+0200 0x12da5    Activity    0x9d89c              4914   0    runningboardd: (RunningBoard) lookupHandleForKey
2026-07-02 00:07:42.882215+0200 0x12da5    Activity    0x9d89d              4914   0    runningboardd: (RunningBoard) hostProcessForInstance
2026-07-02 00:07:42.882482+0200 0x12da5    Activity    0x9d89e              4914   0    runningboardd: (RunningBoard) subscribeToProcessDeath
2026-07-02 00:07:42.882703+0200 0x12da5    Activity    0x9d89f              4914   0    runningboardd: (RunningBoard) acquireAssertionWithDescriptor
2026-07-02 00:07:42.882769+0200 0x12da5    Default     0x9d89f              4914   7    runningboardd: (RunningBoard) [com.apple.runningboard:ttl] Acquiring assertion targeting [xpcservice<com.apple.mobileslideshow.PhotosFileProvider([osservice<com.apple.FileProvider>:5145])>{vt hash: 72978104}[uuid:4525AC4F-7632-499D-83B9-E16EB1E753AA]{definition:com.apple.mobileslideshow.PhotosFileProvider[extension][client]}:5150] from originator [osservice<com.apple.FileProvider>:5145] with description <RBSAssertionDescriptor| "Taking assertion for pid 5150" ID:4914-5145-665 target:5150 attributes:[
	<RBSDomainAttribute| domain:"com.apple.extensionkit" name:"HandleMessage" sourceEnvironment:"(null)">
	]>
2026-07-02 00:07:42.882816+0200 0x12da5    Default     0x9d89f              4914   7    runningboardd: (RunningBoard) [com.apple.runningboard:ttl] Assertion 4914-5145-665 (target:[xpcservice<com.apple.mobileslideshow.PhotosFileProvider([osservice<com.apple.FileProvider>:5145])>{vt hash: 72978104}[uuid:4525AC4F-7632-499D-83B9-E16EB1E753AA]{definition:com.apple.mobileslideshow.PhotosFileProvider[extension][client]}:5150]) will be created as active
2026-07-02 00:07:42.882904+0200 0x12da4    Activity    0x9d8b0              4914   0    runningboardd: (RunningBoard) state update
2026-07-02 00:07:42.883307+0200 0x12da4    Activity    0x9d8b1              4914   0    runningboardd: (RunningBoard) acquireAssertionWithDescriptor
2026-07-02 00:07:42.883353+0200 0x12da4    Default     0x9d8b1              4914   7    runningboardd: (RunningBoard) [com.apple.runningboard:ttl] Acquiring assertion targeting [xpcservice<com.apple.mobileslideshow.PhotosFileProvider([osservice<com.apple.FileProvider>:5145])>{vt hash: 72978104}[uuid:4525AC4F-7632-499D-83B9-E16EB1E753AA]{definition:com.apple.mobileslideshow.PhotosFileProvider[extension][client]}:5150] from originator [osservice<com.apple.FileProvider>:5145] with description <RBSAssertionDescriptor| "background assertion from fileproviderd" ID:4914-5145-666 target:5150 attributes:[
	<RBSDomainAttribute| domain:"com.apple.FileProvider" name:"FileProviderBackground" sourceEnvironment:"(null)">
	]>
2026-07-02 00:07:42.883414+0200 0x12da4    Default     0x9d8b1              4914   7    runningboardd: (RunningBoard) [com.apple.runningboard:ttl] Assertion 4914-5145-666 (target:[xpcservice<com.apple.mobileslideshow.PhotosFileProvider([osservice<com.apple.FileProvider>:5145])>{vt hash: 72978104}[uuid:4525AC4F-7632-499D-83B9-E16EB1E753AA]{definition:com.apple.mobileslideshow.PhotosFileProvider[extension][client]}:5150]) will be created as active
2026-07-02 00:07:42.883497+0200 0x12e71    Activity    0x9d8b2              4914   0    runningboardd: (RunningBoard) state update
2026-07-02 00:07:42.883624+0200 0x12da4    Default     0x9d8b1              4914   0    runningboardd: (RunningBoard) [com.apple.runningboard:monitor] Calculated state for xpcservice<com.apple.mobileslideshow.PhotosFileProvider([osservice<com.apple.FileProvider>:5145])>{vt hash: 72978104}[uuid:4525AC4F-7632-499D-83B9-E16EB1E753AA]{definition:com.apple.mobileslideshow.PhotosFileProvider[extension][client]}: running-active (role: UserInteractiveNonFocal) (endowments: (null))
2026-07-02 00:07:42.884158+0200 0x12da4    Activity    0x9d8b3              4914   0    runningboardd: (RunningBoard) invalidateAssertionWithIdentifier
2026-07-02 00:07:42.884175+0200 0x12da4    Default     0x9d8b3              4914   7    runningboardd: (RunningBoard) [com.apple.runningboard:ttl] Invalidating assertion 4914-5145-666 (target:[xpcservice<com.apple.mobileslideshow.PhotosFileProvider([osservice<com.apple.FileProvider>:5145])>{vt hash: 72978104}[uuid:4525AC4F-7632-499D-83B9-E16EB1E753AA]{definition:com.apple.mobileslideshow.PhotosFileProvider[extension][client]}:5150]) from originator [osservice<com.apple.FileProvider>:5145]
2026-07-02 00:07:42.884604+0200 0x12da4    Activity    0x9d8b4              4914   0    runningboardd: (RunningBoard) acquireAssertionWithDescriptor
2026-07-02 00:07:42.884671+0200 0x12da4    Default     0x9d8b4              4914   7    runningboardd: (RunningBoard) [com.apple.runningboard:ttl] Acquiring assertion targeting [xpcservice<com.apple.mobileslideshow.PhotosFileProvider([osservice<com.apple.FileProvider>:5145])>{vt hash: 72978104}[uuid:4525AC4F-7632-499D-83B9-E16EB1E753AA]{definition:com.apple.mobileslideshow.PhotosFileProvider[extension][client]}:5150] from originator [osservice<com.apple.FileProvider>:5145] with description <RBSAssertionDescriptor| "background assertion from fileproviderd" ID:4914-5145-667 target:5150 attributes:[
	<RBSDomainAttribute| domain:"com.apple.FileProvider" name:"FileProviderBackground" sourceEnvironment:"(null)">
	]>
2026-07-02 00:07:42.884724+0200 0x12da4    Default     0x9d8b4              4914   7    runningboardd: (RunningBoard) [com.apple.runningboard:ttl] Assertion 4914-5145-667 (target:[xpcservice<com.apple.mobileslideshow.PhotosFileProvider([osservice<com.apple.FileProvider>:5145])>{vt hash: 72978104}[uuid:4525AC4F-7632-499D-83B9-E16EB1E753AA]{definition:com.apple.mobileslideshow.PhotosFileProvider[extension][client]}:5150]) will be created as active
2026-07-02 00:07:42.884797+0200 0x12e71    Activity    0x9d8b5              4914   0    runningboardd: (RunningBoard) state update
2026-07-02 00:07:42.890354+0200 0x12da4    Activity    0x9d8b6              4914   0    runningboardd: (RunningBoard) executeLaunchRequest
2026-07-02 00:07:42.890506+0200 0x12da5    Default     0x9d8b6              4914   7    runningboardd: (RunningBoard) [com.apple.runningboard:ttl] Executing launch request for xpcservice<com.apple.mobileslideshow.PhotosFileProvider([osservice<com.apple.FileProvider>:5145])>{vt hash: 72978104}[uuid:45A03CAB-690E-4CDE-A2BE-965B013CC6D7]{definition:com.apple.mobileslideshow.PhotosFileProvider[extension][client]} (Launching extension com.apple.mobileslideshow.PhotosFileProvider(0F6C754F-353B-46BA-98B4-96F200FA93F2 for host 5145) from requestor: [xpcservice<com.apple.extensionkitservice([osservice<com.apple.FileProvider>:5145])>{vt hash: 0}{definition:com.apple.extensionkitservice[standard][client]}:5149:5149]
2026-07-02 00:07:42.890524+0200 0x12da5    Default     0x9d8b6              4914   0    runningboardd: (RunningBoard) [com.apple.runningboard:process] Checking PreventLaunch: global:0 exPath:(null) predicates:(null) allow:(null)
2026-07-02 00:07:42.890547+0200 0x12da5    Default     0x9d8b6              4914   0    runningboardd: (RunningBoard) [com.apple.runningboard:job] Creating and launching job for: xpcservice<com.apple.mobileslideshow.PhotosFileProvider([osservice<com.apple.FileProvider>:5145])>{vt hash: 72978104}[uuid:45A03CAB-690E-4CDE-A2BE-965B013CC6D7]{definition:com.apple.mobileslideshow.PhotosFileProvider[extension][client]}
2026-07-02 00:07:42.890625+0200 0x12da4    Default     0x9d8b6              4914   0    runningboardd: (RunningBoard) [com.apple.runningboard:job_oversize] '45A03CAB-690E-4CDE-A2BE-965B013CC6D7' Submitting extension overlay (host PID 5145, path /Library/Developer/CoreSimulator/Volumes/iOS_23F77/Library/Developer/CoreSimulator/Profiles/Runtimes/iOS 26.5.simruntime/Contents/Resources/RuntimeRoot/System/Library/ExtensionKit/Extensions/PhotosFileProvider.appex/PhotosFileProvider):
<dictionary: 0x105946220> { count = 2, transaction: 0, voucher = 0x0, contents =
	"XPCService" => <dictionary: 0x105945f20> { count = 14, transaction: 0, voucher = 0x0, contents =
		"_ManagedBy" => <string: 0x101fe6b20> { string cache = 0x0, length = 22, contents = "com.apple.runningboard" }
		"RunLoopType" => <string: 0x101fe6d90> { string cache = 0x0, length = 9, contents = "NSRunLoop" }
		"Platform" => <int64: 0x9ee0c886ab443377>: 7
		"JoinExistingSession" => <bool: 0x1e6e64560>: false
		"_SandboxProfile" => <string: 0x101fe7270> { string cache = 0x0, length = 6, contents = "plugin" }
		"_AdditionalSubServices" => <dictionary: 0x105946280> { count = 1, transaction: 0, voucher = 0x0, contents =
			"xpc-session" => <bool: 0x1e6e64540>: true
		}
		"_AdditionalProperties" => <dictionary: 0x1059463a0> { count = 1, transaction: 0, voucher = 0x0, contents =
			"RunningBoard" => <dictionary: 0x105946400> { count = 3, transaction: 0, voucher = 0x0, contents =
				"RunningBoardLaunchedIdentity" => <dictionary: 0x1059464c0> { count = 6, transaction: 0, voucher = 0x0, contents =
					"TYPE" => <int64: 0x9ee0c886ab44336f>: 4
					"v" => <data: 0x101c52b80>: { length = 103 bytes, contents = 0x7b226164646974696f6e616c456e7669726f6e6d656e7456... }
					"h" => <int64: 0x9ee0c886ab449387>: 5145
					"i" => <string: 0x101fe6e50> { string cache = 0x0, length = 44, contents = "com.apple.mobileslideshow.PhotosFileProvider" }
					"r" => <int64: 0x9ee0c886ab44335f>: 2
					"H" => <dictionary: 0x105946340> { count = 4, transaction: 0, voucher = 0x0, contents =
						"l" => <string: 0x101fe6dc0> { string cache = 0x0, length = 22, contents = "com.apple.FileProvider" }
						"t" => <int64: 0x9ee0c886ab44335f>: 2
						"TYPE" => <int64: 0x9ee0c886ab44337f>: 6
						"p" => <int64: 0x9ee0c886ab44334f>: 0
					}
				}
				"RunningBoardLaunched" => <bool: 0x1e6e64540>: true
				"LaunchRequestEndpointIdentifiers" => <dictionary: 0x105946460> { count = 2, transaction: 0, voucher = 0x0, contents =
					"com.apple.mobileslideshow.PhotosFileProvider" => <bool: 0x1e6e64540>: true
					"com.apple.mobileslideshow.PhotosFileProvider.xpc-session" => <bool: 0x1e6e64540>: true
				}
			}
		}
		"EnvironmentVariables" => <dictionary: 0x105946040> { count = 2, transaction: 0, voucher = 0x0, contents =
			"EXTENSION_KIT_EXTENSION_TYPE" => <string: 0x101fe6b80> { string cache = 0x0, length = 1, contents = "1" }
			"BSServiceDomains" => <string: 0x101fe6f40> { string cache = 0x0, length = 46, contents = "{"XPCService":{"Services":{"MainService":{}}}}" }
		}
		"_OmitSandboxParameters" => <bool: 0x1e6e64560>: false
		"_AbandonCoalition" => <bool: 0x1e6e64540>: true
		"_MultipleInstances" => <bool: 0x1e6e64540>: true
		"ServiceType" => <string: 0x101fe6310> { string cache = 0x0, length = 11, contents = "Application" }
		"ProgramArguments" => <array: 0x101fe5f80> { count = 3, capacity = 8, contents =
			0: <string: 0x101fe7f90> { string cache = 0x0, length = 234, contents = "/Library/Developer/CoreSimulator/Volumes/iOS_23F77/Library/Developer/CoreSimulator/Profiles/Runtimes/iOS 26.5.simruntime/Contents/Resources/RuntimeRoot/System/Library/ExtensionKit/Extensions/PhotosFileProvider.appex/PhotosFileProvider" }
			1: <string: 0x101fe7de0> { string cache = 0x0, length = 16, contents = "-LaunchArguments" }
			2: <string: 0x101fe41b0> { string cache = 0x0, length = 128, contents = "eyJzZXJ2aWNlTmFtZSI6ImNvbS5hcHBsZS5tb2JpbGVzbGlkZXNob3cuUGhvdG9zRmlsZVByb3ZpZGVyIiwidHlwZSI6MSwiZW5oYW5jZWRTZWN1cml0eSI6ZmFsc2V9" }
		}
		"_ManagedBy_Services" => <array: 0x101fe5fb0> { count = 2, capacity = 8, contents =
			0: <string: 0x101fe7660> { string cache = 0x0, length = 44, contents = "com.apple.mobileslideshow.PhotosFileProvider" }
			1: <string: 0x101fe6160> { string cache = 0x0, length = 56, contents = "com.apple.mobileslideshow.PhotosFileProvider.xpc-session" }
		}
	}
	"CFBundlePackageType" => <string: 0x101fe6c70> { string cache = 0x0, length = 4, contents = "XPC!" }
}
2026-07-02 00:07:42.890900+0200 0x12da5    Default     0x9d8b6              4914   0    runningboardd: (AppServerSupport) [com.apple.libxpc.OSLaunchdJob:all] <OSLaunchdJob | handle=86D0BBF0-9C7A-4DBC-AD5D-4C93883ABF25>: submitExtension created a job
2026-07-02 00:07:42.891006+0200 0x12da5    Default     0x9d8b6              4914   0    runningboardd: (AppServerSupport) [com.apple.libxpc.OSLaunchdJob:all] <OSLaunchdJob | handle=86D0BBF0-9C7A-4DBC-AD5D-4C93883ABF25>: createInstance created a job <OSLaunchdJob | handle=3D200092-8430-458D-A422-E7BAEBC97848>
2026-07-02 00:07:42.919099+0200 0x127e2    Default     0x9d64b              5035   0    SpringBoard: (UIKitCore) [com.apple.UIKit:UIFocus] Failed to update focus with context <UIFocusUpdateContext: 0x11f0eef80; previouslyFocusedItem: (nil); nextFocusedItem: (nil); focusHeading: None>. No additional info available.
2026-07-02 00:07:42.922158+0200 0x12da4    Activity    0x9d8b7              4914   0    runningboardd: (RunningBoard) invalidateAssertionWithIdentifier
2026-07-02 00:07:42.922183+0200 0x12da4    Default     0x9d8b7              4914   7    runningboardd: (RunningBoard) [com.apple.runningboard:ttl] Invalidating assertion 4914-5136-653 (target:[osservice<com.apple.coreidvd>:5136]) from originator [osservice<com.apple.coreidvd>:5136]
2026-07-02 00:07:42.922254+0200 0x12da4    Activity    0x9d8b8              4914   0    runningboardd: (RunningBoard) invalidateAssertionWithIdentifier
2026-07-02 00:07:42.922295+0200 0x12da4    Default     0x9d8b8              4914   7    runningboardd: (RunningBoard) [com.apple.runningboard:ttl] Invalidating assertion 4914-5138-652 (target:[osservice<com.apple.storekitd>:5138]) from originator [osservice<com.apple.storekitd>:5138]
2026-07-02 00:07:42.958212+0200 0x12da4    Activity    0x9d8b9              4914   0    runningboardd: (RunningBoard) invalidateAssertionWithIdentifier
2026-07-02 00:07:42.958247+0200 0x12da4    Default     0x9d8b9              4914   7    runningboardd: (RunningBoard) [com.apple.runningboard:ttl] Invalidating assertion 4914-4957-654 (target:[osservice<com.apple.nsurlsessiond>:4957]) from originator [osservice<com.apple.nsurlsessiond>:4957]
2026-07-02 00:07:42.977374+0200 0x13025    Activity    0x9d7ba              5035   0    SpringBoard: (RunningBoardServices) observedProcessStatesDidChange
2026-07-02 00:07:42.977424+0200 0x13025    Default     0x9d7ba              5035   0    SpringBoard: (RunningBoardServices) [com.apple.runningboard:monitor] Received state update for 5150 (xpcservice<com.apple.mobileslideshow.PhotosFileProvider([osservice<com.apple.FileProvider>:5145])>{vt hash: 72978104}[uuid:4525AC4F-7632-499D-83B9-E16EB1E753AA]{definition:com.apple.mobileslideshow.PhotosFileProvider[extension][client]}, running-active-NotVisible
2026-07-02 00:07:42.987655+0200 0x12da5    Default     0x9d8b6              4914   0    runningboardd: (AppServerSupport) [com.apple.libxpc.OSLaunchdJob:all] <OSLaunchdJob | handle=3D200092-8430-458D-A422-E7BAEBC97848>: start succeeded, info=running, pid=5151
2026-07-02 00:07:42.988058+0200 0x12e67    Activity    0x9d8ba              4914   0    runningboardd: (RunningBoard) state update
2026-07-02 00:07:42.988061+0200 0x12da5    Default     0x9d8b6              4914   7    runningboardd: (RunningBoard) [com.apple.runningboard:ttl] existingInstance is: (null)
2026-07-02 00:07:42.988262+0200 0x12e67    Activity    0x9d8bb              4914   0    runningboardd: (RunningBoard) state notification
2026-07-02 00:07:42.988477+0200 0x12da5    Error       0x9d8b6              4914   0    runningboardd: (RunningBoard) [com.apple.runningboard:jetsam] memorystatus_control error: MEMORYSTATUS_CMD_CONVERT_MEMLIMIT_MB(-1) returned -1 1 (Operation not permitted)
2026-07-02 00:07:42.988484+0200 0x12da4    Default     0x9d8bb              4914   0    runningboardd: (RunningBoard) [com.apple.runningboard:process] [osservice<com.apple.nsurlsessiond>:4957] Ignoring jetsam update because this process is not memory-managed
2026-07-02 00:07:42.988491+0200 0x12da5    Error       0x9d8b6              4914   0    runningboardd: (RunningBoard) [com.apple.runningboard:jetsam] memorystatus_control error: MEMORYSTATUS_CMD_CONVERT_MEMLIMIT_MB(0) returned -1 1 (Operation not permitted)
2026-07-02 00:07:42.988497+0200 0x12e70    Default     0x9d8bb              4914   7    runningboardd: (RunningBoard) [com.apple.runningboard:ttl] Released power assertion with ID 65535
2026-07-02 00:07:42.988503+0200 0x12da4    Default     0x9d8bb              4914   0    runningboardd: (RunningBoard) [com.apple.runningboard:process] [osservice<com.apple.nsurlsessiond>:4957] Ignoring suspend because this process is not lifecycle managed
2026-07-02 00:07:42.988593+0200 0x12da5    Error       0x9d8b6              4914   0    runningboardd: (RunningBoard) [com.apple.runningboard:jetsam] memorystatus_control error: MEMORYSTATUS_CMD_CONVERT_MEMLIMIT_MB(-1) returned -1 1 (Operation not permitted)
2026-07-02 00:07:42.988679+0200 0x12e70    Default     0x9d8bb              4914   7    runningboardd: (RunningBoard) [com.apple.runningboard:ttl] Released power assertion with ID 65535
2026-07-02 00:07:42.988752+0200 0x12da5    Error       0x9d8b6              4914   0    runningboardd: (RunningBoard) [com.apple.runningboard:jetsam] memorystatus_control error: MEMORYSTATUS_CMD_CONVERT_MEMLIMIT_MB(0) returned -1 1 (Operation not permitted)
2026-07-02 00:07:42.988784+0200 0x12e70    Default     0x9d8bb              4914   7    runningboardd: (RunningBoard) [com.apple.runningboard:ttl] Released power assertion with ID 65535
2026-07-02 00:07:42.988837+0200 0x12da5    Default     0x9d8b6              4914   0    runningboardd: (RunningBoardServices) [com.apple.runningboard:general] Full encoding handle [xpcservice<com.apple.mobileslideshow.PhotosFileProvider([osservice<com.apple.FileProvider>:5145])>{vt hash: 72978104}[uuid:45A03CAB-690E-4CDE-A2BE-965B013CC6D7]{definition:com.apple.mobileslideshow.PhotosFileProvider[extension][client]}:5151], with data fb3477f80000141f, and pid 5151
2026-07-02 00:07:42.988913+0200 0x12da4    Default     0x9d8bb              4914   0    runningboardd: (RunningBoard) [com.apple.runningboard:process] [osservice<com.apple.nsurlsessiond>:4957] Ignoring role changes because this process is not role managed
2026-07-02 00:07:42.988916+0200 0x130e5    Activity    0x9d7bb              5035   0    SpringBoard: (RunningBoardServices) observedProcessStatesDidChange
2026-07-02 00:07:42.988963+0200 0x12da4    Default     0x9d8bb              4914   0    runningboardd: (RunningBoard) [com.apple.runningboard:process] [osservice<com.apple.nsurlsessiond>:4957] Ignoring GPU update because this process is not GPU managed
2026-07-02 00:07:42.989011+0200 0x130e5    Default     0x9d7bb              5035   0    SpringBoard: (RunningBoardServices) [com.apple.runningboard:monitor] Received state update for 4957 (osservice<com.apple.nsurlsessiond>, running-NotVisible
2026-07-02 00:07:42.989085+0200 0x12da4    Default     0x9d8bb              4914   0    runningboardd: (RunningBoard) [com.apple.runningboard:process] [osservice<com.apple.nsurlsessiond>:4957] Ignoring memory limit update because this process is not memory-managed
2026-07-02 00:07:42.989092+0200 0x12da5    Default     0x9d8b6              4914   0    runningboardd: (RunningBoard) [com.apple.runningboard:process] [xpcservice<com.apple.mobileslideshow.PhotosFileProvider([osservice<com.apple.FileProvider>:5145])>{vt hash: 72978104}[uuid:45A03CAB-690E-4CDE-A2BE-965B013CC6D7]{definition:com.apple.mobileslideshow.PhotosFileProvider[extension][client]}:5151] Memory Limits: active 0 inactive 0
 <RBJetsamProperties| tasklimit=0
(null)>
2026-07-02 00:07:42.989129+0200 0x13025    Activity    0x9d7bc              5035   0    SpringBoard: (RunningBoardServices) observedProcessStatesDidChange
2026-07-02 00:07:42.989176+0200 0x13025    Default     0x9d7bc              5035   0    SpringBoard: (RunningBoardServices) [com.apple.runningboard:monitor] Received state update for 5138 (osservice<com.apple.storekitd>, running-NotVisible
2026-07-02 00:07:42.989188+0200 0x13025    Default     0x9d7bc              5035   0    SpringBoard: (RunningBoardServices) [com.apple.runningboard:monitor] Received state update for 5136 (osservice<com.apple.coreidvd>, running-NotVisible
2026-07-02 00:07:42.989204+0200 0x12da5    Default     0x9d8b6              4914   0    runningboardd: (RunningBoard) [com.apple.runningboard:process] [xpcservice<com.apple.mobileslideshow.PhotosFileProvider([osservice<com.apple.FileProvider>:5145])>{vt hash: 72978104}[uuid:45A03CAB-690E-4CDE-A2BE-965B013CC6D7]{definition:com.apple.mobileslideshow.PhotosFileProvider[extension][client]}:5151] This process will be managed.
2026-07-02 00:07:42.989274+0200 0x12da4    Default     0x9d8bb              4914   0    runningboardd: (RunningBoard) [com.apple.runningboard:process] [osservice<com.apple.coreidvd>:5136] Ignoring jetsam update because this process is not memory-managed
2026-07-02 00:07:42.989351+0200 0x12da5    Error       0x9d8b6              4914   0    runningboardd: (RunningBoard) [com.apple.runningboard:process] [xpcservice<com.apple.mobileslideshow.PhotosFileProvider([osservice<com.apple.FileProvider>:5145])>{vt hash: 72978104}[uuid:45A03CAB-690E-4CDE-A2BE-965B013CC6D7]{definition:com.apple.mobileslideshow.PhotosFileProvider[extension][client]}:5151] Memorystatus failed with unexpected error: Operation not permitted (1)
2026-07-02 00:07:42.989414+0200 0x12da4    Default     0x9d8bb              4914   0    runningboardd: (RunningBoard) [com.apple.runningboard:process] [osservice<com.apple.coreidvd>:5136] Ignoring suspend because this process is not lifecycle managed
2026-07-02 00:07:42.989486+0200 0x12da5    Default     0x9d8b6              4914   0    runningboardd: (RunningBoard) [com.apple.runningboard:process] [xpcservice<com.apple.mobileslideshow.PhotosFileProvider([osservice<com.apple.FileProvider>:5145])>{vt hash: 72978104}[uuid:45A03CAB-690E-4CDE-A2BE-965B013CC6D7]{definition:com.apple.mobileslideshow.PhotosFileProvider[extension][client]}:5151] is not freezer eligible, disabling freezing.
2026-07-02 00:07:42.989586+0200 0x12da4    Default     0x9d8bb              4914   0    runningboardd: (RunningBoard) [com.apple.runningboard:process] [osservice<com.apple.coreidvd>:5136] Ignoring role changes because this process is not role managed
2026-07-02 00:07:42.989651+0200 0x12da5    Error       0x9d8b6              4914   0    runningboardd: (RunningBoard) [com.apple.runningboard:process] [xpcservice<com.apple.mobileslideshow.PhotosFileProvider([osservice<com.apple.FileProvider>:5145])>{vt hash: 72978104}[uuid:45A03CAB-690E-4CDE-A2BE-965B013CC6D7]{definition:com.apple.mobileslideshow.PhotosFileProvider[extension][client]}:5151] Memorystatus failed with unexpected error: Invalid argument (22)
2026-07-02 00:07:42.989677+0200 0x12da4    Default     0x9d8bb              4914   0    runningboardd: (RunningBoard) [com.apple.runningboard:process] [osservice<com.apple.coreidvd>:5136] Ignoring GPU update because this process is not GPU managed
2026-07-02 00:07:42.989701+0200 0x12da5    Default     0x9d8b6              4914   7    runningboardd: (RunningBoard) [com.apple.runningboard:ttl] Now tracking process: [xpcservice<com.apple.mobileslideshow.PhotosFileProvider([osservice<com.apple.FileProvider>:5145])>{vt hash: 72978104}[uuid:45A03CAB-690E-4CDE-A2BE-965B013CC6D7]{definition:com.apple.mobileslideshow.PhotosFileProvider[extension][client]}:5151]
2026-07-02 00:07:42.989774+0200 0x12da5    Default     0x9d8b6              4914   7    runningboardd: (RunningBoard) [com.apple.runningboard:ttl] Existing process in RBProcessIndex is: (null)
2026-07-02 00:07:42.989807+0200 0x12da4    Default     0x9d8bb              4914   0    runningboardd: (RunningBoard) [com.apple.runningboard:process] [osservice<com.apple.coreidvd>:5136] Ignoring memory limit update because this process is not memory-managed
2026-07-02 00:07:42.989825+0200 0x12da5    Default     0x9d8b6              4914   7    runningboardd: (RunningBoard) [com.apple.runningboard:ttl] existingProcess in RBProcessManager is: (null)
2026-07-02 00:07:42.989876+0200 0x12da5    Default     0x9d8b6              4914   0    runningboardd: (RunningBoard) [com.apple.runningboard:general] Process HWM C 111(111) P 136(136) A 36(174) M 18(18)
2026-07-02 00:07:42.989921+0200 0x12da4    Default     0x9d8bb              4914   0    runningboardd: (RunningBoard) [com.apple.runningboard:process] [osservice<com.apple.storekitd>:5138] Ignoring jetsam update because this process is not memory-managed
2026-07-02 00:07:42.989944+0200 0x12da5    Default     0x9d8b6              4914   7    runningboardd: (RunningBoard) [com.apple.runningboard:ttl] Existing process in RBProcessIndex is: (null)
2026-07-02 00:07:42.989965+0200 0x12da4    Default     0x9d8bb              4914   0    runningboardd: (RunningBoard) [com.apple.runningboard:process] [osservice<com.apple.storekitd>:5138] Ignoring suspend because this process is not lifecycle managed
2026-07-02 00:07:42.990032+0200 0x12da4    Default     0x9d8bb              4914   0    runningboardd: (RunningBoard) [com.apple.runningboard:process] [osservice<com.apple.storekitd>:5138] Ignoring role changes because this process is not role managed
2026-07-02 00:07:42.990034+0200 0x12e68    Default     0x9d8b6              4914   7    runningboardd: (RunningBoard) [com.apple.runningboard:ttl] Existing process in RBProcessIndex is: (null)
2026-07-02 00:07:42.990034+0200 0x12da5    Default     0x9d8b6              4914   7    runningboardd: (RunningBoard) [com.apple.runningboard:ttl] Existing process in RBProcessIndex is: (null)
2026-07-02 00:07:42.990100+0200 0x12da4    Default     0x9d8bb              4914   0    runningboardd: (RunningBoard) [com.apple.runningboard:process] [osservice<com.apple.storekitd>:5138] Ignoring GPU update because this process is not GPU managed
2026-07-02 00:07:42.990130+0200 0x12e68    Default     0x9d8b6              4914   0    runningboardd: (RunningBoard) [com.apple.runningboard:monitor] Calculated state for xpcservice<com.apple.mobileslideshow.PhotosFileProvider([osservice<com.apple.FileProvider>:5145])>{vt hash: 72978104}[uuid:45A03CAB-690E-4CDE-A2BE-965B013CC6D7]{definition:com.apple.mobileslideshow.PhotosFileProvider[extension][client]}: running-suspended (role: None) (endowments: (null))
2026-07-02 00:07:42.990220+0200 0x12da4    Default     0x9d8bb              4914   0    runningboardd: (RunningBoard) [com.apple.runningboard:process] [osservice<com.apple.storekitd>:5138] Ignoring memory limit update because this process is not memory-managed
2026-07-02 00:07:42.990314+0200 0x130e5    Activity    0x9d7bd              5035   0    SpringBoard: (RunningBoardServices) observedProcessStatesDidChange
2026-07-02 00:07:42.990377+0200 0x12da5    Activity    0x9d8bc              4914   0    runningboardd: (RunningBoard) lookupHandleForKey
2026-07-02 00:07:42.990436+0200 0x12e67    Default     0x9d8b6              4914   0    runningboardd: (AppServerSupport) [com.apple.libxpc.OSLaunchdJob:all] <OSLaunchdJob | handle=3D200092-8430-458D-A422-E7BAEBC97848>: monitor initial info is running, pid=5151
2026-07-02 00:07:42.990501+0200 0x12e67    Default     0x9d8b6              4914   0    runningboardd: (RunningBoard) [com.apple.runningboard:general] [xpcservice<com.apple.mobileslideshow.PhotosFileProvider([osservice<com.apple.FileProvider>:5145])>{vt hash: 72978104}[uuid:45A03CAB-690E-4CDE-A2BE-965B013CC6D7]{definition:com.apple.mobileslideshow.PhotosFileProvider[extension][client]}:5151] reported to RB as running
2026-07-02 00:07:42.990527+0200 0x130e5    Default     0x9d7bd              5035   0    SpringBoard: (RunningBoardServices) [com.apple.runningboard:process] Hit the server for a process handle 1b3477f80000141f that resolved to: [xpcservice<com.apple.mobileslideshow.PhotosFileProvider([osservice<com.apple.FileProvider>:5145])>{vt hash: 72978104}[uuid:45A03CAB-690E-4CDE-A2BE-965B013CC6D7]{definition:com.apple.mobileslideshow.PhotosFileProvider[extension][client]}:5151]
2026-07-02 00:07:42.990554+0200 0x130e5    Default     0x9d7bd              5035   0    SpringBoard: (RunningBoardServices) [com.apple.runningboard:monitor] Received state update for 5151 (xpcservice<com.apple.mobileslideshow.PhotosFileProvider([osservice<com.apple.FileProvider>:5145])>{vt hash: 72978104}[uuid:45A03CAB-690E-4CDE-A2BE-965B013CC6D7]{definition:com.apple.mobileslideshow.PhotosFileProvider[extension][client]}, running-suspended-NotVisible
2026-07-02 00:07:42.990574+0200 0x12e67    Default     0x9d8b6              4914   0    runningboardd: (AppServerSupport) [com.apple.libxpc.OSLaunchdJob:all] <OSLaunchdJob | handle=3D200092-8430-458D-A422-E7BAEBC97848>: starting monitoring
2026-07-02 00:07:42.990695+0200 0x12e68    Activity    0x9d8bd              4914   0    runningboardd: (RunningBoard) lookupHandleForKey
2026-07-02 00:07:42.990853+0200 0x12e68    Activity    0x9d8be              4914   0    runningboardd: (RunningBoard) statesForPredicate
2026-07-02 00:07:42.991010+0200 0x12e68    Activity    0x9d8bf              4914   0    runningboardd: (RunningBoard) lookupHandleForKey
2026-07-02 00:07:42.991719+0200 0x12e68    Activity    0x9d8f0              4914   0    runningboardd: (RunningBoard) hostProcessForInstance
2026-07-02 00:07:42.992144+0200 0x12e68    Activity    0x9d8f1              4914   0    runningboardd: (RunningBoard) acquireAssertionWithDescriptor
2026-07-02 00:07:42.992206+0200 0x12e68    Default     0x9d8f1              4914   7    runningboardd: (RunningBoard) [com.apple.runningboard:ttl] Acquiring assertion targeting [xpcservice<com.apple.mobileslideshow.PhotosFileProvider([osservice<com.apple.FileProvider>:5145])>{vt hash: 72978104}[uuid:45A03CAB-690E-4CDE-A2BE-965B013CC6D7]{definition:com.apple.mobileslideshow.PhotosFileProvider[extension][client]}:5151] from originator [xpcservice<com.apple.extensionkitservice([osservice<com.apple.FileProvider>:5145])>{vt hash: 0}{definition:com.apple.extensionkitservice[standard][client]}:5149:5149] with description <RBSAssertionDescriptor| "Taking assertion for pid 5151" ID:4914-5149-668 target:5151 attributes:[
	<RBSDomainAttribute| domain:"com.apple.extensionkit" name:"HandleMessage" sourceEnvironment:"(null)">
	]>
2026-07-02 00:07:42.992248+0200 0x12e68    Default     0x9d8f1              4914   7    runningboardd: (RunningBoard) [com.apple.runningboard:ttl] Assertion 4914-5149-668 (target:[xpcservice<com.apple.mobileslideshow.PhotosFileProvider([osservice<com.apple.FileProvider>:5145])>{vt hash: 72978104}[uuid:45A03CAB-690E-4CDE-A2BE-965B013CC6D7]{definition:com.apple.mobileslideshow.PhotosFileProvider[extension][client]}:5151]) will be created as active
2026-07-02 00:07:42.992316+0200 0x12e67    Activity    0x9d8f2              4914   0    runningboardd: (RunningBoard) state update
2026-07-02 00:07:42.992426+0200 0x12e67    Default     0x9d8f1              4914   7    runningboardd: (RunningBoard) [com.apple.runningboard:ttl] [xpcservice<com.apple.mobileslideshow.PhotosFileProvider([osservice<com.apple.FileProvider>:5145])>{vt hash: 72978104}[uuid:45A03CAB-690E-4CDE-A2BE-965B013CC6D7]{definition:com.apple.mobileslideshow.PhotosFileProvider[extension][client]}:5151] Resuming task.
2026-07-02 00:07:42.992437+0200 0x12da4    Default     0x9d8f1              4914   0    runningboardd: (RunningBoard) [com.apple.runningboard:monitor] Calculated state for xpcservice<com.apple.mobileslideshow.PhotosFileProvider([osservice<com.apple.FileProvider>:5145])>{vt hash: 72978104}[uuid:45A03CAB-690E-4CDE-A2BE-965B013CC6D7]{definition:com.apple.mobileslideshow.PhotosFileProvider[extension][client]}: running-active (role: UserInteractiveNonFocal) (endowments: (null))
2026-07-02 00:07:42.992622+0200 0x13025    Activity    0x9d7be              5035   0    SpringBoard: (RunningBoardServices) observedProcessStatesDidChange
2026-07-02 00:07:42.992659+0200 0x13025    Default     0x9d7be              5035   0    SpringBoard: (RunningBoardServices) [com.apple.runningboard:monitor] Received state update for 5151 (xpcservice<com.apple.mobileslideshow.PhotosFileProvider([osservice<com.apple.FileProvider>:5145])>{vt hash: 72978104}[uuid:45A03CAB-690E-4CDE-A2BE-965B013CC6D7]{definition:com.apple.mobileslideshow.PhotosFileProvider[extension][client]}, running-active-NotVisible
2026-07-02 00:07:42.992806+0200 0x12e71    Activity    0x9d8f3              4914   0    runningboardd: (RunningBoard) statesForPredicate
2026-07-02 00:07:42.994407+0200 0x12e68    Activity    0x9d8f4              4914   0    runningboardd: (RunningBoard) invalidateAssertionWithIdentifier
2026-07-02 00:07:42.994426+0200 0x12e68    Default     0x9d8f4              4914   7    runningboardd: (RunningBoard) [com.apple.runningboard:ttl] Invalidating assertion 4914-5149-668 (target:[xpcservice<com.apple.mobileslideshow.PhotosFileProvider([osservice<com.apple.FileProvider>:5145])>{vt hash: 72978104}[uuid:45A03CAB-690E-4CDE-A2BE-965B013CC6D7]{definition:com.apple.mobileslideshow.PhotosFileProvider[extension][client]}:5151]) from originator [xpcservice<com.apple.extensionkitservice([osservice<com.apple.FileProvider>:5145])>{vt hash: 0}{definition:com.apple.extensionkitservice[standard][client]}:5149:5149]
2026-07-02 00:07:42.994513+0200 0x12e68    Activity    0x9d8f5              4914   0    runningboardd: (RunningBoard) lookupHandleForKey
2026-07-02 00:07:42.995158+0200 0x12e68    Activity    0x9d8f6              4914   0    runningboardd: (RunningBoard) hostProcessForInstance
2026-07-02 00:07:42.995431+0200 0x12e68    Activity    0x9d8f7              4914   0    runningboardd: (RunningBoard) subscribeToProcessDeath
2026-07-02 00:07:42.995537+0200 0x12e67    Default     0x9d8f1              4914   0    runningboardd: (RunningBoard) [com.apple.runningboard:process] [xpcservice<com.apple.mobileslideshow.PhotosFileProvider([osservice<com.apple.FileProvider>:5145])>{vt hash: 72978104}[uuid:45A03CAB-690E-4CDE-A2BE-965B013CC6D7]{definition:com.apple.mobileslideshow.PhotosFileProvider[extension][client]}:5151] Result 45 setting darwin role to UserInteractiveNonFocal: Operation not supported, falling back to setting priority
2026-07-02 00:07:42.995556+0200 0x12e67    Default     0x9d8f1              4914   7    runningboardd: (RunningBoard) [com.apple.runningboard:ttl] [xpcservice<com.apple.mobileslideshow.PhotosFileProvider([osservice<com.apple.FileProvider>:5145])>{vt hash: 72978104}[uuid:45A03CAB-690E-4CDE-A2BE-965B013CC6D7]{definition:com.apple.mobileslideshow.PhotosFileProvider[extension][client]}:5151] Set darwin priority to: PRIO_DEFAULT
2026-07-02 00:07:42.995568+0200 0x12e67    Error       0x9d8f1              4914   0    runningboardd: (RunningBoard) [com.apple.runningboard:process] 5151 Error setting Darwin GPU to "Denys" (2): Operation not permitted
2026-07-02 00:07:42.995586+0200 0x12e67    Error       0x9d8f1              4914   0    runningboardd: (RunningBoard) [com.apple.runningboard:process] [xpcservice<com.apple.mobileslideshow.PhotosFileProvider([osservice<com.apple.FileProvider>:5145])>{vt hash: 72978104}[uuid:45A03CAB-690E-4CDE-A2BE-965B013CC6D7]{definition:com.apple.mobileslideshow.PhotosFileProvider[extension][client]}:5151] Error 1 setting Carplay mode to 0: Operation not permitted
2026-07-02 00:07:42.995615+0200 0x12e68    Activity    0x9d8f8              4914   0    runningboardd: (RunningBoard) acquireAssertionWithDescriptor
2026-07-02 00:07:42.995684+0200 0x12e68    Default     0x9d8f8              4914   7    runningboardd: (RunningBoard) [com.apple.runningboard:ttl] Acquiring assertion targeting [xpcservice<com.apple.mobileslideshow.PhotosFileProvider([osservice<com.apple.FileProvider>:5145])>{vt hash: 72978104}[uuid:45A03CAB-690E-4CDE-A2BE-965B013CC6D7]{definition:com.apple.mobileslideshow.PhotosFileProvider[extension][client]}:5151] from originator [osservice<com.apple.FileProvider>:5145] with description <RBSAssertionDescriptor| "Taking assertion for pid 5151" ID:4914-5145-669 target:5151 attributes:[
	<RBSDomainAttribute| domain:"com.apple.extensionkit" name:"HandleMessage" sourceEnvironment:"(null)">
	]>
2026-07-02 00:07:42.995733+0200 0x12e68    Default     0x9d8f8              4914   7    runningboardd: (RunningBoard) [com.apple.runningboard:ttl] Assertion 4914-5145-669 (target:[xpcservice<com.apple.mobileslideshow.PhotosFileProvider([osservice<com.apple.FileProvider>:5145])>{vt hash: 72978104}[uuid:45A03CAB-690E-4CDE-A2BE-965B013CC6D7]{definition:com.apple.mobileslideshow.PhotosFileProvider[extension][client]}:5151]) will be created as active
2026-07-02 00:07:42.995817+0200 0x12e68    Activity    0x9d8f9              4914   0    runningboardd: (RunningBoard) state update
2026-07-02 00:07:42.996176+0200 0x12e68    Activity    0x9d8fa              4914   0    runningboardd: (RunningBoard) acquireAssertionWithDescriptor
2026-07-02 00:07:42.996227+0200 0x12e68    Default     0x9d8fa              4914   7    runningboardd: (RunningBoard) [com.apple.runningboard:ttl] Acquiring assertion targeting [xpcservice<com.apple.mobileslideshow.PhotosFileProvider([osservice<com.apple.FileProvider>:5145])>{vt hash: 72978104}[uuid:45A03CAB-690E-4CDE-A2BE-965B013CC6D7]{definition:com.apple.mobileslideshow.PhotosFileProvider[extension][client]}:5151] from originator [osservice<com.apple.FileProvider>:5145] with description <RBSAssertionDescriptor| "background assertion from fileproviderd" ID:4914-5145-670 target:5151 attributes:[
	<RBSDomainAttribute| domain:"com.apple.FileProvider" name:"FileProviderBackground" sourceEnvironment:"(null)">
	]>
2026-07-02 00:07:42.996270+0200 0x12e68    Default     0x9d8fa              4914   7    runningboardd: (RunningBoard) [com.apple.runningboard:ttl] Assertion 4914-5145-670 (target:[xpcservice<com.apple.mobileslideshow.PhotosFileProvider([osservice<com.apple.FileProvider>:5145])>{vt hash: 72978104}[uuid:45A03CAB-690E-4CDE-A2BE-965B013CC6D7]{definition:com.apple.mobileslideshow.PhotosFileProvider[extension][client]}:5151]) will be created as active
2026-07-02 00:07:42.996351+0200 0x12da4    Activity    0x9d8fb              4914   0    runningboardd: (RunningBoard) state update
2026-07-02 00:07:42.996486+0200 0x12da4    Default     0x9d8fa              4914   0    runningboardd: (RunningBoard) [com.apple.runningboard:monitor] Calculated state for xpcservice<com.apple.mobileslideshow.PhotosFileProvider([osservice<com.apple.FileProvider>:5145])>{vt hash: 72978104}[uuid:45A03CAB-690E-4CDE-A2BE-965B013CC6D7]{definition:com.apple.mobileslideshow.PhotosFileProvider[extension][client]}: running-active (role: UserInteractiveNonFocal) (endowments: (null))
2026-07-02 00:07:42.996842+0200 0x12e71    Activity    0x9d8fc              4914   0    runningboardd: (RunningBoard) invalidateAssertionWithIdentifier
2026-07-02 00:07:42.996860+0200 0x12e71    Default     0x9d8fc              4914   7    runningboardd: (RunningBoard) [com.apple.runningboard:ttl] Invalidating assertion 4914-5145-670 (target:[xpcservice<com.apple.mobileslideshow.PhotosFileProvider([osservice<com.apple.FileProvider>:5145])>{vt hash: 72978104}[uuid:45A03CAB-690E-4CDE-A2BE-965B013CC6D7]{definition:com.apple.mobileslideshow.PhotosFileProvider[extension][client]}:5151]) from originator [osservice<com.apple.FileProvider>:5145]
2026-07-02 00:07:42.997246+0200 0x12e71    Activity    0x9d8fd              4914   0    runningboardd: (RunningBoard) acquireAssertionWithDescriptor
2026-07-02 00:07:42.997312+0200 0x12e71    Default     0x9d8fd              4914   7    runningboardd: (RunningBoard) [com.apple.runningboard:ttl] Acquiring assertion targeting [xpcservice<com.apple.mobileslideshow.PhotosFileProvider([osservice<com.apple.FileProvider>:5145])>{vt hash: 72978104}[uuid:45A03CAB-690E-4CDE-A2BE-965B013CC6D7]{definition:com.apple.mobileslideshow.PhotosFileProvider[extension][client]}:5151] from originator [osservice<com.apple.FileProvider>:5145] with description <RBSAssertionDescriptor| "background assertion from fileproviderd" ID:4914-5145-671 target:5151 attributes:[
	<RBSDomainAttribute| domain:"com.apple.FileProvider" name:"FileProviderBackground" sourceEnvironment:"(null)">
	]>
2026-07-02 00:07:42.997359+0200 0x12e71    Default     0x9d8fd              4914   7    runningboardd: (RunningBoard) [com.apple.runningboard:ttl] Assertion 4914-5145-671 (target:[xpcservice<com.apple.mobileslideshow.PhotosFileProvider([osservice<com.apple.FileProvider>:5145])>{vt hash: 72978104}[uuid:45A03CAB-690E-4CDE-A2BE-965B013CC6D7]{definition:com.apple.mobileslideshow.PhotosFileProvider[extension][client]}:5151]) will be created as active
2026-07-02 00:07:42.997443+0200 0x12da4    Activity    0x9d8fe              4914   0    runningboardd: (RunningBoard) state update
2026-07-02 00:07:43.025653+0200 0x12da5    Activity    0x9d8ff              4914   0    runningboardd: (RunningBoard) invalidateAssertionWithIdentifier
2026-07-02 00:07:43.025674+0200 0x12da5    Default     0x9d8ff              4914   7    runningboardd: (RunningBoard) [com.apple.runningboard:ttl] Invalidating assertion 4914-5132-655 (target:[osservice<com.apple.videosubscriptionsd>:5132]) from originator [osservice<com.apple.videosubscriptionsd>:5132]
2026-07-02 00:07:43.094614+0200 0x13025    Activity    0x9d7bf              5035   0    SpringBoard: (RunningBoardServices) observedProcessStatesDidChange
2026-07-02 00:07:43.094665+0200 0x13025    Default     0x9d7bf              5035   0    SpringBoard: (RunningBoardServices) [com.apple.runningboard:monitor] Received state update for 5151 (xpcservice<com.apple.mobileslideshow.PhotosFileProvider([osservice<com.apple.FileProvider>:5145])>{vt hash: 72978104}[uuid:45A03CAB-690E-4CDE-A2BE-965B013CC6D7]{definition:com.apple.mobileslideshow.PhotosFileProvider[extension][client]}, running-active-NotVisible
2026-07-02 00:07:43.101034+0200 0x12da5    Activity    0x9d910              4914   0    runningboardd: (RunningBoard) state update
2026-07-02 00:07:43.101151+0200 0x12da5    Activity    0x9d911              4914   0    runningboardd: (RunningBoard) state notification
2026-07-02 00:07:43.101234+0200 0x12e71    Default     0x9d911              4914   0    runningboardd: (RunningBoard) [com.apple.runningboard:process] [osservice<com.apple.videosubscriptionsd>:5132] Ignoring jetsam update because this process is not memory-managed
2026-07-02 00:07:43.101246+0200 0x12e67    Default     0x9d911              4914   7    runningboardd: (RunningBoard) [com.apple.runningboard:ttl] Released power assertion with ID 65535
2026-07-02 00:07:43.101252+0200 0x12e71    Default     0x9d911              4914   0    runningboardd: (RunningBoard) [com.apple.runningboard:process] [osservice<com.apple.videosubscriptionsd>:5132] Ignoring suspend because this process is not lifecycle managed
2026-07-02 00:07:43.101305+0200 0x12e71    Default     0x9d911              4914   0    runningboardd: (RunningBoard) [com.apple.runningboard:process] [osservice<com.apple.videosubscriptionsd>:5132] Ignoring role changes because this process is not role managed
2026-07-02 00:07:43.101386+0200 0x12e71    Default     0x9d911              4914   0    runningboardd: (RunningBoard) [com.apple.runningboard:process] [osservice<com.apple.videosubscriptionsd>:5132] Ignoring GPU update because this process is not GPU managed
2026-07-02 00:07:43.101405+0200 0x130e5    Activity    0x9d920              5035   0    SpringBoard: (RunningBoardServices) observedProcessStatesDidChange
2026-07-02 00:07:43.101441+0200 0x130e5    Default     0x9d920              5035   0    SpringBoard: (RunningBoardServices) [com.apple.runningboard:monitor] Received state update for 5132 (osservice<com.apple.videosubscriptionsd>, running-NotVisible
2026-07-02 00:07:43.101518+0200 0x12e71    Default     0x9d911              4914   0    runningboardd: (RunningBoard) [com.apple.runningboard:process] [osservice<com.apple.videosubscriptionsd>:5132] Ignoring memory limit update because this process is not memory-managed
2026-07-02 00:07:43.277670+0200 0x12e71    Activity    0x9d912              4914   0    runningboardd: (RunningBoard) incoming connection
2026-07-02 00:07:43.277689+0200 0x12e71    Default     0x9d912              4914   0    runningboardd: (RunningBoard) [com.apple.runningboard:connection] Incoming connection from 5150, user 501/501
2026-07-02 00:07:43.277880+0200 0x12e71    Default     0x9d912              4914   0    runningboardd: (RunningBoard) [com.apple.runningboard:general] Client HWM C 112(112) P 136(136) A 37(174) M 18(18)
2026-07-02 00:07:43.277894+0200 0x12e71    Default     0x9d912              4914   0    runningboardd: (libxpc.dylib) [com.apple.xpc:connection] [0x10593a100] activating connection: mach=false listener=false peer=true name=com.apple.runningboard.peer[5150].0x10593a100
2026-07-02 00:07:43.277948+0200 0x12e71    Activity    0x9d913              4914   0    runningboardd: (RunningBoard) handshakeWithRequest
2026-07-02 00:07:43.277959+0200 0x12e71    Default     0x9d913              4914   0    runningboardd: (RunningBoard) [com.apple.runningboard:connection] Setting client for [xpcservice<com.apple.mobileslideshow.PhotosFileProvider([osservice<com.apple.FileProvider>:5145])>{vt hash: 72978104}[uuid:4525AC4F-7632-499D-83B9-E16EB1E753AA]{definition:com.apple.mobileslideshow.PhotosFileProvider[extension][client]}:5150] as ready
2026-07-02 00:07:43.277975+0200 0x12e71    Default     0x9d913              4914   0    runningboardd: (RunningBoard) [com.apple.runningboard:connection] Received handshake request from 5150 with 0 assertion descriptors
2026-07-02 00:07:43.277993+0200 0x12e71    Default     0x9d913              4914   0    runningboardd: (RunningBoard) [com.apple.runningboard:connection] Handshake successful with 5150; sending response
2026-07-02 00:07:43.278899+0200 0x12e71    Activity    0x9d914              4914   0    runningboardd: (RunningBoard) hostProcessForInstance
2026-07-02 00:07:43.371637+0200 0x12e71    Activity    0x9d915              4914   0    runningboardd: (RunningBoard) incoming connection
2026-07-02 00:07:43.371654+0200 0x12e71    Default     0x9d915              4914   0    runningboardd: (RunningBoard) [com.apple.runningboard:connection] Incoming connection from 5151, user 501/501
2026-07-02 00:07:43.371823+0200 0x12e71    Default     0x9d915              4914   0    runningboardd: (RunningBoard) [com.apple.runningboard:general] Client HWM C 113(113) P 136(136) A 37(174) M 18(18)
2026-07-02 00:07:43.371836+0200 0x12e71    Default     0x9d915              4914   0    runningboardd: (libxpc.dylib) [com.apple.xpc:connection] [0x10593a280] activating connection: mach=false listener=false peer=true name=com.apple.runningboard.peer[5151].0x10593a280
2026-07-02 00:07:43.371881+0200 0x12e71    Activity    0x9d916              4914   0    runningboardd: (RunningBoard) handshakeWithRequest
2026-07-02 00:07:43.371894+0200 0x12e71    Default     0x9d916              4914   0    runningboardd: (RunningBoard) [com.apple.runningboard:connection] Setting client for [xpcservice<com.apple.mobileslideshow.PhotosFileProvider([osservice<com.apple.FileProvider>:5145])>{vt hash: 72978104}[uuid:45A03CAB-690E-4CDE-A2BE-965B013CC6D7]{definition:com.apple.mobileslideshow.PhotosFileProvider[extension][client]}:5151] as ready
2026-07-02 00:07:43.371910+0200 0x12e71    Default     0x9d916              4914   0    runningboardd: (RunningBoard) [com.apple.runningboard:connection] Received handshake request from 5151 with 0 assertion descriptors
2026-07-02 00:07:43.371926+0200 0x12e71    Default     0x9d916              4914   0    runningboardd: (RunningBoard) [com.apple.runningboard:connection] Handshake successful with 5151; sending response
2026-07-02 00:07:43.372736+0200 0x12e71    Activity    0x9d917              4914   0    runningboardd: (RunningBoard) hostProcessForInstance
2026-07-02 00:07:44.178570+0200 0x13004    Default     0x0                  5035   0    SpringBoard: (libxpc.dylib) [com.apple.xpc:connection] [0x11a994900] invalidated because the client process (pid 5127) either cancelled the connection or exited
2026-07-02 00:07:44.178663+0200 0x13004    Error       0x0                  5035   0    SpringBoard: (BoardServices) [com.apple.BoardServices:XPCErrors] [S:3d] Error received: Connection invalidated.
2026-07-02 00:07:47.101762+0200 0x13004    Default     0x0                  5035   0    SpringBoard: (libxpc.dylib) [com.apple.xpc:connection] [0x11f3ab000] invalidated because the client process (pid 5142) either cancelled the connection or exited
2026-07-02 00:07:47.101861+0200 0x13004    Error       0x0                  5035   0    SpringBoard: (BoardServices) [com.apple.BoardServices:XPCErrors] [S:3e] Error received: Connection invalidated.
2026-07-02 00:07:47.260420+0200 0x12e71    Activity    0x9d918              4914   0    runningboardd: (RunningBoard) timer
2026-07-02 00:07:47.260602+0200 0x12e71    Default     0x9d918              4914   0    runningboardd: (RunningBoard) [com.apple.runningboard:assertion] Assertion did invalidate due to timeout: 4914-4914-646 (target:[app<com.apple.chrono.WidgetRenderer-Default((null))>:5062])
2026-07-02 00:07:47.459507+0200 0x12da5    Activity    0x9d919              4914   0    runningboardd: (RunningBoard) state update
2026-07-02 00:07:47.459733+0200 0x12da5    Activity    0x9d91a              4914   0    runningboardd: (RunningBoard) state notification
2026-07-02 00:07:47.459985+0200 0x12e67    Default     0x9d91a              4914   0    runningboardd: (RunningBoard) [com.apple.runningboard:monitor] Calculated state for app<com.apple.chrono.WidgetRenderer-Default((null))>: running-suspended (role: None) (endowments: (null))
2026-07-02 00:07:47.460011+0200 0x12e71    Default     0x9d91a              4914   7    runningboardd: (RunningBoard) [com.apple.runningboard:ttl] [app<com.apple.chrono.WidgetRenderer-Default((null))>:5062] Suspending task.
2026-07-02 00:07:47.460698+0200 0x130e5    Activity    0x9d921              5035   0    SpringBoard: (RunningBoardServices) observedProcessStatesDidChange
2026-07-02 00:07:47.460835+0200 0x130e5    Default     0x9d921              5035   0    SpringBoard: (RunningBoardServices) [com.apple.runningboard:monitor] Received state update for 5062 (app<com.apple.chrono.WidgetRenderer-Default((null))>, running-suspended-NotVisible
2026-07-02 00:07:47.461110+0200 0x12da5    Activity    0x9d91b              4914   0    runningboardd: (RunningBoard) statesForPredicate
2026-07-02 00:07:47.461695+0200 0x13006    Default     0x9d921              5035   0    SpringBoard: (FrontBoard) [com.apple.FrontBoard:Process] [app<com.apple.chrono.WidgetRenderer-Default>:5062] Setting process task state to: Suspended
2026-07-02 00:07:47.461805+0200 0x127e2    Default     0x9d921              5035   0    SpringBoard: (SpringBoard) [com.apple.SpringBoard:Common] Application process state changed for com.apple.chrono.WidgetRenderer-Default: <SBApplicationProcessState: 0x117a01fe0; pid: 5062; taskState: Suspended; visibility: Background>
2026-07-02 00:07:47.462138+0200 0x130e5    Default     0x9d921              5035   2    SpringBoard: (UserNotificationsCore) [com.apple.UserNotifications:RemoteNotifications] [com.apple.chrono.WidgetRenderer-Default] com.apple.chrono.WidgetRenderer-Default application state changed to <RBSProcessState| task:running-suspended debug:none>
2026-07-02 00:07:47.466724+0200 0x12e71    Error       0x9d91a              4914   0    runningboardd: (RunningBoard) [com.apple.runningboard:process] [app<com.apple.chrono.WidgetRenderer-Default((null))>:5062] pid_suspend() failed with error 1: Operation not permitted
2026-07-02 00:07:47.466763+0200 0x12e71    Default     0x9d91a              4914   7    runningboardd: (RunningBoard) [com.apple.runningboard:ttl] [app<com.apple.chrono.WidgetRenderer-Default((null))>:5062] Set darwin role to: None
2026-07-02 00:07:48.797075+0200 0x12e71    Activity    0x9d91c              4914   0    runningboardd: (RunningBoard) invalidateAssertionWithIdentifier
2026-07-02 00:07:48.797122+0200 0x12e71    Default     0x9d91c              4914   7    runningboardd: (RunningBoard) [com.apple.runningboard:ttl] Invalidating assertion 4914-5145-665 (target:[xpcservice<com.apple.mobileslideshow.PhotosFileProvider([osservice<com.apple.FileProvider>:5145])>{vt hash: 72978104}[uuid:4525AC4F-7632-499D-83B9-E16EB1E753AA]{definition:com.apple.mobileslideshow.PhotosFileProvider[extension][client]}:5150]) from originator [osservice<com.apple.FileProvider>:5145]
2026-07-02 00:07:48.797410+0200 0x12e68    Activity    0x9d91d              4914   0    runningboardd: (RunningBoard) invalidateAssertionWithIdentifier
2026-07-02 00:07:48.797455+0200 0x12e68    Default     0x9d91d              4914   7    runningboardd: (RunningBoard) [com.apple.runningboard:ttl] Invalidating assertion 4914-5145-667 (target:[xpcservice<com.apple.mobileslideshow.PhotosFileProvider([osservice<com.apple.FileProvider>:5145])>{vt hash: 72978104}[uuid:4525AC4F-7632-499D-83B9-E16EB1E753AA]{definition:com.apple.mobileslideshow.PhotosFileProvider[extension][client]}:5150]) from originator [osservice<com.apple.FileProvider>:5145]
2026-07-02 00:07:48.797531+0200 0x12e68    Activity    0x9d91e              4914   0    runningboardd: (RunningBoard) invalidateAssertionWithIdentifier
2026-07-02 00:07:48.797594+0200 0x12e68    Default     0x9d91e              4914   7    runningboardd: (RunningBoard) [com.apple.runningboard:ttl] Invalidating assertion 4914-5145-669 (target:[xpcservice<com.apple.mobileslideshow.PhotosFileProvider([osservice<com.apple.FileProvider>:5145])>{vt hash: 72978104}[uuid:45A03CAB-690E-4CDE-A2BE-965B013CC6D7]{definition:com.apple.mobileslideshow.PhotosFileProvider[extension][client]}:5151]) from originator [osservice<com.apple.FileProvider>:5145]
2026-07-02 00:07:48.797744+0200 0x12e68    Activity    0x9d91f              4914   0    runningboardd: (RunningBoard) invalidateAssertionWithIdentifier
2026-07-02 00:07:48.797797+0200 0x12e68    Default     0x9d91f              4914   7    runningboardd: (RunningBoard) [com.apple.runningboard:ttl] Invalidating assertion 4914-5145-671 (target:[xpcservice<com.apple.mobileslideshow.PhotosFileProvider([osservice<com.apple.FileProvider>:5145])>{vt hash: 72978104}[uuid:45A03CAB-690E-4CDE-A2BE-965B013CC6D7]{definition:com.apple.mobileslideshow.PhotosFileProvider[extension][client]}:5151]) from originator [osservice<com.apple.FileProvider>:5145]
2026-07-02 00:07:48.995002+0200 0x12e68    Default     0x9d91c              4914   0    runningboardd: (RunningBoard) [com.apple.runningboard:assertion] Removed last relative-start-date-defining assertion for process xpcservice<com.apple.mobileslideshow.PhotosFileProvider([osservice<com.apple.FileProvider>:5145])>{vt hash: 72978104}[uuid:45A03CAB-690E-4CDE-A2BE-965B013CC6D7]{definition:com.apple.mobileslideshow.PhotosFileProvider[extension][client]}
2026-07-02 00:07:48.995047+0200 0x12e68    Default     0x9d91c              4914   0    runningboardd: (RunningBoard) [com.apple.runningboard:assertion] Removed last relative-start-date-defining assertion for process xpcservice<com.apple.mobileslideshow.PhotosFileProvider([osservice<com.apple.FileProvider>:5145])>{vt hash: 72978104}[uuid:4525AC4F-7632-499D-83B9-E16EB1E753AA]{definition:com.apple.mobileslideshow.PhotosFileProvider[extension][client]}
2026-07-02 00:07:48.995112+0200 0x12e68    Activity    0x9dac0              4914   0    runningboardd: (RunningBoard) state update
2026-07-02 00:07:48.995536+0200 0x12e68    Activity    0x9dac1              4914   0    runningboardd: (RunningBoard) state notification
2026-07-02 00:07:48.995832+0200 0x12e68    Default     0x9dac1              4914   0    runningboardd: (RunningBoard) [com.apple.runningboard:monitor] Calculated state for xpcservice<com.apple.mobileslideshow.PhotosFileProvider([osservice<com.apple.FileProvider>:5145])>{vt hash: 72978104}[uuid:45A03CAB-690E-4CDE-A2BE-965B013CC6D7]{definition:com.apple.mobileslideshow.PhotosFileProvider[extension][client]}: running-suspended (role: None) (endowments: (null))
2026-07-02 00:07:48.995836+0200 0x12e71    Default     0x9dac1              4914   0    runningboardd: (RunningBoard) [com.apple.runningboard:process] [xpcservice<com.apple.mobileslideshow.PhotosFileProvider([osservice<com.apple.FileProvider>:5145])>{vt hash: 72978104}[uuid:4525AC4F-7632-499D-83B9-E16EB1E753AA]{definition:com.apple.mobileslideshow.PhotosFileProvider[extension][client]}:5150] Ignoring suspend because this process is simulated and has background audio capabilities
2026-07-02 00:07:48.995903+0200 0x12e71    Default     0x9dac1              4914   0    runningboardd: (RunningBoard) [com.apple.runningboard:process] [xpcservice<com.apple.mobileslideshow.PhotosFileProvider([osservice<com.apple.FileProvider>:5145])>{vt hash: 72978104}[uuid:4525AC4F-7632-499D-83B9-E16EB1E753AA]{definition:com.apple.mobileslideshow.PhotosFileProvider[extension][client]}:5150] Result 45 setting darwin role to None: Operation not supported, falling back to setting priority
2026-07-02 00:07:48.995943+0200 0x12e68    Default     0x9dac1              4914   0    runningboardd: (RunningBoard) [com.apple.runningboard:monitor] Calculated state for xpcservice<com.apple.mobileslideshow.PhotosFileProvider([osservice<com.apple.FileProvider>:5145])>{vt hash: 72978104}[uuid:4525AC4F-7632-499D-83B9-E16EB1E753AA]{definition:com.apple.mobileslideshow.PhotosFileProvider[extension][client]}: running-suspended (role: None) (endowments: (null))
2026-07-02 00:07:48.995974+0200 0x12e71    Default     0x9dac1              4914   7    runningboardd: (RunningBoard) [com.apple.runningboard:ttl] [xpcservice<com.apple.mobileslideshow.PhotosFileProvider([osservice<com.apple.FileProvider>:5145])>{vt hash: 72978104}[uuid:4525AC4F-7632-499D-83B9-E16EB1E753AA]{definition:com.apple.mobileslideshow.PhotosFileProvider[extension][client]}:5150] Set darwin priority to: PRIO_DARWIN_BG
2026-07-02 00:07:48.996005+0200 0x12e71    Default     0x9dac1              4914   0    runningboardd: (RunningBoard) [com.apple.runningboard:process] [xpcservice<com.apple.mobileslideshow.PhotosFileProvider([osservice<com.apple.FileProvider>:5145])>{vt hash: 72978104}[uuid:45A03CAB-690E-4CDE-A2BE-965B013CC6D7]{definition:com.apple.mobileslideshow.PhotosFileProvider[extension][client]}:5151] Ignoring suspend because this process is simulated and has background audio capabilities
2026-07-02 00:07:48.996058+0200 0x12e71    Default     0x9dac1              4914   0    runningboardd: (RunningBoard) [com.apple.runningboard:process] [xpcservice<com.apple.mobileslideshow.PhotosFileProvider([osservice<com.apple.FileProvider>:5145])>{vt hash: 72978104}[uuid:45A03CAB-690E-4CDE-A2BE-965B013CC6D7]{definition:com.apple.mobileslideshow.PhotosFileProvider[extension][client]}:5151] Result 45 setting darwin role to None: Operation not supported, falling back to setting priority
2026-07-02 00:07:48.996164+0200 0x12e71    Default     0x9dac1              4914   7    runningboardd: (RunningBoard) [com.apple.runningboard:ttl] [xpcservice<com.apple.mobileslideshow.PhotosFileProvider([osservice<com.apple.FileProvider>:5145])>{vt hash: 72978104}[uuid:45A03CAB-690E-4CDE-A2BE-965B013CC6D7]{definition:com.apple.mobileslideshow.PhotosFileProvider[extension][client]}:5151] Set darwin priority to: PRIO_DARWIN_BG
2026-07-02 00:07:48.996177+0200 0x13006    Activity    0x9d922              5035   0    SpringBoard: (RunningBoardServices) observedProcessStatesDidChange
2026-07-02 00:07:48.996317+0200 0x13006    Default     0x9d922              5035   0    SpringBoard: (RunningBoardServices) [com.apple.runningboard:monitor] Received state update for 5151 (xpcservice<com.apple.mobileslideshow.PhotosFileProvider([osservice<com.apple.FileProvider>:5145])>{vt hash: 72978104}[uuid:45A03CAB-690E-4CDE-A2BE-965B013CC6D7]{definition:com.apple.mobileslideshow.PhotosFileProvider[extension][client]}, running-suspended-NotVisible
2026-07-02 00:07:48.996633+0200 0x13006    Activity    0x9d923              5035   0    SpringBoard: (RunningBoardServices) observedProcessStatesDidChange
2026-07-02 00:07:48.996747+0200 0x13006    Default     0x9d923              5035   0    SpringBoard: (RunningBoardServices) [com.apple.runningboard:monitor] Received state update for 5150 (xpcservice<com.apple.mobileslideshow.PhotosFileProvider([osservice<com.apple.FileProvider>:5145])>{vt hash: 72978104}[uuid:4525AC4F-7632-499D-83B9-E16EB1E753AA]{definition:com.apple.mobileslideshow.PhotosFileProvider[extension][client]}, running-suspended-NotVisible
2026-07-02 00:07:48.996779+0200 0x12e71    Activity    0x9dac2              4914   0    runningboardd: (RunningBoard) statesForPredicate
2026-07-02 00:07:48.997992+0200 0x12da4    Activity    0x9dac3              4914   0    runningboardd: (RunningBoard) statesForPredicate
